date,stock_id,name,market,open,high,low,close,volume,amount,change,limit,shares,transactions,price_basis
2022-04-21,00905,FT臺灣Smart,twse,9.92,10.04,9.92,10.00,18632471,186277395,0.01,,,3782,
2022-04-22,00905,FT臺灣Smart,twse,9.94,9.94,9.87,9.92,11766465,116597723,-0.08,,,3216,
2022-04-25,00905,FT臺灣Smart,twse,9.81,9.81,9.65,9.67,9274546,90011072,-0.25,,,3220,
2022-04-26,00905,FT臺灣Smart,twse,9.73,9.74,9.64,9.67,5775611,55872199,0.0,,,1494,
2022-04-27,00905,FT臺灣Smart,twse,9.50,9.51,9.41,9.48,8699053,82301808,-0.19,,,2281,
2022-04-28,00905,FT臺灣Smart,twse,9.50,9.59,9.46,9.56,4595380,43813061,0.08,,,1079,
2022-04-29,00905,FT臺灣Smart,twse,9.72,9.73,9.65,9.68,4607797,44643299,0.12,,,926,
2022-05-03,00905,FT臺灣Smart,twse,9.68,9.70,9.60,9.63,4779021,46004254,-0.05,,,1303,
2022-05-04,00905,FT臺灣Smart,twse,9.68,9.70,9.65,9.65,1493811,14444758,0.02,,,678,
2022-05-05,00905,FT臺灣Smart,twse,9.76,9.80,9.75,9.77,3172769,31029094,0.12,,,772,
2022-05-06,00905,FT臺灣Smart,twse,9.62,9.62,9.55,9.62,3512073,33651782,-0.15,,,1160,
2022-05-09,00905,FT臺灣Smart,twse,9.58,9.58,9.45,9.45,5506214,52218819,-0.17,,,1584,
2022-05-10,00905,FT臺灣Smart,twse,9.31,9.46,9.28,9.45,5698994,53386637,0.0,,,1000,
2022-05-11,00905,FT臺灣Smart,twse,9.45,9.46,9.38,9.43,3678203,34641431,-0.02,,,557,
2022-05-12,00905,FT臺灣Smart,twse,9.39,9.39,9.22,9.22,4272619,39709937,-0.21,,,1563,
2022-05-13,00905,FT臺灣Smart,twse,9.27,9.36,9.27,9.35,4226386,39441172,0.13,,,439,
2022-05-16,00905,FT臺灣Smart,twse,9.41,9.46,9.34,9.38,2209486,20771582,0.03,,,482,
2022-05-17,00905,FT臺灣Smart,twse,9.40,9.47,9.40,9.45,1773862,16750847,0.07,,,336,
2022-05-18,00905,FT臺灣Smart,twse,9.55,9.57,9.51,9.55,3000453,28654969,0.1,,,470,
2022-05-19,00905,FT臺灣Smart,twse,9.45,9.45,9.33,9.41,2916506,27373331,-0.14,,,666,
2022-05-20,00905,FT臺灣Smart,twse,9.43,9.51,9.43,9.49,1541608,14625579,0.08,,,327,
2022-05-23,00905,FT臺灣Smart,twse,9.55,9.56,9.47,9.51,2105866,20054080,0.02,,,336,
2022-05-24,00905,FT臺灣Smart,twse,9.51,9.57,9.38,9.39,1697192,16064560,-0.12,,,569,
2022-05-25,00905,FT臺灣Smart,twse,9.47,9.51,9.40,9.49,1460981,13829460,0.1,,,260,
2022-05-26,00905,FT臺灣Smart,twse,9.51,9.54,9.39,9.39,1109950,10470711,-0.1,,,408,
2022-05-27,00905,FT臺灣Smart,twse,9.47,9.54,9.47,9.53,1375694,13102283,0.14,,,285,
2022-05-30,00905,FT臺灣Smart,twse,9.60,9.71,9.60,9.71,2301467,22256819,0.18,,,543,
2022-05-31,00905,FT臺灣Smart,twse,9.71,9.78,9.66,9.78,2373303,23059769,0.07,,,423,
2022-06-01,00905,FT臺灣Smart,twse,9.77,9.85,9.76,9.79,2740592,26881255,0.01,,,501,
2022-06-02,00905,FT臺灣Smart,twse,9.74,9.76,9.72,9.72,1508640,14688815,-0.07,,,339,
2022-06-06,00905,FT臺灣Smart,twse,9.73,9.80,9.70,9.77,2496528,24321289,0.05,,,334,
2022-06-07,00905,FT臺灣Smart,twse,9.73,9.73,9.66,9.70,1183341,11481945,-0.07,,,315,
2022-06-08,00905,FT臺灣Smart,twse,9.76,9.81,9.76,9.78,1405932,13771582,0.08,,,302,
2022-06-09,00905,FT臺灣Smart,twse,9.74,9.76,9.73,9.75,1311965,12790390,-0.03,,,225,
2022-06-10,00905,FT臺灣Smart,twse,9.64,9.68,9.62,9.66,1306061,12608286,-0.09,,,346,
2022-06-13,00905,FT臺灣Smart,twse,9.46,9.46,9.40,9.40,2451394,23077307,-0.26,,,993,
2022-06-14,00905,FT臺灣Smart,twse,9.34,9.41,9.29,9.40,2284368,21315642,0.0,,,622,
2022-06-15,00905,FT臺灣Smart,twse,9.40,9.43,9.34,9.35,1583188,14831075,-0.05,,,369,
2022-06-16,00905,FT臺灣Smart,twse,9.48,9.51,9.26,9.27,2921222,27462373,-0.08,,,655,
2022-06-17,00905,FT臺灣Smart,twse,9.18,9.20,9.11,9.16,3571553,32650173,-0.11,,,1047,
2022-06-20,00905,FT臺灣Smart,twse,9.16,9.16,9.00,9.00,3952210,35704755,-0.16,,,1164,
2022-06-21,00905,FT臺灣Smart,twse,9.09,9.19,9.05,9.19,1682229,15332374,0.19,,,348,
2022-06-22,00905,FT臺灣Smart,twse,9.17,9.17,8.96,8.97,3198938,28789955,-0.22,,,1048,
2022-06-23,00905,FT臺灣Smart,twse,8.97,8.98,8.78,8.82,4867900,43168247,-0.15,,,1152,
2022-06-24,00905,FT臺灣Smart,twse,8.98,8.98,8.87,8.88,2125284,18944572,0.06,,,391,
2022-06-27,00905,FT臺灣Smart,twse,9.02,9.12,9.02,9.07,1744901,15850454,0.19,,,395,
2022-06-28,00905,FT臺灣Smart,twse,9.07,9.07,8.95,8.99,1571981,14123673,-0.08,,,303,
2022-06-29,00905,FT臺灣Smart,twse,8.90,8.97,8.90,8.91,1590064,14196625,-0.08,,,329,
2022-06-30,00905,FT臺灣Smart,twse,8.85,8.85,8.66,8.67,3045269,26532393,-0.24,,,1067,
2022-07-01,00905,FT臺灣Smart,twse,8.67,8.67,8.36,8.37,4920455,41780454,-0.3,,,1248,
2022-07-04,00905,FT臺灣Smart,twse,8.37,8.43,8.27,8.31,3507239,29262579,-0.06,,,588,
2022-07-05,00905,FT臺灣Smart,twse,8.48,8.50,8.20,8.36,5027850,41697657,0.05,,,466,
2022-07-06,00905,FT臺灣Smart,twse,8.36,8.36,8.15,8.17,3076462,25303188,-0.19,,,641,
2022-07-07,00905,FT臺灣Smart,twse,8.26,8.38,8.12,8.37,3227553,26687368,0.2,,,426,
2022-07-08,00905,FT臺灣Smart,twse,8.54,8.54,8.42,8.49,1937321,16460482,0.12,,,330,
2022-07-11,00905,FT臺灣Smart,twse,8.49,8.50,8.38,8.41,1244137,10501074,-0.08,,,233,
2022-07-12,00905,FT臺灣Smart,twse,8.32,8.32,8.14,8.17,1714592,14039900,-0.24,,,526,
2022-07-13,00905,FT臺灣Smart,twse,8.37,8.45,8.36,8.38,2247967,18856453,0.21,,,330,
2022-07-14,00905,FT臺灣Smart,twse,8.30,8.46,8.29,8.44,529543,4460136,0.06,,,216,
2022-07-15,00905,FT臺灣Smart,twse,8.46,8.56,8.44,8.53,891789,7590994,0.09,,,309,
2022-07-18,00905,FT臺灣Smart,twse,8.59,8.63,8.57,8.61,745053,6415467,0.08,,,225,
2022-07-19,00905,FT臺灣Smart,twse,8.61,8.65,8.59,8.64,906444,7824825,0.03,,,247,
2022-07-20,00905,FT臺灣Smart,twse,8.75,8.78,8.66,8.68,2070520,18082107,0.04,,,426,
2022-07-21,00905,FT臺灣Smart,twse,8.70,8.79,8.69,8.79,534723,4674603,0.11,,,261,
2022-07-22,00905,FT臺灣Smart,twse,8.81,8.86,8.79,8.80,641856,5658750,0.01,,,280,
2022-07-25,00905,FT臺灣Smart,twse,8.76,8.80,8.74,8.79,2751099,24163932,-0.01,,,267,
2022-07-26,00905,FT臺灣Smart,twse,8.77,8.77,8.68,8.70,474841,4134103,-0.09,,,282,
2022-07-27,00905,FT臺灣Smart,twse,8.71,8.76,8.65,8.76,587025,5108776,0.06,,,198,
2022-07-28,00905,FT臺灣Smart,twse,8.86,8.86,8.76,8.78,412210,3628195,0.02,,,196,
2022-07-29,00905,FT臺灣Smart,twse,8.87,8.88,8.81,8.81,833441,7367298,0.03,,,229,
2022-08-01,00905,FT臺灣Smart,twse,8.84,8.84,8.78,8.83,808060,7125761,0.02,,,234,
2022-08-02,00905,FT臺灣Smart,twse,8.74,8.74,8.65,8.69,863013,7491559,-0.14,,,393,
2022-08-03,00905,FT臺灣Smart,twse,8.72,8.73,8.66,8.69,437994,3804799,0.0,,,200,
2022-08-04,00905,FT臺灣Smart,twse,8.69,8.72,8.60,8.70,1397306,12096444,0.01,,,275,
2022-08-05,00905,FT臺灣Smart,twse,8.81,8.90,8.81,8.88,1744116,15436980,0.18,,,379,
2022-08-08,00905,FT臺灣Smart,twse,8.83,8.88,8.81,8.87,1313918,11625663,-0.01,,,239,
2022-08-09,00905,FT臺灣Smart,twse,8.84,8.90,8.79,8.88,796297,7052654,0.01,,,248,
2022-08-10,00905,FT臺灣Smart,twse,8.77,8.84,8.77,8.80,511965,4506011,-0.08,,,235,
2022-08-11,00905,FT臺灣Smart,twse,8.95,8.98,8.91,8.96,726568,6507993,0.16,,,271,
2022-08-12,00905,FT臺灣Smart,twse,8.99,9.07,8.99,9.06,832310,7518950,0.1,,,316,
2022-08-15,00905,FT臺灣Smart,twse,9.08,9.16,9.08,9.15,1219381,11123088,0.09,,,359,
2022-08-16,00905,FT臺灣Smart,twse,9.17,9.17,9.13,9.14,738890,6755181,-0.01,,,272,
2022-08-17,00905,FT臺灣Smart,twse,9.14,9.15,9.12,9.15,834873,7631098,0.01,,,240,
2022-08-18,00905,FT臺灣Smart,twse,9.09,9.12,9.06,9.11,600902,5456698,-0.04,,,275,
2022-08-19,00905,FT臺灣Smart,twse,9.12,9.17,9.10,9.14,513615,4696375,0.03,,,218,
2022-08-22,00905,FT臺灣Smart,twse,9.07,9.07,9.02,9.04,491700,4447554,-0.1,,,314,
2022-08-23,00905,FT臺灣Smart,twse,8.96,8.98,8.93,8.94,451979,4044193,-0.1,,,369,
2022-08-24,00905,FT臺灣Smart,twse,8.94,8.98,8.90,8.92,455359,4067771,-0.02,,,259,
2022-08-25,00905,FT臺灣Smart,twse,8.99,9.03,8.97,8.99,692733,6229167,0.07,,,197,
2022-08-26,00905,FT臺灣Smart,twse,9.05,9.07,9.03,9.03,445388,4029388,0.04,,,251,
2022-08-29,00905,FT臺灣Smart,twse,8.82,8.84,8.76,8.81,1216443,10708037,-0.22,,,540,
2022-08-30,00905,FT臺灣Smart,twse,8.82,8.87,8.79,8.83,574392,5065171,0.02,,,230,
2022-08-31,00905,FT臺灣Smart,twse,8.77,8.90,8.76,8.90,404264,3572982,0.07,,,218,
2022-09-01,00905,FT臺灣Smart,twse,8.77,8.77,8.68,8.72,1465059,12767531,-0.18,,,648,
2022-09-02,00905,FT臺灣Smart,twse,8.72,8.72,8.63,8.63,1114727,9660665,-0.09,,,550,
2022-09-05,00905,FT臺灣Smart,twse,8.63,8.68,8.59,8.62,775717,6687918,-0.01,,,318,
2022-09-06,00905,FT臺灣Smart,twse,8.68,8.68,8.58,8.62,629518,5419961,0.0,,,279,
2022-09-07,00905,FT臺灣Smart,twse,8.52,8.53,8.44,8.45,1473534,12468258,-0.17,,,612,
2022-09-08,00905,FT臺灣Smart,twse,8.53,8.54,8.47,8.53,591876,5034307,0.08,,,243,
2022-09-12,00905,FT臺灣Smart,twse,8.71,8.71,8.67,8.68,654857,5690566,0.15,,,266,
2022-09-13,00905,FT臺灣Smart,twse,8.73,8.75,8.68,8.72,338348,2947950,0.04,,,224,
2022-09-14,00905,FT臺灣Smart,twse,8.50,8.59,8.50,8.57,924412,7912039,-0.15,,,396,
2022-09-15,00905,FT臺灣Smart,twse,8.57,8.61,8.54,8.59,500167,4295504,0.02,,,242,
2022-09-16,00905,FT臺灣Smart,twse,8.54,8.54,8.48,8.49,440339,3741838,-0.1,,,434,
2022-09-19,00905,FT臺灣Smart,twse,8.54,8.54,8.46,8.48,2276980,19413534,-0.01,,,340,
2022-09-20,00905,FT臺灣Smart,twse,8.52,8.54,8.49,8.54,248798,2118494,0.06,,,179,
2022-09-21,00905,FT臺灣Smart,twse,8.51,8.51,8.46,8.47,337289,2860572,-0.07,,,306,
2022-09-22,00905,FT臺灣Smart,twse,8.38,8.40,8.30,8.38,544168,4533800,-0.09,,,449,
2022-09-23,00905,FT臺灣Smart,twse,8.31,8.35,8.28,8.31,966238,8030861,-0.07,,,499,
2022-09-26,00905,FT臺灣Smart,twse,8.21,8.21,8.10,8.13,1342153,10925710,-0.18,,,888,
2022-09-27,00905,FT臺灣Smart,twse,8.13,8.14,8.09,8.13,739829,6004224,0.0,,,350,
2022-09-28,00905,FT臺灣Smart,twse,8.13,8.13,7.93,7.93,1631425,13029727,-0.2,,,906,
2022-09-29,00905,FT臺灣Smart,twse,7.95,8.02,7.90,7.93,684603,5443632,0.0,,,420,
2022-09-30,00905,FT臺灣Smart,twse,7.88,7.89,7.78,7.88,1094799,8583660,-0.05,,,423,
2022-10-03,00905,FT臺灣Smart,twse,7.81,7.87,7.75,7.79,697087,5428510,-0.09,,,406,
2022-10-04,00905,FT臺灣Smart,twse,7.94,7.99,7.92,7.96,874617,6957607,0.17,,,285,
2022-10-05,00905,FT臺灣Smart,twse,8.10,8.16,8.08,8.11,713252,5792741,0.15,,,330,
2022-10-06,00905,FT臺灣Smart,twse,8.14,8.14,8.11,8.14,250921,2038817,0.03,,,210,
2022-10-07,00905,FT臺灣Smart,twse,8.12,8.12,8.03,8.04,257722,2078990,-0.1,,,259,
2022-10-11,00905,FT臺灣Smart,twse,7.95,7.95,7.73,7.74,1488119,11568347,-0.3,,,739,
2022-10-12,00905,FT臺灣Smart,twse,7.74,7.74,7.64,7.69,1018337,7813816,-0.05,,,433,
2022-10-13,00905,FT臺灣Smart,twse,7.68,7.69,7.53,7.54,808952,6150621,-0.15,,,492,
2022-10-14,00905,FT臺灣Smart,twse,7.69,7.79,7.69,7.76,618250,4797926,0.22,,,241,
2022-10-17,00905,FT臺灣Smart,twse,7.67,7.68,7.57,7.68,567803,4331140,-0.08,,,343,
2022-10-18,00905,FT臺灣Smart,twse,7.74,7.78,7.68,7.76,585248,4518293,0.08,,,231,
2022-10-19,00905,FT臺灣Smart,twse,7.78,7.80,7.70,7.71,250847,1943364,-0.05,,,282,
2022-10-20,00905,FT臺灣Smart,twse,7.62,7.66,7.52,7.66,537618,4063341,-0.05,,,321,
2022-10-21,00905,FT臺灣Smart,twse,7.66,7.69,7.60,7.60,438850,3359840,-0.06,,,299,
2022-10-24,00905,FT臺灣Smart,twse,7.73,7.75,7.63,7.63,673744,5181274,0.03,,,249,
2022-10-25,00905,FT臺灣Smart,twse,7.63,7.63,7.50,7.53,579926,4379159,-0.1,,,319,
2022-10-26,00905,FT臺灣Smart,twse,7.55,7.57,7.50,7.54,333505,2510212,0.01,,,230,
2022-10-27,00905,FT臺灣Smart,twse,7.57,7.66,7.57,7.65,532677,4068987,0.11,,,202,
2022-10-28,00905,FT臺灣Smart,twse,7.61,7.61,7.54,7.56,294382,2230691,-0.09,,,281,
2022-10-31,00905,FT臺灣Smart,twse,7.66,7.68,7.59,7.64,688200,5254986,0.08,,,203,
2022-11-01,00905,FT臺灣Smart,twse,7.64,7.72,7.63,7.67,336588,2585265,0.03,,,213,
2022-11-02,00905,FT臺灣Smart,twse,7.67,7.74,7.67,7.73,361396,2788865,0.06,,,217,
2022-11-03,00905,FT臺灣Smart,twse,7.67,7.69,7.64,7.68,325382,2491249,-0.05,,,275,
2022-11-04,00905,FT臺灣Smart,twse,7.65,7.71,7.62,7.70,184710,1416672,0.02,,,161,
2022-11-07,00905,FT臺灣Smart,twse,7.77,7.84,7.74,7.81,426593,3323058,0.11,,,255,
2022-11-08,00905,FT臺灣Smart,twse,7.87,7.92,7.87,7.88,281401,2221775,0.07,,,246,
2022-11-09,00905,FT臺灣Smart,twse,7.93,8.06,7.93,8.05,690210,5534264,0.17,,,264,
2022-11-10,00905,FT臺灣Smart,twse,8.03,8.03,7.99,8.00,957318,7667818,-0.05,,,278,
2022-11-11,00905,FT臺灣Smart,twse,8.32,8.35,8.26,8.32,1071243,8908939,0.32,,,391,
2022-11-14,00905,FT臺灣Smart,twse,8.36,8.42,8.32,8.38,798377,6683147,0.06,,,299,
2022-11-15,00905,FT臺灣Smart,twse,8.45,8.65,8.44,8.63,1803820,15480509,0.25,,,455,
2022-11-16,00905,FT臺灣Smart,twse,8.75,8.76,8.58,8.64,1102012,9516490,0.01,,,336,
2022-11-17,00905,FT臺灣Smart,twse,8.64,8.66,8.55,8.65,575415,4951391,0.01,,,254,
2022-11-18,00905,FT臺灣Smart,twse,8.66,8.75,8.60,8.61,485705,4205214,-0.04,,,274,
2022-11-21,00905,FT臺灣Smart,twse,8.65,8.66,8.59,8.59,221097,1905542,-0.02,,,226,
2022-11-22,00905,FT臺灣Smart,twse,8.59,8.64,8.54,8.63,427696,3684981,0.04,,,214,
2022-11-23,00905,FT臺灣Smart,twse,8.68,8.72,8.68,8.71,379154,3297614,0.08,,,234,
2022-11-24,00905,FT臺灣Smart,twse,8.71,8.81,8.71,8.79,484786,4249663,0.08,,,306,
2022-11-25,00905,FT臺灣Smart,twse,8.82,8.82,8.78,8.78,478361,4206634,-0.01,,,238,
2022-11-28,00905,FT臺灣Smart,twse,8.70,8.70,8.63,8.65,743423,6436838,-0.13,,,256,
2022-11-29,00905,FT臺灣Smart,twse,8.63,8.71,8.56,8.71,821158,7089567,0.06,,,229,
2022-11-30,00905,FT臺灣Smart,twse,8.69,8.78,8.69,8.78,557576,4876876,0.07,,,221,
2022-12-01,00905,FT臺灣Smart,twse,8.91,8.99,8.88,8.89,970366,8678175,0.11,,,352,
2022-12-02,00905,FT臺灣Smart,twse,8.89,8.90,8.86,8.88,479887,4260716,-0.01,,,222,
2022-12-05,00905,FT臺灣Smart,twse,8.90,8.95,8.88,8.88,436987,3893664,0.0,,,244,
2022-12-06,00905,FT臺灣Smart,twse,8.88,8.88,8.73,8.73,350802,3079383,-0.15,,,297,
2022-12-07,00905,FT臺灣Smart,twse,8.70,8.78,8.68,8.68,360770,3141454,-0.05,,,271,
2022-12-08,00905,FT臺灣Smart,twse,8.65,8.65,8.55,8.57,489945,4206086,-0.11,,,270,
2022-12-09,00905,FT臺灣Smart,twse,8.62,8.70,8.62,8.70,135091,1171482,0.13,,,180,
2022-12-12,00905,FT臺灣Smart,twse,8.64,8.64,8.56,8.60,447784,3843412,-0.1,,,221,
2022-12-13,00905,FT臺灣Smart,twse,8.61,8.64,8.58,8.61,277701,2389095,0.01,,,238,
2022-12-14,00905,FT臺灣Smart,twse,8.64,8.67,8.63,8.65,480478,4156606,0.04,,,191,
2022-12-15,00905,FT臺灣Smart,twse,8.63,8.70,8.62,8.66,518939,4482402,0.01,,,190,
2022-12-16,00905,FT臺灣Smart,twse,8.52,8.58,8.51,8.54,384132,3279591,-0.12,,,320,
2022-12-19,00905,FT臺灣Smart,twse,8.54,8.55,8.50,8.51,282894,2407394,-0.03,,,237,
2022-12-20,00905,FT臺灣Smart,twse,8.49,8.50,8.33,8.34,898356,7546676,-0.17,,,366,
2022-12-21,00905,FT臺灣Smart,twse,8.40,8.42,8.36,8.37,299404,2510317,0.03,,,163,
2022-12-22,00905,FT臺灣Smart,twse,8.47,8.50,8.45,8.48,292081,2474066,0.11,,,157,
2022-12-23,00905,FT臺灣Smart,twse,8.45,8.45,8.37,8.41,295910,2487520,-0.07,,,217,
2022-12-26,00905,FT臺灣Smart,twse,8.41,8.41,8.39,8.40,110375,927895,-0.01,,,135,
2022-12-27,00905,FT臺灣Smart,twse,8.45,8.47,8.43,8.43,109027,921451,0.03,,,149,
2022-12-28,00905,FT臺灣Smart,twse,8.38,8.38,8.28,8.30,490782,4080229,-0.13,,,355,
2022-12-29,00905,FT臺灣Smart,twse,8.25,8.29,8.22,8.29,318052,2622972,-0.01,,,228,
2022-12-30,00905,FT臺灣Smart,twse,8.37,8.38,8.33,8.33,363029,3029227,0.04,,,187,
2023-01-03,00905,FT臺灣Smart,twse,8.29,8.38,8.23,8.36,374358,3103785,0.03,,,209,
2023-01-04,00905,FT臺灣Smart,twse,8.39,8.39,8.34,8.36,544858,4553679,0.0,,,338,
2023-01-05,00905,FT臺灣Smart,twse,8.40,8.45,8.38,8.40,862640,7247453,0.04,,,280,
2023-01-06,00905,FT臺灣Smart,twse,8.41,8.48,8.41,8.47,745271,6291231,0.07,,,363,
2023-01-09,00905,FT臺灣Smart,twse,8.59,8.69,8.59,8.68,3166457,27381172,0.21,,,773,
2023-01-10,00905,FT臺灣Smart,twse,8.71,8.76,8.69,8.76,1809800,15796581,0.08,,,746,
2023-01-11,00905,FT臺灣Smart,twse,8.80,8.82,8.74,8.75,3931818,34459637,-0.01,,,1240,
2023-01-12,00905,FT臺灣Smart,twse,8.79,8.80,8.72,8.73,2709288,23705598,-0.02,,,1074,
2023-01-13,00905,FT臺灣Smart,twse,8.83,8.88,8.78,8.78,4406319,38825682,0.05,,,964,
2023-01-16,00905,FT臺灣Smart,twse,8.82,8.88,8.82,8.86,4837035,42835850,0.08,,,959,
2023-01-17,00905,FT臺灣Smart,twse,8.87,8.87,8.82,8.86,4475370,39573357,0.0,,,1080,
2023-01-30,00905,FT臺灣Smart,twse,9.23,9.23,9.08,9.19,5538417,50693388,0.33,,,1592,
2023-01-31,00905,FT臺灣Smart,twse,9.76,9.76,9.10,9.20,72690763,672874950,0.01,,,14736,
2023-02-01,00905,FT臺灣Smart,twse,9.00,9.00,8.82,8.87,19818431,175798596,0.0,,,5330,
2023-02-02,00905,FT臺灣Smart,twse,8.94,9.00,8.93,8.99,6559763,58817759,0.12,,,1748,
2023-02-03,00905,FT臺灣Smart,twse,8.99,9.00,8.94,8.98,4436995,39783971,-0.01,,,1333,
2023-02-06,00905,FT臺灣Smart,twse,8.95,8.95,8.86,8.89,4482946,39839103,-0.09,,,1786,
2023-02-07,00905,FT臺灣Smart,twse,8.88,8.89,8.85,8.88,2646225,23466445,-0.01,,,1190,
2023-02-08,00905,FT臺灣Smart,twse,8.95,9.00,8.93,8.99,3800766,34106215,0.11,,,1058,
2023-02-09,00905,FT臺灣Smart,twse,8.99,8.99,8.95,8.98,2406637,21585520,-0.01,,,692,
2023-02-10,00905,FT臺灣Smart,twse,8.99,8.99,8.93,8.95,2241546,20060567,-0.03,,,899,
2023-02-13,00905,FT臺灣Smart,twse,8.97,8.97,8.89,8.92,2628724,23446884,-0.03,,,878,
2023-02-14,00905,FT臺灣Smart,twse,8.98,8.99,8.95,8.98,2945547,26429808,0.06,,,730,
2023-02-15,00905,FT臺灣Smart,twse,8.92,8.93,8.85,8.87,5284886,46951704,-0.11,,,2104,
2023-02-16,00905,FT臺灣Smart,twse,8.88,8.94,8.88,8.93,1923917,17163165,0.06,,,658,
2023-02-17,00905,FT臺灣Smart,twse,8.89,8.91,8.86,8.90,2026945,17997792,-0.03,,,897,
2023-02-20,00905,FT臺灣Smart,twse,8.90,8.93,8.88,8.92,1409114,12558133,0.02,,,606,
2023-02-21,00905,FT臺灣Smart,twse,8.92,8.93,8.90,8.91,2177462,19405778,-0.01,,,735,
2023-02-22,00905,FT臺灣Smart,twse,8.87,8.87,8.81,8.86,3523295,31132005,-0.05,,,1589,
2023-02-23,00905,FT臺灣Smart,twse,8.87,8.99,8.87,8.96,3853737,34495904,0.1,,,939,
2023-02-24,00905,FT臺灣Smart,twse,8.99,9.02,8.92,8.93,2149492,19262002,-0.03,,,827,
2023-03-01,00905,FT臺灣Smart,twse,8.85,8.96,8.81,8.95,3770940,33568003,0.02,,,958,
2023-03-02,00905,FT臺灣Smart,twse,8.94,8.98,8.91,8.96,3044994,27264226,0.01,,,928,
2023-03-03,00905,FT臺灣Smart,twse,9.00,9.03,8.98,9.00,4508449,40613712,0.04,,,904,
2023-03-06,00905,FT臺灣Smart,twse,9.05,9.10,9.03,9.08,4562556,41370987,0.08,,,1304,
2023-03-07,00905,FT臺灣Smart,twse,9.09,9.14,9.05,9.11,3871125,35255001,0.03,,,1022,
2023-03-08,00905,FT臺灣Smart,twse,9.09,9.09,9.04,9.08,2975885,26965855,-0.03,,,1021,
2023-03-09,00905,FT臺灣Smart,twse,9.08,9.11,9.07,9.07,1782087,16195432,-0.01,,,657,
2023-03-10,00905,FT臺灣Smart,twse,8.99,8.99,8.92,8.94,6129834,54858472,-0.13,,,2236,
2023-03-13,00905,FT臺灣Smart,twse,8.90,8.97,8.85,8.97,3361812,29940399,0.03,,,1138,
2023-03-14,00905,FT臺灣Smart,twse,8.92,8.93,8.87,8.87,3208895,28526824,-0.1,,,1361,
2023-03-15,00905,FT臺灣Smart,twse,8.93,8.97,8.88,8.88,2273832,20286139,0.01,,,689,
2023-03-16,00905,FT臺灣Smart,twse,8.83,8.87,8.80,8.83,3368719,29749350,-0.05,,,1510,
2023-03-17,00905,FT臺灣Smart,twse,8.89,8.95,8.89,8.94,1365836,12190936,0.11,,,547,
2023-03-20,00905,FT臺灣Smart,twse,8.95,8.96,8.91,8.94,1246480,11137359,0.0,,,562,
2023-03-21,00905,FT臺灣Smart,twse,8.95,9.00,8.95,8.98,1678655,15069424,0.04,,,528,
2023-03-22,00905,FT臺灣Smart,twse,9.01,9.08,9.01,9.07,3674974,33307185,0.09,,,859,
2023-03-23,00905,FT臺灣Smart,twse,9.06,9.14,9.05,9.12,3656931,33283017,0.05,,,907,
2023-03-24,00905,FT臺灣Smart,twse,9.14,9.16,9.12,9.15,4440066,40610615,0.03,,,896,
2023-03-27,00905,FT臺灣Smart,twse,9.16,9.16,9.10,9.11,1940396,17695148,-0.04,,,730,
2023-03-28,00905,FT臺灣Smart,twse,9.12,9.12,9.03,9.04,1836436,16635969,-0.07,,,857,
2023-03-29,00905,FT臺灣Smart,twse,9.07,9.09,9.01,9.05,1452934,13145407,0.01,,,546,
2023-03-30,00905,FT臺灣Smart,twse,9.06,9.12,9.06,9.10,2680840,24403705,0.05,,,555,
2023-03-31,00905,FT臺灣Smart,twse,9.11,9.17,9.11,9.12,2842369,25996517,0.02,,,679,
2023-04-06,00905,FT臺灣Smart,twse,9.12,9.12,9.04,9.10,2255089,20480917,-0.02,,,815,
2023-04-07,00905,FT臺灣Smart,twse,9.04,9.11,9.04,9.10,5259250,47816896,0.0,,,1055,
2023-04-10,00905,FT臺灣Smart,twse,9.10,9.12,9.09,9.11,3429092,31213041,0.01,,,720,
2023-04-11,00905,FT臺灣Smart,twse,9.10,9.14,9.09,9.11,2203517,20095249,0.0,,,573,
2023-04-12,00905,FT臺灣Smart,twse,9.11,9.12,9.09,9.12,1246777,11355775,0.01,,,491,
2023-04-13,00905,FT臺灣Smart,twse,9.12,9.12,9.05,9.06,2186958,19862025,-0.06,,,889,
2023-04-14,00905,FT臺灣Smart,twse,9.08,9.15,9.08,9.13,2944732,26879582,0.07,,,580,
2023-04-17,00905,FT臺灣Smart,twse,9.13,9.14,9.09,9.12,1047172,9538154,-0.01,,,440,
2023-04-18,00905,FT臺灣Smart,twse,9.12,9.13,9.08,9.09,1403414,12773506,-0.03,,,554,
2023-04-19,00905,FT臺灣Smart,twse,9.08,9.09,9.03,9.04,2368758,21447098,-0.05,,,896,
2023-04-20,00905,FT臺灣Smart,twse,9.05,9.05,8.99,9.03,1946335,17538938,-0.01,,,741,
2023-04-21,00905,FT臺灣Smart,twse,9.03,9.05,8.96,8.97,2741595,24642243,-0.06,,,1150,
2023-04-24,00905,FT臺灣Smart,twse,8.97,8.97,8.92,8.95,2679687,23966171,-0.02,,,8792,
2023-04-25,00905,FT臺灣Smart,twse,9.02,9.02,8.79,8.81,6050211,53546880,-0.14,,,6670,
2023-04-26,00905,FT臺灣Smart,twse,8.82,8.82,8.75,8.79,3515823,30842244,-0.02,,,1361,
2023-04-27,00905,FT臺灣Smart,twse,8.79,8.85,8.76,8.83,1404051,12374028,0.04,,,3653,
2023-04-28,00905,FT臺灣Smart,twse,8.90,8.94,8.88,8.92,1018054,9066840,0.09,,,4473,
2023-05-02,00905,FT臺灣Smart,twse,8.92,8.99,8.92,8.95,1579833,14141534,0.03,,,3495,
2023-05-03,00905,FT臺灣Smart,twse,8.95,8.95,8.89,8.92,1423135,12681893,-0.03,,,1537,
2023-05-04,00905,FT臺灣Smart,twse,8.92,8.94,8.89,8.94,1088377,9705702,0.02,,,3414,
2023-05-05,00905,FT臺灣Smart,twse,8.97,8.99,8.91,8.96,1251883,11208765,0.02,,,1418,
2023-05-08,00905,FT臺灣Smart,twse,8.98,9.03,8.98,8.99,2082323,18762754,0.03,,,535,
2023-05-09,00905,FT臺灣Smart,twse,8.98,9.00,8.95,8.99,1626562,14610341,0.0,,,434,
2023-05-10,00905,FT臺灣Smart,twse,8.99,8.99,8.90,8.92,1197875,10695748,-0.07,,,538,
2023-05-11,00905,FT臺灣Smart,twse,8.93,8.94,8.86,8.87,1576072,14012797,-0.05,,,647,
2023-05-12,00905,FT臺灣Smart,twse,8.85,8.90,8.80,8.88,1080853,9548561,0.01,,,581,
2023-05-15,00905,FT臺灣Smart,twse,8.88,8.88,8.82,8.85,1207911,10675732,-0.03,,,584,
2023-05-16,00905,FT臺灣Smart,twse,8.87,8.95,8.87,8.92,1486277,13264049,0.07,,,508,
2023-05-17,00905,FT臺灣Smart,twse,8.93,9.05,8.93,9.02,3378721,30457321,0.1,,,834,
2023-05-18,00905,FT臺灣Smart,twse,9.07,9.15,9.07,9.12,7440410,67896859,0.1,,,1169,
2023-05-19,00905,FT臺灣Smart,twse,9.15,9.19,9.13,9.18,8077344,73984823,0.06,,,1102,
2023-05-22,00905,FT臺灣Smart,twse,9.18,9.18,9.14,9.17,2345855,21490008,-0.01,,,518,
2023-05-23,00905,FT臺灣Smart,twse,9.17,9.22,9.14,9.19,2393194,21988423,0.02,,,568,
2023-05-24,00905,FT臺灣Smart,twse,9.18,9.18,9.13,9.17,2381180,21788853,-0.02,,,445,
2023-05-25,00905,FT臺灣Smart,twse,9.19,9.29,9.19,9.28,5194056,48122999,0.11,,,966,
2023-05-26,00905,FT臺灣Smart,twse,9.34,9.49,9.34,9.48,7246390,68506083,0.2,,,1321,
2023-05-29,00905,FT臺灣Smart,twse,9.56,9.61,9.55,9.58,3505227,33551560,0.1,,,855,
2023-05-30,00905,FT臺灣Smart,twse,9.58,9.60,9.54,9.57,3528570,33764274,-0.01,,,677,
2023-05-31,00905,FT臺灣Smart,twse,9.57,9.57,9.48,9.56,2238721,21338218,-0.01,,,625,
2023-06-01,00905,FT臺灣Smart,twse,9.55,9.55,9.48,9.51,1908795,18125752,-0.05,,,535,
2023-06-02,00905,FT臺灣Smart,twse,9.55,9.64,9.55,9.60,3684138,35392160,0.09,,,775,
2023-06-05,00905,FT臺灣Smart,twse,9.60,9.62,9.57,9.59,1739598,16693657,-0.01,,,540,
2023-06-06,00905,FT臺灣Smart,twse,9.59,9.62,9.56,9.59,1592734,15275826,0.0,,,507,
2023-06-07,00905,FT臺灣Smart,twse,9.60,9.68,9.60,9.68,2680525,25877186,0.09,,,675,
2023-06-08,00905,FT臺灣Smart,twse,9.69,9.69,9.55,9.58,2269947,21852847,-0.1,,,539,
2023-06-09,00905,FT臺灣Smart,twse,9.58,9.66,9.58,9.65,1682750,16225651,0.07,,,419,
2023-06-12,00905,FT臺灣Smart,twse,9.68,9.74,9.67,9.72,2202952,21386775,0.07,,,589,
2023-06-13,00905,FT臺灣Smart,twse,9.80,9.93,9.80,9.91,4027300,39797276,0.19,,,967,
2023-06-14,00905,FT臺灣Smart,twse,9.90,9.92,9.86,9.91,2585158,25589670,0.0,,,607,
2023-06-15,00905,FT臺灣Smart,twse,9.92,10.00,9.91,9.99,3446905,34326170,0.08,,,637,
2023-06-16,00905,FT臺灣Smart,twse,9.99,10.00,9.94,9.98,2809128,28009854,-0.01,,,549,
2023-06-19,00905,FT臺灣Smart,twse,9.96,9.99,9.92,9.96,2421211,24114300,-0.02,,,492,
2023-06-20,00905,FT臺灣Smart,twse,9.94,9.96,9.89,9.92,1227187,12179163,-0.04,,,463,
2023-06-21,00905,FT臺灣Smart,twse,9.92,9.94,9.88,9.91,2076498,20575094,-0.01,,,447,
2023-06-26,00905,FT臺灣Smart,twse,9.84,9.88,9.82,9.86,1238492,12212830,-0.05,,,412,
2023-06-27,00905,FT臺灣Smart,twse,9.82,9.86,9.77,9.79,1524829,14962288,-0.07,,,513,
2023-06-28,00905,FT臺灣Smart,twse,9.83,9.83,9.77,9.79,1024143,10029487,0.0,,,348,
2023-06-29,00905,FT臺灣Smart,twse,9.82,9.89,9.79,9.81,1953709,19202686,0.02,,,355,
2023-06-30,00905,FT臺灣Smart,twse,9.78,9.89,9.77,9.89,8686591,85300507,0.08,,,452,
2023-07-03,00905,FT臺灣Smart,twse,9.93,10.04,9.92,10.03,4071033,40754656,0.14,,,873,
2023-07-04,00905,FT臺灣Smart,twse,10.03,10.11,10.03,10.11,4785206,48255052,0.08,,,811,
2023-07-05,00905,FT臺灣Smart,twse,10.12,10.12,10.04,10.06,2486709,25070303,-0.05,,,639,
2023-07-06,00905,FT臺灣Smart,twse,10.03,10.03,9.90,9.92,2340957,23316928,-0.14,,,849,
2023-07-07,00905,FT臺灣Smart,twse,9.88,9.92,9.82,9.86,1501245,14813379,-0.06,,,583,
2023-07-10,00905,FT臺灣Smart,twse,9.88,9.92,9.83,9.85,1320246,13048453,-0.01,,,459,
2023-07-11,00905,FT臺灣Smart,twse,9.92,9.97,9.92,9.96,1086529,10810986,0.11,,,348,
2023-07-12,00905,FT臺灣Smart,twse,10.01,10.05,10.00,10.03,15290610,153232635,0.07,,,3397,
2023-07-13,00905,FT臺灣Smart,twse,10.12,10.22,10.12,10.15,7775578,79153811,0.12,,,1931,
2023-07-14,00905,FT臺灣Smart,twse,10.27,10.27,10.17,10.25,5863548,59988436,0.1,,,1478,
2023-07-17,00905,FT臺灣Smart,twse,10.31,10.31,10.22,10.24,5816456,59630342,-0.01,,,1604,
2023-07-18,00905,FT臺灣Smart,twse,10.13,10.13,9.97,10.03,4253494,42742275,0.0,,,1458,
2023-07-19,00905,FT臺灣Smart,twse,10.04,10.07,9.95,9.96,5178198,51810437,-0.07,,,1489,
2023-07-20,00905,FT臺灣Smart,twse,9.99,10.00,9.95,9.97,1849938,18457962,0.01,,,830,
2023-07-21,00905,FT臺灣Smart,twse,9.82,9.91,9.80,9.91,2323915,22912298,-0.06,,,1033,
2023-07-24,00905,FT臺灣Smart,twse,9.93,9.94,9.86,9.93,1616848,16008371,0.02,,,749,
2023-07-25,00905,FT臺灣Smart,twse,9.94,10.05,9.94,10.03,3231971,32366722,0.1,,,699,
2023-07-26,00905,FT臺灣Smart,twse,10.03,10.04,9.98,9.99,1976482,19794284,-0.04,,,508,
2023-07-27,00905,FT臺灣Smart,twse,10.04,10.05,10.01,10.04,2706637,27169077,0.05,,,586,
2023-07-28,00905,FT臺灣Smart,twse,10.04,10.09,10.01,10.08,1707374,17159725,0.04,,,517,
2023-07-31,00905,FT臺灣Smart,twse,10.17,10.19,9.97,10.03,3447445,34734932,-0.05,,,1032,
2023-08-01,00905,FT臺灣Smart,twse,10.05,10.05,9.96,10.03,1305798,13070364,0.0,,,459,
2023-08-02,00905,FT臺灣Smart,twse,10.03,10.04,9.83,9.86,4954947,49121959,-0.17,,,1842,
2023-08-04,00905,FT臺灣Smart,twse,9.83,9.89,9.80,9.87,1300063,12799292,0.01,,,711,
2023-08-07,00905,FT臺灣Smart,twse,9.87,9.99,9.87,9.97,1142604,11372144,0.1,,,453,
2023-08-08,00905,FT臺灣Smart,twse,9.98,9.98,9.86,9.92,1705997,16903875,-0.05,,,580,
2023-08-09,00905,FT臺灣Smart,twse,9.88,9.93,9.85,9.90,1575408,15582987,-0.02,,,559,
2023-08-10,00905,FT臺灣Smart,twse,9.88,9.88,9.72,9.75,2735882,26687054,-0.15,,,1226,
2023-08-11,00905,FT臺灣Smart,twse,9.77,9.83,9.74,9.76,870976,8512763,0.01,,,440,
2023-08-14,00905,FT臺灣Smart,twse,9.72,9.73,9.60,9.65,2131652,20570005,-0.11,,,1071,
2023-08-15,00905,FT臺灣Smart,twse,9.72,9.76,9.69,9.71,1426912,13885222,0.06,,,495,
2023-08-16,00905,FT臺灣Smart,twse,9.70,9.70,9.63,9.68,1417447,13702978,-0.03,,,523,
2023-08-17,00905,FT臺灣Smart,twse,9.65,9.76,9.62,9.74,2000785,19391856,0.06,,,492,
2023-08-18,00905,FT臺灣Smart,twse,9.75,9.79,9.65,9.66,1395041,13568294,-0.08,,,634,
2023-08-21,00905,FT臺灣Smart,twse,9.70,9.74,9.65,9.66,421421,4078991,0.0,,,335,
2023-08-22,00905,FT臺灣Smart,twse,9.79,9.79,9.69,9.71,507188,4930261,0.05,,,331,
2023-08-23,00905,FT臺灣Smart,twse,9.73,9.79,9.72,9.79,755313,7374988,0.08,,,302,
2023-08-24,00905,FT臺灣Smart,twse,9.88,9.95,9.87,9.91,2578774,25567875,0.12,,,556,
2023-08-25,00905,FT臺灣Smart,twse,9.83,9.83,9.71,9.73,1355072,13226478,-0.18,,,724,
2023-08-28,00905,FT臺灣Smart,twse,9.75,9.78,9.73,9.74,425713,4151225,0.01,,,293,
2023-08-29,00905,FT臺灣Smart,twse,9.79,9.83,9.74,9.82,484781,4742153,0.08,,,260,
2023-08-30,00905,FT臺灣Smart,twse,9.88,9.91,9.86,9.88,738491,7302097,0.06,,,335,
2023-08-31,00905,FT臺灣Smart,twse,9.88,9.88,9.81,9.84,458736,4512494,-0.04,,,331,
2023-09-01,00905,FT臺灣Smart,twse,9.84,9.87,9.82,9.83,499800,4917526,-0.01,,,266,
2023-09-04,00905,FT臺灣Smart,twse,9.83,9.89,9.81,9.88,1191360,11745013,0.05,,,400,
2023-09-05,00905,FT臺灣Smart,twse,9.88,9.91,9.86,9.90,891878,8818031,0.02,,,479,
2023-09-06,00905,FT臺灣Smart,twse,9.90,9.94,9.89,9.90,1342707,13309547,0.0,,,400,
2023-09-07,00905,FT臺灣Smart,twse,9.88,9.89,9.84,9.85,710746,7008794,-0.05,,,366,
2023-09-08,00905,FT臺灣Smart,twse,9.81,9.83,9.78,9.80,762132,7474783,-0.05,,,375,
2023-09-11,00905,FT臺灣Smart,twse,9.80,9.80,9.70,9.76,1003412,9775323,-0.04,,,571,
2023-09-12,00905,FT臺灣Smart,twse,9.76,9.82,9.73,9.80,791056,7740925,0.04,,,346,
2023-09-13,00905,FT臺灣Smart,twse,9.80,9.85,9.80,9.81,902513,8863801,0.01,,,322,
2023-09-14,00905,FT臺灣Smart,twse,9.89,9.97,9.88,9.96,1525934,15161493,0.15,,,554,
2023-09-15,00905,FT臺灣Smart,twse,10.00,10.03,9.96,10.03,2734404,27341049,0.07,,,747,
2023-09-18,00905,FT臺灣Smart,twse,9.97,9.98,9.92,9.93,796229,7919642,-0.1,,,485,
2023-09-19,00905,FT臺灣Smart,twse,9.93,9.93,9.88,9.88,444182,4398535,-0.05,,,372,
2023-09-20,00905,FT臺灣Smart,twse,9.88,9.88,9.80,9.83,884022,8690145,-0.05,,,484,
2023-09-21,00905,FT臺灣Smart,twse,9.76,9.76,9.66,9.67,1518658,14707250,-0.16,,,882,
2023-09-22,00905,FT臺灣Smart,twse,9.60,9.72,9.60,9.72,819812,7919213,0.05,,,377,
2023-09-25,00905,FT臺灣Smart,twse,9.72,9.80,9.72,9.78,683888,6678358,0.06,,,337,
2023-09-26,00905,FT臺灣Smart,twse,9.76,9.77,9.68,9.68,6695967,65079302,-0.1,,,2060,
2023-09-27,00905,FT臺灣Smart,twse,9.68,9.72,9.65,9.72,2086381,20233145,0.04,,,565,
2023-09-28,00905,FT臺灣Smart,twse,9.74,9.81,9.74,9.77,1496199,14627830,0.05,,,552,
2023-10-02,00905,FT臺灣Smart,twse,9.84,9.93,9.84,9.92,1516779,15023273,0.15,,,655,
2023-10-03,00905,FT臺灣Smart,twse,9.92,9.93,9.86,9.88,1449908,14357796,-0.04,,,755,
2023-10-04,00905,FT臺灣Smart,twse,9.78,9.80,9.73,9.77,1514420,14782631,-0.11,,,787,
2023-10-05,00905,FT臺灣Smart,twse,9.80,9.88,9.80,9.87,1096655,10807122,0.1,,,487,
2023-10-06,00905,FT臺灣Smart,twse,9.88,9.92,9.88,9.89,1573379,15572396,0.02,,,510,
2023-10-11,00905,FT臺灣Smart,twse,9.98,10.00,9.94,9.97,1692187,16874033,0.08,,,703,
2023-10-12,00905,FT臺灣Smart,twse,10.02,10.06,9.99,10.06,5348140,53595141,0.09,,,1495,
2023-10-13,00905,FT臺灣Smart,twse,10.05,10.05,10.00,10.03,3644063,36490143,-0.03,,,1109,
2023-10-16,00905,FT臺灣Smart,twse,10.00,10.00,9.94,9.97,4252799,42358444,-0.06,,,1428,
2023-10-17,00905,FT臺灣Smart,twse,10.03,10.04,9.95,9.96,2948502,29444523,-0.01,,,924,
2023-10-18,00905,FT臺灣Smart,twse,9.95,9.95,9.82,9.83,6620697,65315530,-0.13,,,2503,
2023-10-19,00905,FT臺灣Smart,twse,9.67,9.70,9.65,9.69,2164248,20939529,0.0,,,975,
2023-10-20,00905,FT臺灣Smart,twse,9.68,9.68,9.56,9.68,2573992,24738760,-0.01,,,965,
2023-10-23,00905,FT臺灣Smart,twse,9.63,9.63,9.55,9.56,2182090,20904410,-0.12,,,1137,
2023-10-24,00905,FT臺灣Smart,twse,9.56,9.61,9.50,9.61,2580499,24636417,0.05,,,768,
2023-10-25,00905,FT臺灣Smart,twse,9.65,9.67,9.62,9.62,886785,8548157,0.01,,,513,
2023-10-26,00905,FT臺灣Smart,twse,9.56,9.56,9.42,9.44,2222859,21007951,-0.18,,,1234,
2023-10-27,00905,FT臺灣Smart,twse,9.50,9.50,9.43,9.44,1355317,12821567,0.0,,,554,
2023-10-30,00905,FT臺灣Smart,twse,9.44,9.48,9.42,9.43,1385031,13076625,-0.01,,,486,
2023-10-31,00905,FT臺灣Smart,twse,9.46,9.47,9.31,9.32,2135173,20020430,-0.11,,,1084,
2023-11-01,00905,FT臺灣Smart,twse,9.37,9.40,9.31,9.37,1423604,13304459,0.05,,,555,
2023-11-02,00905,FT臺灣Smart,twse,9.46,9.58,9.46,9.58,1045650,9979507,0.21,,,479,
2023-11-03,00905,FT臺灣Smart,twse,9.63,9.66,9.62,9.64,1230112,11856980,0.06,,,447,
2023-11-06,00905,FT臺灣Smart,twse,9.67,9.78,9.67,9.76,1472775,14354034,0.12,,,580,
2023-11-07,00905,FT臺灣Smart,twse,9.74,9.77,9.71,9.76,763641,7441868,0.0,,,368,
2023-11-08,00905,FT臺灣Smart,twse,9.76,9.85,9.76,9.81,1905429,18696914,0.05,,,436,
2023-11-09,00905,FT臺灣Smart,twse,9.81,9.82,9.78,9.81,919577,9010894,0.0,,,360,
2023-11-10,00905,FT臺灣Smart,twse,9.76,9.79,9.75,9.78,864946,8448540,-0.03,,,465,
2023-11-13,00905,FT臺灣Smart,twse,9.93,9.96,9.85,9.88,2102197,20805613,0.1,,,576,
2023-11-14,00905,FT臺灣Smart,twse,9.92,9.93,9.89,9.93,3028529,30037268,0.05,,,581,
2023-11-15,00905,FT臺灣Smart,twse,10.03,10.07,9.97,10.01,3978340,39880576,0.08,,,885,
2023-11-16,00905,FT臺灣Smart,twse,10.04,10.07,9.97,10.01,3490720,34998358,0.0,,,795,
2023-11-17,00905,FT臺灣Smart,twse,10.00,10.06,10.00,10.03,2508257,25171454,0.02,,,681,
2023-11-20,00905,FT臺灣Smart,twse,10.03,10.04,10.00,10.02,1386915,13895964,-0.01,,,476,
2023-11-21,00905,FT臺灣Smart,twse,10.08,10.15,10.08,10.14,3748166,37976064,0.12,,,1060,
2023-11-22,00905,FT臺灣Smart,twse,10.12,10.14,10.08,10.13,10019419,101368981,-0.01,,,2559,
2023-11-23,00905,FT臺灣Smart,twse,10.13,10.14,10.08,10.12,3399375,34368201,-0.01,,,1182,
2023-11-24,00905,FT臺灣Smart,twse,10.13,10.13,10.10,10.10,1616394,16338925,-0.02,,,690,
2023-11-27,00905,FT臺灣Smart,twse,10.10,10.13,10.00,10.01,3134085,31506060,-0.09,,,1249,
2023-11-28,00905,FT臺灣Smart,twse,10.01,10.10,10.01,10.08,2175148,21882895,0.07,,,589,
2023-11-29,00905,FT臺灣Smart,twse,10.08,10.15,10.08,10.10,1547767,15649516,0.02,,,536,
2023-11-30,00905,FT臺灣Smart,twse,10.10,10.13,10.07,10.13,1886654,19058614,0.03,,,664,
2023-12-01,00905,FT臺灣Smart,twse,10.13,10.16,10.08,10.16,2439006,24732021,0.03,,,633,
2023-12-04,00905,FT臺灣Smart,twse,10.17,10.21,10.12,10.14,2080548,21139685,-0.02,,,698,
2023-12-05,00905,FT臺灣Smart,twse,10.10,10.10,10.02,10.08,3260066,32761987,-0.06,,,1041,
2023-12-06,00905,FT臺灣Smart,twse,10.09,10.15,10.09,10.12,2800991,28346321,0.04,,,519,
2023-12-07,00905,FT臺灣Smart,twse,10.10,10.11,10.07,10.09,1510441,15240887,-0.03,,,588,
2023-12-08,00905,FT臺灣Smart,twse,10.14,10.16,10.12,10.13,1851781,18789434,0.04,,,516,
2023-12-11,00905,FT臺灣Smart,twse,10.15,10.15,10.10,10.12,1464564,14823120,-0.01,,,448,
2023-12-12,00905,FT臺灣Smart,twse,10.17,10.19,10.15,10.17,2461469,25038640,0.05,,,1470,
2023-12-13,00905,FT臺灣Smart,twse,10.18,10.21,10.16,10.19,1912346,19493329,0.02,,,651,
2023-12-14,00905,FT臺灣Smart,twse,10.28,10.32,10.28,10.32,2712077,27928813,0.13,,,936,
2023-12-15,00905,FT臺灣Smart,twse,10.35,10.38,10.32,10.32,2779787,28786769,0.0,,,836,
2023-12-18,00905,FT臺灣Smart,twse,10.32,10.32,10.27,10.32,1859987,19148360,0.0,,,1036,
2023-12-19,00905,FT臺灣Smart,twse,10.32,10.32,10.22,10.26,1380715,14158605,-0.06,,,685,
2023-12-20,00905,FT臺灣Smart,twse,10.27,10.32,10.27,10.32,1578028,16258240,0.06,,,477,
2023-12-21,00905,FT臺灣Smart,twse,10.21,10.26,10.20,10.25,1115456,11413413,-0.07,,,555,
2023-12-22,00905,FT臺灣Smart,twse,10.26,10.30,10.26,10.29,1148759,11815286,0.04,,,407,
2023-12-25,00905,FT臺灣Smart,twse,10.29,10.33,10.29,10.31,755509,7793859,0.02,,,450,
2023-12-26,00905,FT臺灣Smart,twse,10.31,10.37,10.31,10.37,1382186,14302404,0.06,,,585,
2023-12-27,00905,FT臺灣Smart,twse,10.38,10.48,10.38,10.47,2438770,25471084,0.1,,,785,
2023-12-28,00905,FT臺灣Smart,twse,10.50,10.51,10.46,10.47,1169673,12261808,0.0,,,556,
2023-12-29,00905,FT臺灣Smart,twse,10.47,10.51,10.46,10.49,1427055,14957908,0.02,,,551,
2024-01-02,00905,FT臺灣Smart,twse,10.51,10.53,10.41,10.43,1496355,15665044,-0.06,,,679,
2024-01-03,00905,FT臺灣Smart,twse,10.35,10.35,10.28,10.30,2891528,29799304,-0.13,,,1045,
2024-01-04,00905,FT臺灣Smart,twse,10.28,10.31,10.27,10.28,1758744,18090303,-0.02,,,568,
2024-01-05,00905,FT臺灣Smart,twse,10.28,10.32,10.25,10.25,1527255,15696874,-0.03,,,491,
2024-01-08,00905,FT臺灣Smart,twse,10.29,10.34,10.28,10.28,2501840,25786388,0.03,,,634,
2024-01-09,00905,FT臺灣Smart,twse,10.33,10.36,10.25,10.28,1750072,18018148,0.0,,,398,
2024-01-10,00905,FT臺灣Smart,twse,10.25,10.26,10.21,10.25,1353553,13865127,-0.03,,,596,
2024-01-11,00905,FT臺灣Smart,twse,10.25,10.32,10.25,10.30,1363665,14028608,0.05,,,431,
2024-01-12,00905,FT臺灣Smart,twse,10.29,10.33,10.25,10.29,1807844,18606615,-0.01,,,425,
2024-01-15,00905,FT臺灣Smart,twse,10.34,10.36,10.30,10.32,1840236,19006944,0.03,,,565,
2024-01-16,00905,FT臺灣Smart,twse,10.30,10.30,10.23,10.26,1132108,11603892,-0.06,,,537,
2024-01-17,00905,FT臺灣Smart,twse,10.21,10.25,10.16,10.17,1927219,19640798,-0.09,,,722,
2024-01-18,00905,FT臺灣Smart,twse,10.16,10.20,10.13,10.14,1344904,13655233,-0.03,,,483,
2024-01-19,00905,FT臺灣Smart,twse,10.30,10.41,10.30,10.41,4568735,47358385,0.27,,,950,
2024-01-22,00905,FT臺灣Smart,twse,10.48,10.56,10.48,10.54,3155794,33226973,0.13,,,760,
2024-01-23,00905,FT臺灣Smart,twse,10.55,10.58,10.54,10.57,1275815,13470892,0.03,,,470,
2024-01-24,00905,FT臺灣Smart,twse,10.56,10.60,10.55,10.55,1428338,15107669,-0.02,,,532,
2024-01-25,00905,FT臺灣Smart,twse,10.60,10.66,10.60,10.65,2050616,21809589,0.1,,,732,
2024-01-26,00905,FT臺灣Smart,twse,10.65,10.65,10.60,10.61,1221594,12974780,-0.04,,,466,
2024-01-29,00905,FT臺灣Smart,twse,10.61,10.70,10.61,10.70,1738289,18549736,0.09,,,600,
2024-01-30,00905,FT臺灣Smart,twse,10.70,10.74,10.69,10.72,1149047,12317486,0.02,,,491,
2024-01-31,00905,FT臺灣Smart,twse,10.68,10.68,10.61,10.62,799185,8498150,-0.1,,,484,
2024-02-01,00905,FT臺灣Smart,twse,10.62,10.62,10.58,10.61,863430,9153874,-0.01,,,419,
2024-02-02,00905,FT臺灣Smart,twse,10.66,10.71,10.66,10.69,1675222,17916335,0.08,,,473,
2024-02-05,00905,FT臺灣Smart,twse,10.69,10.75,10.67,10.74,1764851,18911863,0.05,,,646,
2024-02-15,00905,FT臺灣Smart,twse,11.05,11.20,11.05,11.16,4292047,47715761,0.42,,,1306,
2024-02-16,00905,FT臺灣Smart,twse,11.15,11.19,11.10,11.10,1711372,19068144,-0.06,,,755,
2024-02-19,00905,FT臺灣Smart,twse,11.10,11.11,11.05,11.09,1519857,16839229,-0.01,,,651,
2024-02-20,00905,FT臺灣Smart,twse,11.09,11.15,11.05,11.15,1344603,14950291,0.06,,,541,
2024-02-21,00905,FT臺灣Smart,twse,11.10,11.15,11.08,11.12,954751,10615536,-0.03,,,426,
2024-02-22,00905,FT臺灣Smart,twse,11.15,11.27,11.15,11.27,2533839,28459347,0.15,,,789,
2024-02-23,00905,FT臺灣Smart,twse,11.36,11.37,11.31,11.34,1667752,18920763,0.07,,,752,
2024-02-26,00905,FT臺灣Smart,twse,11.34,11.38,11.28,11.37,1783363,20215928,0.03,,,692,
2024-02-27,00905,FT臺灣Smart,twse,11.35,11.40,11.23,11.33,1409472,15944644,-0.04,,,697,
2024-02-29,00905,FT臺灣Smart,twse,11.30,11.38,11.25,11.36,1382955,15646354,0.03,,,512,
2024-03-01,00905,FT臺灣Smart,twse,11.36,11.37,11.32,11.33,1307597,14840972,-0.03,,,506,
2024-03-04,00905,FT臺灣Smart,twse,11.41,11.62,11.41,11.58,2492650,28802937,0.25,,,852,
2024-03-05,00905,FT臺灣Smart,twse,11.62,11.72,11.61,11.72,1990772,23245644,0.14,,,769,
2024-03-06,00905,FT臺灣Smart,twse,11.66,11.82,11.61,11.81,2077574,24388321,0.09,,,739,
2024-03-07,00905,FT臺灣Smart,twse,11.88,12.01,11.87,11.99,3318226,39691467,0.18,,,1015,
2024-03-08,00905,FT臺灣Smart,twse,12.10,12.25,11.93,12.00,4542366,54924524,0.01,,,1319,
2024-03-11,00905,FT臺灣Smart,twse,11.94,12.02,11.93,11.94,2069523,24765328,-0.06,,,798,
2024-03-12,00905,FT臺灣Smart,twse,11.94,12.13,11.92,12.12,3113818,37575402,0.18,,,710,
2024-03-13,00905,FT臺灣Smart,twse,12.18,12.26,12.15,12.17,2176376,26541627,0.05,,,679,
2024-03-14,00905,FT臺灣Smart,twse,12.15,12.18,12.04,12.11,2426050,29399423,-0.06,,,649,
2024-03-15,00905,FT臺灣Smart,twse,12.08,12.13,12.03,12.09,1888362,22845258,-0.02,,,534,
2024-03-18,00905,FT臺灣Smart,twse,12.08,12.24,12.08,12.24,1696665,20620832,0.15,,,617,
2024-03-19,00905,FT臺灣Smart,twse,12.21,12.31,12.17,12.29,1470505,18019092,0.05,,,586,
2024-03-20,00905,FT臺灣Smart,twse,12.30,12.40,12.23,12.25,1435893,17677920,-0.04,,,621,
2024-03-21,00905,FT臺灣Smart,twse,12.38,12.51,12.38,12.50,2719497,33892104,0.25,,,759,
2024-03-22,00905,FT臺灣Smart,twse,12.51,12.54,12.43,12.49,1605213,20057692,-0.01,,,644,
2024-03-25,00905,FT臺灣Smart,twse,12.49,12.53,12.46,12.49,923663,11542147,0.0,,,562,
2024-03-26,00905,FT臺灣Smart,twse,12.49,12.60,12.30,12.37,2425825,30213770,-0.12,,,800,
2024-03-27,00905,FT臺灣Smart,twse,12.39,12.48,12.37,12.46,1250403,15535773,0.09,,,403,
2024-03-28,00905,FT臺灣Smart,twse,12.49,12.50,12.38,12.46,966836,12042658,0.0,,,454,
2024-03-29,00905,FT臺灣Smart,twse,12.46,12.53,12.43,12.51,2103613,26290236,0.05,,,620,
2024-04-01,00905,FT臺灣Smart,twse,12.52,12.58,12.48,12.48,1129600,14150461,-0.03,,,471,
2024-04-02,00905,FT臺灣Smart,twse,12.51,12.68,12.51,12.66,2202867,27844467,0.18,,,729,
2024-04-03,00905,FT臺灣Smart,twse,12.60,12.66,12.55,12.62,1355994,17093233,-0.04,,,530,
2024-04-08,00905,FT臺灣Smart,twse,12.63,12.72,12.63,12.69,1162273,14740559,0.07,,,637,
2024-04-09,00905,FT臺灣Smart,twse,12.74,12.89,12.72,12.88,2055152,26344398,0.19,,,703,
2024-04-10,00905,FT臺灣Smart,twse,12.92,12.92,12.85,12.91,1754148,22601903,0.03,,,740,
2024-04-11,00905,FT臺灣Smart,twse,12.85,12.87,12.79,12.85,2168256,27802092,-0.06,,,862,
2024-04-12,00905,FT臺灣Smart,twse,12.88,12.91,12.85,12.88,1440776,18557862,0.03,,,549,
2024-04-15,00905,FT臺灣Smart,twse,12.81,12.81,12.68,12.72,3173213,40390489,-0.16,,,1464,
2024-04-16,00905,FT臺灣Smart,twse,12.60,12.60,12.25,12.32,4893222,60500538,-0.4,,,1949,
2024-04-17,00905,FT臺灣Smart,twse,12.55,12.58,12.42,12.57,15248419,190957304,0.25,,,3608,
2024-04-18,00905,FT臺灣Smart,twse,12.30,12.41,12.22,12.40,3424265,42226257,0.0,,,1214,
2024-04-19,00905,FT臺灣Smart,twse,12.21,12.26,11.72,11.87,11451836,136695554,-0.53,,,4171,
2024-04-22,00905,FT臺灣Smart,twse,11.85,11.90,11.65,11.66,6303342,74093422,-0.21,,,1776,
2024-04-23,00905,FT臺灣Smart,twse,11.81,11.86,11.70,11.77,1639557,19262384,0.11,,,742,
2024-04-24,00905,FT臺灣Smart,twse,11.93,12.18,11.93,12.17,1727578,20854703,0.4,,,845,
2024-04-25,00905,FT臺灣Smart,twse,12.08,12.08,11.97,11.99,2361430,28351759,-0.18,,,897,
2024-04-26,00905,FT臺灣Smart,twse,12.10,12.24,12.10,12.19,2154467,26247691,0.2,,,616,
2024-04-29,00905,FT臺灣Smart,twse,12.27,12.37,12.27,12.34,2160936,26662302,0.15,,,609,
2024-04-30,00905,FT臺灣Smart,twse,12.36,12.37,12.31,12.32,1194692,14748896,-0.02,,,404,
2024-05-02,00905,FT臺灣Smart,twse,12.28,12.28,12.15,12.21,1427188,17382668,-0.11,,,811,
2024-05-03,00905,FT臺灣Smart,twse,12.30,12.36,12.19,12.20,1518164,18622144,-0.01,,,621,
2024-05-06,00905,FT臺灣Smart,twse,12.35,12.41,12.31,12.33,1494486,18491718,0.13,,,692,
2024-05-07,00905,FT臺灣Smart,twse,12.37,12.42,12.29,12.35,1271621,15694290,0.02,,,492,
2024-05-08,00905,FT臺灣Smart,twse,12.35,12.44,12.33,12.43,1275170,15802101,0.08,,,473,
2024-05-09,00905,FT臺灣Smart,twse,12.45,12.48,12.39,12.40,1329779,16529861,-0.03,,,526,
2024-05-10,00905,FT臺灣Smart,twse,12.45,12.45,12.34,12.43,1397152,17302398,0.03,,,512,
2024-05-13,00905,FT臺灣Smart,twse,12.55,12.55,12.42,12.43,1164074,14493881,0.0,,,584,
2024-05-14,00905,FT臺灣Smart,twse,12.45,12.53,12.42,12.53,1361292,16981909,0.1,,,502,
2024-05-15,00905,FT臺灣Smart,twse,12.60,12.75,12.60,12.63,2146679,27220282,0.1,,,858,
2024-05-16,00905,FT臺灣Smart,twse,12.75,12.85,12.68,12.71,2304911,29441123,0.08,,,812,
2024-05-17,00905,FT臺灣Smart,twse,12.71,12.73,12.66,12.70,1111462,14108576,-0.01,,,558,
2024-05-20,00905,FT臺灣Smart,twse,12.69,12.74,12.58,12.68,1787794,22658157,-0.02,,,796,
2024-05-21,00905,FT臺灣Smart,twse,12.68,12.72,12.63,12.68,1183164,15010242,0.0,,,381,
2024-05-22,00905,FT臺灣Smart,twse,12.79,12.92,12.75,12.89,4908917,63151299,0.21,,,1456,
2024-05-23,00905,FT臺灣Smart,twse,12.98,13.00,12.87,12.98,2975058,38562971,0.09,,,998,
2024-05-24,00905,FT臺灣Smart,twse,12.88,12.99,12.87,12.98,1456052,18843693,0.0,,,679,
2024-05-27,00905,FT臺灣Smart,twse,13.03,13.24,13.03,13.19,3117176,41116986,0.21,,,962,
2024-05-28,00905,FT臺灣Smart,twse,13.24,13.25,13.20,13.24,1449375,19165138,0.05,,,613,
2024-05-29,00905,FT臺灣Smart,twse,13.25,13.25,13.17,13.17,1732616,22866051,-0.07,,,869,
2024-05-30,00905,FT臺灣Smart,twse,13.05,13.05,12.96,12.99,2115558,27504526,-0.18,,,1186,
2024-05-31,00905,FT臺灣Smart,twse,13.00,13.04,12.81,12.81,4280816,55329722,-0.18,,,1487,
2024-06-03,00905,FT臺灣Smart,twse,12.93,13.10,12.93,13.04,4914997,64089836,0.23,,,823,
2024-06-04,00905,FT臺灣Smart,twse,13.02,13.04,12.85,12.86,4074293,52593619,-0.18,,,1273,
2024-06-05,00905,FT臺灣Smart,twse,12.87,12.97,12.80,12.94,2147145,27689809,0.08,,,581,
2024-06-06,00905,FT臺灣Smart,twse,13.16,13.23,13.14,13.18,3055064,40280781,0.24,,,923,
2024-06-07,00905,FT臺灣Smart,twse,13.15,13.16,13.08,13.13,1864317,24462216,-0.05,,,663,
2024-06-11,00905,FT臺灣Smart,twse,13.15,13.21,13.12,13.14,3145135,41342258,0.01,,,646,
2024-06-12,00905,FT臺灣Smart,twse,13.11,13.34,13.11,13.33,2839690,37626212,0.19,,,766,
2024-06-13,00905,FT臺灣Smart,twse,13.42,13.60,13.42,13.53,3143561,42501487,0.2,,,920,
2024-06-14,00905,FT臺灣Smart,twse,13.56,13.68,13.53,13.64,2293269,31201453,0.11,,,720,
2024-06-17,00905,FT臺灣Smart,twse,13.64,13.71,13.62,13.66,1728255,23617210,0.02,,,820,
2024-06-18,00905,FT臺灣Smart,twse,13.73,13.88,13.72,13.87,2572462,35561085,0.21,,,800,
2024-06-19,00905,FT臺灣Smart,twse,14.00,14.27,13.98,14.25,5438151,76880219,0.38,,,1519,
2024-06-20,00905,FT臺灣Smart,twse,14.32,14.41,14.26,14.40,3322691,47616074,0.15,,,1158,
2024-06-21,00905,FT臺灣Smart,twse,14.30,14.35,14.20,14.30,4690515,67047053,-0.1,,,1422,
2024-06-24,00905,FT臺灣Smart,twse,14.24,14.24,13.98,13.99,5677021,79836190,-0.31,,,2649,
2024-06-25,00905,FT臺灣Smart,twse,13.82,13.98,13.69,13.95,3898594,53958162,-0.04,,,1604,
2024-06-26,00905,FT臺灣Smart,twse,13.98,14.15,13.98,14.10,2773109,39049671,0.15,,,992,
2024-06-27,00905,FT臺灣Smart,twse,14.00,14.10,13.97,14.07,2270512,31892914,-0.03,,,792,
2024-06-28,00905,FT臺灣Smart,twse,14.20,14.26,14.10,14.19,6246354,88682414,0.12,,,1741,
2024-07-01,00905,FT臺灣Smart,twse,14.21,14.30,14.17,14.19,3095205,44067702,0.0,,,1295,
2024-07-02,00905,FT臺灣Smart,twse,14.19,14.21,14.06,14.09,8314900,117508560,-0.1,,,2393,
2024-07-03,00905,FT臺灣Smart,twse,14.23,14.30,14.17,14.18,5101308,72476293,0.09,,,1369,
2024-07-04,00905,FT臺灣Smart,twse,14.32,14.49,14.31,14.48,5075638,73289081,0.3,,,1542,
2024-07-05,00905,FT臺灣Smart,twse,14.53,14.56,14.46,14.48,5486047,79551652,0.0,,,1911,
2024-07-08,00905,FT臺灣Smart,twse,14.53,14.84,14.51,14.78,11299762,166341127,0.3,,,2968,
2024-07-09,00905,FT臺灣Smart,twse,14.91,14.99,14.68,14.82,17538337,260266164,0.04,,,4158,
2024-07-10,00905,FT臺灣Smart,twse,14.81,14.94,14.74,14.91,13817133,205019582,0.09,,,4260,
2024-07-11,00905,FT臺灣Smart,twse,15.10,15.60,15.09,15.49,18738466,286737158,0.58,,,4227,
2024-07-12,00905,FT臺灣Smart,twse,15.30,15.48,15.11,15.40,17975326,276081923,-0.09,,,5872,
2024-07-15,00905,FT臺灣Smart,twse,15.45,15.70,15.43,15.55,13684131,212056400,0.15,,,4230,
2024-07-16,00905,FT臺灣Smart,twse,14.40,14.55,14.36,14.38,59866440,863508106,0.0,,,16973,
2024-07-17,00905,FT臺灣Smart,twse,14.39,14.41,14.22,14.26,21226606,303834314,-0.12,,,9240,
2024-07-18,00905,FT臺灣Smart,twse,14.10,14.11,13.90,14.00,20772507,290435452,-0.26,,,8600,
2024-07-19,00905,FT臺灣Smart,twse,13.94,13.94,13.72,13.74,20221704,279299012,-0.26,,,9890,
2024-07-22,00905,FT臺灣Smart,twse,13.72,13.73,13.26,13.36,16964148,227683936,-0.38,,,7416,
2024-07-23,00905,FT臺灣Smart,twse,13.60,13.69,13.54,13.69,13258311,180753390,0.33,,,4105,
2024-07-26,00905,FT臺灣Smart,twse,13.30,13.35,13.16,13.30,15239411,202302689,-0.39,,,6805,
2024-07-29,00905,FT臺灣Smart,twse,13.56,13.56,13.30,13.31,6871359,92061044,0.01,,,4094,
2024-07-30,00905,FT臺灣Smart,twse,13.26,13.38,13.12,13.34,11157986,147568721,0.03,,,3587,
2024-07-31,00905,FT臺灣Smart,twse,13.28,13.42,13.24,13.35,6080629,81042420,0.01,,,2728,
2024-08-01,00905,FT臺灣Smart,twse,13.70,13.73,13.50,13.60,5450388,74014840,0.25,,,2259,
2024-08-02,00905,FT臺灣Smart,twse,13.33,13.39,13.01,13.02,22301856,292939279,-0.58,,,10141,
2024-08-05,00905,FT臺灣Smart,twse,12.50,12.50,11.89,11.90,21175304,255665311,-1.12,,,10262,
2024-08-06,00905,FT臺灣Smart,twse,12.30,12.40,11.75,12.24,15835099,192376120,0.34,,,4666,
2024-08-07,00905,FT臺灣Smart,twse,12.35,12.77,12.35,12.73,7167768,90450274,0.49,,,2866,
2024-08-08,00905,FT臺灣Smart,twse,12.51,12.64,12.31,12.49,5970015,74652212,-0.24,,,2760,
2024-08-09,00905,FT臺灣Smart,twse,12.87,12.95,12.78,12.83,6476841,83377898,0.34,,,2210,
2024-08-12,00905,FT臺灣Smart,twse,12.94,13.11,12.94,13.03,4410301,57563326,0.2,,,2026,
2024-08-13,00905,FT臺灣Smart,twse,13.11,13.13,13.03,13.08,3032721,39663117,0.05,,,1300,
2024-08-14,00905,FT臺灣Smart,twse,13.21,13.29,13.19,13.22,4314507,57124874,0.14,,,1600,
2024-08-15,00905,FT臺灣Smart,twse,13.23,13.28,13.17,13.17,3007025,39733936,-0.05,,,1532,
2024-08-16,00905,FT臺灣Smart,twse,13.39,13.47,13.39,13.40,4286069,57551214,0.23,,,1927,
2024-08-19,00905,FT臺灣Smart,twse,13.43,13.52,13.41,13.45,4601560,61977387,0.05,,,1607,
2024-08-20,00905,FT臺灣Smart,twse,13.50,13.55,13.42,13.44,4131254,55666459,-0.01,,,1558,
2024-08-21,00905,FT臺灣Smart,twse,13.40,13.41,13.30,13.33,4844522,64653000,-0.11,,,1988,
2024-08-22,00905,FT臺灣Smart,twse,13.33,13.37,13.24,13.26,2718737,36096835,-0.07,,,1524,
2024-08-23,00905,FT臺灣Smart,twse,13.20,13.30,13.13,13.30,2878216,37995263,0.04,,,1375,
2024-08-26,00905,FT臺灣Smart,twse,13.39,13.46,13.27,13.27,2001216,26750701,-0.03,,,1408,
2024-08-27,00905,FT臺灣Smart,twse,13.27,13.31,13.21,13.29,1223963,16217260,0.02,,,946,
2024-08-28,00905,FT臺灣Smart,twse,13.35,13.42,13.28,13.41,1880267,25118382,0.12,,,888,
2024-08-29,00905,FT臺灣Smart,twse,13.29,13.39,13.22,13.35,2126129,28272750,-0.06,,,1335,
2024-08-30,00905,FT臺灣Smart,twse,13.35,13.41,13.35,13.37,1985119,26556675,0.02,,,862,
2024-09-02,00905,FT臺灣Smart,twse,13.40,13.48,13.34,13.35,1847781,24746949,-0.02,,,1157,
2024-09-03,00905,FT臺灣Smart,twse,13.33,13.40,13.29,13.32,1901551,25358995,-0.03,,,1082,
2024-09-04,00905,FT臺灣Smart,twse,12.90,12.98,12.65,12.79,9984539,128217353,-0.53,,,5670,
2024-09-05,00905,FT臺灣Smart,twse,12.94,13.00,12.79,12.80,2915206,37626990,0.01,,,1667,
2024-09-06,00905,FT臺灣Smart,twse,12.84,13.00,12.79,12.96,2098827,27129565,0.16,,,1098,
2024-09-09,00905,FT臺灣Smart,twse,12.68,12.82,12.68,12.82,4347049,55378960,-0.14,,,2422,
2024-09-10,00905,FT臺灣Smart,twse,12.95,12.95,12.72,12.79,2542503,32576589,-0.03,,,1732,
2024-09-11,00905,FT臺灣Smart,twse,12.79,12.82,12.74,12.75,2419699,30905441,-0.04,,,1409,
2024-09-12,00905,FT臺灣Smart,twse,13.00,13.15,12.99,13.09,3246905,42420659,0.34,,,1294,
2024-09-13,00905,FT臺灣Smart,twse,13.15,13.19,13.08,13.12,1814175,23821555,0.03,,,950,
2024-09-16,00905,FT臺灣Smart,twse,13.15,13.21,13.13,13.18,1454025,19148299,0.06,,,1075,
2024-09-18,00905,FT臺灣Smart,twse,13.16,13.21,13.07,13.09,2429471,31918507,-0.09,,,1522,
2024-09-19,00905,FT臺灣Smart,twse,13.15,13.30,13.11,13.28,1907876,25244498,0.19,,,993,
2024-09-20,00905,FT臺灣Smart,twse,13.48,13.50,13.34,13.34,2913416,39143921,0.06,,,1414,
2024-09-23,00905,FT臺灣Smart,twse,13.35,13.47,13.35,13.43,2322803,31197329,0.09,,,1105,
2024-09-24,00905,FT臺灣Smart,twse,13.42,13.55,13.38,13.54,3133316,42208278,0.11,,,1522,
2024-09-25,00905,FT臺灣Smart,twse,13.70,13.74,13.68,13.72,5728452,78541634,0.18,,,2227,
2024-09-26,00905,FT臺灣Smart,twse,13.79,13.87,13.79,13.79,4913290,67923727,0.07,,,1914,
2024-09-27,00905,FT臺灣Smart,twse,13.87,13.92,13.77,13.79,4575106,63360967,0.0,,,1786,
2024-09-30,00905,FT臺灣Smart,twse,13.61,13.66,13.48,13.49,7049352,95686066,-0.3,,,3327,
2024-10-01,00905,FT臺灣Smart,twse,13.52,13.55,13.47,13.51,3192056,43140430,0.02,,,1246,
2024-10-04,00905,FT臺灣Smart,twse,13.57,13.58,13.46,13.49,7338069,99155551,-0.02,,,2192,
2024-10-07,00905,FT臺灣Smart,twse,13.65,13.76,13.61,13.74,6174352,84690515,0.25,,,2256,
2024-10-08,00905,FT臺灣Smart,twse,13.73,13.73,13.59,13.71,5484096,74935573,-0.03,,,2391,
2024-10-09,00905,FT臺灣Smart,twse,13.83,13.86,13.78,13.79,4628934,63953192,0.08,,,1906,
2024-10-11,00905,FT臺灣Smart,twse,13.84,13.97,13.84,13.93,5012177,69823741,0.14,,,2179,
2024-10-14,00905,FT臺灣Smart,twse,13.97,13.98,13.88,13.97,4729439,65970859,0.04,,,2055,
2024-10-15,00905,FT臺灣Smart,twse,14.05,14.18,14.02,14.16,6668633,94204191,0.19,,,2522,
2024-10-16,00905,FT臺灣Smart,twse,14.01,14.20,13.95,14.06,20274969,285492641,-0.1,,,6074,
2024-10-17,00905,FT臺灣Smart,twse,14.15,14.18,14.05,14.10,14259674,200934290,0.04,,,3608,
2024-10-18,00905,FT臺灣Smart,twse,14.42,14.45,14.31,14.35,22894825,329630358,0.25,,,5102,
2024-10-21,00905,FT臺灣Smart,twse,14.52,14.55,14.43,14.44,42072021,610021233,0.09,,,8900,
2024-10-22,00905,FT臺灣Smart,twse,13.95,14.06,13.95,14.01,27617891,386696777,0.0,,,8597,
2024-10-23,00905,FT臺灣Smart,twse,14.00,14.03,13.95,13.97,9223627,128927538,-0.04,,,4042,
2024-10-24,00905,FT臺灣Smart,twse,13.97,14.00,13.85,13.87,10180194,141676574,-0.1,,,5208,
2024-10-25,00905,FT臺灣Smart,twse,13.88,13.96,13.88,13.96,4192175,58412552,0.09,,,2013,
2024-10-28,00905,FT臺灣Smart,twse,14.04,14.08,13.90,13.93,7070298,98767938,-0.03,,,3184,
2024-10-29,00905,FT臺灣Smart,twse,13.85,13.85,13.61,13.70,14795264,202534063,-0.23,,,7873,
2024-10-30,00905,FT臺灣Smart,twse,13.79,13.83,13.68,13.70,5718152,78618260,0.0,,,3071,
2024-11-01,00905,FT臺灣Smart,twse,13.42,13.67,13.34,13.65,11650143,157575571,-0.05,,,5380,
2024-11-04,00905,FT臺灣Smart,twse,13.70,13.79,13.66,13.79,4936267,67719929,0.14,,,3063,
2024-11-05,00905,FT臺灣Smart,twse,13.73,13.88,13.70,13.82,5609683,77363146,0.03,,,1924,
2024-11-06,00905,FT臺灣Smart,twse,13.87,14.01,13.83,13.91,8141405,113349177,0.09,,,2644,
2024-11-07,00905,FT臺灣Smart,twse,13.88,14.02,13.85,13.97,6904287,96402256,0.06,,,2358,
2024-11-08,00905,FT臺灣Smart,twse,14.07,14.10,13.99,14.03,6258126,87934585,0.06,,,2191,
2024-11-11,00905,FT臺灣Smart,twse,14.04,14.04,13.91,14.04,5035691,70335581,0.01,,,2392,
2024-11-12,00905,FT臺灣Smart,twse,13.88,13.97,13.80,13.80,9733078,134856815,-0.24,,,5462,
2024-11-13,00905,FT臺灣Smart,twse,13.77,13.80,13.71,13.75,6804248,93584732,-0.05,,,3142,
2024-11-14,00905,FT臺灣Smart,twse,13.73,13.74,13.57,13.61,9311930,126892414,-0.14,,,4504,
2024-11-15,00905,FT臺灣Smart,twse,13.68,13.70,13.58,13.67,4660643,63583007,0.06,,,1845,
2024-11-18,00905,FT臺灣Smart,twse,13.58,13.63,13.48,13.50,6755347,91322470,-0.17,,,4114,
2024-11-19,00905,FT臺灣Smart,twse,13.52,13.68,13.50,13.66,3193526,43377061,0.16,,,1704,
2024-11-20,00905,FT臺灣Smart,twse,13.70,13.73,13.55,13.58,4943832,67316242,-0.08,,,2686,
2024-11-21,00905,FT臺灣Smart,twse,13.55,13.59,13.48,13.53,5068509,68548966,-0.05,,,2740,
2024-11-22,00905,FT臺灣Smart,twse,13.62,13.72,13.62,13.69,3055928,41834833,0.16,,,1391,
2024-11-25,00905,FT臺灣Smart,twse,13.75,13.83,13.74,13.74,3896320,53693101,0.05,,,1724,
2024-11-26,00905,FT臺灣Smart,twse,13.65,13.65,13.56,13.61,5297003,72070954,-0.13,,,2907,
2024-11-27,00905,FT臺灣Smart,twse,13.60,13.60,13.39,13.39,9111064,122705178,-0.22,,,5992,
2024-11-28,00905,FT臺灣Smart,twse,13.35,13.39,13.25,13.33,6946990,92511003,-0.06,,,3573,
2024-11-29,00905,FT臺灣Smart,twse,13.29,13.42,13.20,13.39,4322221,57672354,0.06,,,1817,
2024-12-02,00905,FT臺灣Smart,twse,13.47,13.63,13.47,13.63,3501002,47559290,0.24,,,1591,
2024-12-03,00905,FT臺灣Smart,twse,13.78,13.82,13.76,13.78,6594273,90926461,0.15,,,2132,
2024-12-04,00905,FT臺灣Smart,twse,13.88,13.88,13.78,13.85,5301795,73228238,0.07,,,1812,
2024-12-05,00905,FT臺灣Smart,twse,13.85,13.92,13.85,13.86,4372347,60633803,0.01,,,1514,
2024-12-06,00905,FT臺灣Smart,twse,13.86,13.90,13.78,13.82,4224968,58449173,-0.04,,,2293,
2024-12-09,00905,FT臺灣Smart,twse,13.82,13.88,13.82,13.84,3278341,45412262,0.02,,,1497,
2024-12-10,00905,FT臺灣Smart,twse,13.82,13.88,13.78,13.79,2646285,36547192,-0.05,,,1538,
2024-12-11,00905,FT臺灣Smart,twse,13.65,13.78,13.65,13.71,3550594,48698841,-0.08,,,1845,
2024-12-12,00905,FT臺灣Smart,twse,13.78,13.85,13.78,13.82,4479400,61913009,0.11,,,1314,
2024-12-13,00905,FT臺灣Smart,twse,13.80,13.83,13.75,13.79,3171183,43747550,-0.03,,,1674,
2024-12-16,00905,FT臺灣Smart,twse,13.90,13.95,13.76,13.77,3712472,51437451,-0.02,,,1985,
2024-12-17,00905,FT臺灣Smart,twse,13.78,13.87,13.78,13.81,2867833,39697587,0.04,,,1230,
2024-12-18,00905,FT臺灣Smart,twse,13.80,13.88,13.74,13.83,2784227,38409689,0.02,,,1413,
2024-12-19,00905,FT臺灣Smart,twse,13.65,13.76,13.64,13.75,5171960,70815642,-0.08,,,2409,
2024-12-20,00905,FT臺灣Smart,twse,13.70,13.72,13.65,13.70,3339871,45699273,-0.05,,,1996,
2024-12-23,00905,FT臺灣Smart,twse,13.77,13.90,13.77,13.86,6730981,93243118,0.16,,,1817,
2024-12-24,00905,FT臺灣Smart,twse,13.94,13.98,13.86,13.86,3603691,50133156,0.0,,,1406,
2024-12-25,00905,FT臺灣Smart,twse,13.87,13.94,13.87,13.90,2307904,32084699,0.04,,,1194,
2024-12-26,00905,FT臺灣Smart,twse,13.90,13.93,13.90,13.91,2453739,34136380,0.01,,,1370,
2024-12-27,00905,FT臺灣Smart,twse,13.85,13.93,13.85,13.91,2298047,31965429,0.0,,,1249,
2024-12-30,00905,FT臺灣Smart,twse,13.90,13.92,13.87,13.88,2076837,28848777,-0.03,,,1327,
2024-12-31,00905,FT臺灣Smart,twse,13.85,13.86,13.76,13.85,2770800,38232211,-0.03,,,1507,
2025-01-02,00905,FT臺灣Smart,twse,13.80,13.82,13.69,13.73,4740364,65108399,-0.12,,,2840,
2025-01-03,00905,FT臺灣Smart,twse,13.77,13.86,13.72,13.73,6001998,82706338,0.0,,,1549,
2025-01-06,00905,FT臺灣Smart,twse,13.87,14.02,13.87,14.00,16470926,229627105,0.27,,,3875,
2025-01-07,00905,FT臺灣Smart,twse,14.15,14.22,14.13,14.14,11292279,160104098,0.14,,,3198,
2025-01-08,00905,FT臺灣Smart,twse,14.08,14.12,14.02,14.05,3966972,55807391,-0.09,,,1766,
2025-01-09,00905,FT臺灣Smart,twse,14.03,14.05,13.85,13.86,7212059,100633058,-0.19,,,3473,
2025-01-10,00905,FT臺灣Smart,twse,13.86,13.86,13.78,13.81,4306709,59479707,-0.05,,,2149,
2025-01-13,00905,FT臺灣Smart,twse,13.76,13.78,13.47,13.49,8647224,117204731,-0.32,,,5375,
2025-01-14,00905,FT臺灣Smart,twse,13.50,13.62,13.50,13.61,2332863,31642340,0.12,,,1198,
2025-01-15,00905,FT臺灣Smart,twse,13.62,13.62,13.49,13.49,3704303,50133864,-0.12,,,2442,
2025-01-16,00905,FT臺灣Smart,twse,13.70,13.78,13.68,13.72,4143944,56907267,0.23,,,1575,
2025-01-17,00905,FT臺灣Smart,twse,13.80,13.80,13.67,13.75,1986609,27299079,0.03,,,1239,
2025-01-20,00905,FT臺灣Smart,twse,13.79,13.90,13.79,13.86,2742092,38032568,0.11,,,1766,
2025-01-21,00905,FT臺灣Smart,twse,13.87,13.92,13.84,13.89,1863086,25865455,0.03,,,1184,
2025-01-22,00905,FT臺灣Smart,twse,13.99,14.07,13.99,14.06,6595214,92606087,0.17,,,2507,
2025-02-03,00905,FT臺灣Smart,twse,13.47,13.64,13.46,13.58,14862210,201436614,-0.48,,,7150,
2025-02-04,00905,FT臺灣Smart,twse,13.70,13.70,13.55,13.57,4276804,58214637,-0.01,,,2310,
2025-02-05,00905,FT臺灣Smart,twse,13.66,13.82,13.66,13.77,3841757,52889342,0.2,,,1833,
2025-02-06,00905,FT臺灣Smart,twse,13.84,13.90,13.81,13.81,3153289,43697796,0.04,,,1397,
2025-02-07,00905,FT臺灣Smart,twse,13.81,13.94,13.81,13.93,5592210,77650227,0.12,,,2579,
2025-02-10,00905,FT臺灣Smart,twse,13.90,13.90,13.81,13.84,3668714,50772454,-0.09,,,2083,
2025-02-11,00905,FT臺灣Smart,twse,13.90,13.97,13.88,13.90,4080411,56839462,0.06,,,1296,
2025-02-12,00905,FT臺灣Smart,twse,13.93,14.01,13.90,13.91,3477260,48532302,0.01,,,1521,
2025-02-13,00905,FT臺灣Smart,twse,13.94,13.96,13.88,13.93,2487365,34647686,0.02,,,1403,
2025-02-14,00905,FT臺灣Smart,twse,13.88,13.88,13.79,13.81,6976122,96524448,-0.12,,,3516,
2025-02-17,00905,FT臺灣Smart,twse,13.88,13.96,13.86,13.94,4677142,65161649,0.13,,,1865,
2025-02-18,00905,FT臺灣Smart,twse,13.98,14.02,13.96,14.01,4521875,63262092,0.07,,,2327,
2025-02-19,00905,FT臺灣Smart,twse,14.05,14.05,14.00,14.00,3673265,51494022,-0.01,,,1831,
2025-02-20,00905,FT臺灣Smart,twse,14.00,14.00,13.93,13.97,3279394,45782598,-0.03,,,1660,
2025-02-21,00905,FT臺灣Smart,twse,13.97,14.07,13.95,14.05,4456377,62540690,0.08,,,1605,
2025-02-24,00905,FT臺灣Smart,twse,13.99,14.05,13.96,14.05,2873016,40214860,0.0,,,1475,
2025-02-25,00905,FT臺灣Smart,twse,13.96,13.96,13.87,13.90,5611737,78053111,-0.15,,,3368,
2025-02-26,00905,FT臺灣Smart,twse,13.88,13.98,13.83,13.97,2216455,30835744,0.07,,,1581,
2025-02-27,00905,FT臺灣Smart,twse,14.00,14.02,13.86,13.89,4861459,67628341,-0.08,,,2611,
2025-03-03,00905,FT臺灣Smart,twse,13.66,13.71,13.61,13.65,11825964,161480259,-0.24,,,6121,
2025-03-04,00905,FT臺灣Smart,twse,13.49,13.68,13.46,13.65,6050283,81991436,0.0,,,3074,
2025-03-05,00905,FT臺灣Smart,twse,13.73,13.78,13.70,13.78,2395100,32927018,0.13,,,1484,
2025-03-06,00905,FT臺灣Smart,twse,13.76,13.79,13.71,13.73,2973043,40880144,-0.05,,,1960,
2025-03-07,00905,FT臺灣Smart,twse,13.65,13.69,13.58,13.59,4925387,67070344,-0.14,,,3174,
2025-03-10,00905,FT臺灣Smart,twse,13.60,13.60,13.50,13.53,3916485,53028228,-0.06,,,2597,
2025-03-11,00905,FT臺灣Smart,twse,13.30,13.35,13.12,13.27,9341675,123581153,-0.26,,,5195,
2025-03-12,00905,FT臺灣Smart,twse,13.29,13.45,13.28,13.36,2563387,34278351,0.09,,,1688,
2025-03-13,00905,FT臺灣Smart,twse,13.50,13.55,13.24,13.25,3992817,53260502,-0.11,,,2732,
2025-03-14,00905,FT臺灣Smart,twse,13.25,13.29,13.17,13.22,3532842,46688491,-0.03,,,2194,
2025-03-17,00905,FT臺灣Smart,twse,13.29,13.35,13.26,13.28,2784669,37046677,0.06,,,1504,
2025-03-18,00905,FT臺灣Smart,twse,13.37,13.42,13.32,13.37,1989284,26568827,0.09,,,1099,
2025-03-19,00905,FT臺灣Smart,twse,13.35,13.37,13.22,13.24,2730800,36278678,-0.13,,,2425,
2025-03-20,00905,FT臺灣Smart,twse,13.35,13.43,13.35,13.42,2227128,29845826,0.18,,,1336,
2025-03-21,00905,FT臺灣Smart,twse,13.42,13.42,13.35,13.35,1360224,18190594,-0.07,,,1059,
2025-03-24,00905,FT臺灣Smart,twse,13.42,13.43,13.29,13.29,1984410,26469423,-0.06,,,1911,
2025-03-25,00905,FT臺灣Smart,twse,13.40,13.46,13.36,13.40,1791637,24016743,0.11,,,1003,
2025-03-26,00905,FT臺灣Smart,twse,13.43,13.46,13.38,13.41,1560687,20927045,0.01,,,996,
2025-03-27,00905,FT臺灣Smart,twse,13.27,13.28,13.21,13.23,4447688,58877203,-0.18,,,3045,
2025-03-28,00905,FT臺灣Smart,twse,13.16,13.16,13.00,13.07,6158192,80481937,-0.16,,,4416,
2025-03-31,00905,FT臺灣Smart,twse,12.72,12.77,12.56,12.59,10704124,135337555,-0.48,,,6798,
2025-04-01,00905,FT臺灣Smart,twse,12.63,12.84,12.61,12.80,3352064,42679058,0.21,,,2072,
2025-04-02,00905,FT臺灣Smart,twse,12.76,12.83,12.73,12.75,6922156,88466632,-0.05,,,2081,
2025-04-07,00905,FT臺灣Smart,twse,11.48,11.48,11.48,11.48,3738637,42931527,-1.27,down,,3046,
2025-04-08,00905,FT臺灣Smart,twse,10.66,11.20,10.66,10.93,18748399,205057427,-0.55,,,5879,
2025-04-09,00905,FT臺灣Smart,twse,10.90,10.93,10.21,10.23,13118021,138010185,-0.7,,,4918,
2025-04-10,00905,FT臺灣Smart,twse,11.25,11.25,11.25,11.25,1574660,17714856,1.02,up,,620,
2025-04-11,00905,FT臺灣Smart,twse,10.98,11.66,10.90,11.66,4527033,51332545,0.41,,,2121,
2025-04-14,00905,FT臺灣Smart,twse,11.82,11.98,11.69,11.69,6214936,73480597,0.03,,,2468,
2025-04-15,00905,FT臺灣Smart,twse,11.79,11.90,11.71,11.89,2470482,29202065,0.2,,,1555,
2025-04-16,00905,FT臺灣Smart,twse,11.79,11.82,11.67,11.68,2657821,31136281,-0.21,,,2063,
2025-04-17,00905,FT臺灣Smart,twse,11.60,11.65,11.50,11.61,2042571,23632529,-0.07,,,1427,
2025-04-18,00905,FT臺灣Smart,twse,11.62,11.62,11.56,11.58,1456750,16887572,0.0,,,1104,
2025-04-21,00905,FT臺灣Smart,twse,11.46,11.50,11.37,11.39,2293128,26160997,-0.19,,,1610,
2025-04-22,00905,FT臺灣Smart,twse,11.27,11.38,11.20,11.22,1628211,18348258,-0.17,,,1399,
2025-04-23,00905,FT臺灣Smart,twse,11.49,11.67,11.49,11.66,2687237,31211794,0.44,,,1182,
2025-04-24,00905,FT臺灣Smart,twse,11.77,11.77,11.61,11.62,1797113,21037441,-0.04,,,930,
2025-04-25,00905,FT臺灣Smart,twse,11.85,11.96,11.85,11.88,2719982,32391005,0.26,,,1229,
2025-04-28,00905,FT臺灣Smart,twse,11.95,12.00,11.92,11.95,1490708,17827050,0.07,,,1156,
2025-04-29,00905,FT臺灣Smart,twse,11.96,12.05,11.92,12.04,1787180,21445893,0.09,,,1047,
2025-04-30,00905,FT臺灣Smart,twse,12.04,12.10,11.99,12.00,2217167,26655371,-0.04,,,970,
2025-05-02,00905,FT臺灣Smart,twse,12.22,12.32,12.22,12.32,2829176,34735505,0.32,,,1407,
2025-05-05,00905,FT臺灣Smart,twse,12.40,12.42,12.06,12.18,4154191,50671358,-0.14,,,1538,
2025-05-06,00905,FT臺灣Smart,twse,12.12,12.23,12.06,12.18,2142158,26057822,0.0,,,1013,
2025-05-07,00905,FT臺灣Smart,twse,12.21,12.32,12.13,12.17,2219809,27057516,-0.01,,,1028,
2025-05-08,00905,FT臺灣Smart,twse,12.22,12.35,12.22,12.33,1437695,17673072,0.16,,,1066,
2025-05-09,00905,FT臺灣Smart,twse,12.34,12.45,12.34,12.45,1797983,22309401,0.12,,,1058,
2025-05-12,00905,FT臺灣Smart,twse,12.53,12.61,12.53,12.56,2071716,26048714,0.11,,,1199,
2025-05-13,00905,FT臺灣Smart,twse,12.77,12.95,12.76,12.79,3270760,41988577,0.23,,,1395,
2025-05-14,00905,FT臺灣Smart,twse,12.95,13.06,12.94,13.06,4719975,61336380,0.27,,,1868,
2025-05-15,00905,FT臺灣Smart,twse,13.04,13.10,13.01,13.06,2976390,38866709,0.0,,,1330,
2025-05-16,00905,FT臺灣Smart,twse,13.00,13.17,13.00,13.15,3610874,47383460,0.09,,,1473,
2025-05-19,00905,FT臺灣Smart,twse,13.12,13.12,12.94,12.95,2481316,32320494,-0.2,,,1758,
2025-05-20,00905,FT臺灣Smart,twse,13.05,13.09,12.95,12.97,1497131,19487642,0.02,,,968,
2025-05-21,00905,FT臺灣Smart,twse,12.99,13.14,12.99,13.14,2560292,33476704,0.17,,,1179,
2025-05-22,00905,FT臺灣Smart,twse,13.07,13.10,12.99,13.10,1391470,18154576,-0.04,,,950,
2025-05-23,00905,FT臺灣Smart,twse,13.19,13.20,13.00,13.04,1395941,18248295,-0.06,,,963,
2025-05-26,00905,FT臺灣Smart,twse,13.06,13.07,13.00,13.01,1320864,17203602,-0.03,,,1147,
2025-05-27,00905,FT臺灣Smart,twse,13.01,13.01,12.84,12.88,1579408,20373200,-0.13,,,1498,
2025-05-28,00905,FT臺灣Smart,twse,12.99,13.08,12.85,12.92,1470836,19052333,0.04,,,880,
2025-05-29,00905,FT臺灣Smart,twse,13.05,13.07,12.93,12.98,1720664,22321894,0.06,,,912,
2025-06-02,00905,FT臺灣Smart,twse,12.88,12.89,12.68,12.70,2375832,30265367,-0.28,,,2002,
2025-06-03,00905,FT臺灣Smart,twse,12.82,12.91,12.78,12.79,1343731,17249709,0.09,,,881,
2025-06-04,00905,FT臺灣Smart,twse,12.90,13.04,12.90,13.02,3925679,51077696,0.23,,,1288,
2025-06-05,00905,FT臺灣Smart,twse,13.04,13.09,12.98,13.01,1919538,25023422,-0.01,,,1205,
2025-06-06,00905,FT臺灣Smart,twse,13.00,13.02,12.96,13.00,1351207,17538828,-0.01,,,1081,
2025-06-09,00905,FT臺灣Smart,twse,13.04,13.08,13.01,13.04,2039403,26596243,0.04,,,1188,
2025-06-10,00905,FT臺灣Smart,twse,13.11,13.32,13.11,13.31,7329349,97174581,0.27,,,2311,
2025-06-11,00905,FT臺灣Smart,twse,13.38,13.44,13.37,13.42,5675515,76109521,0.11,,,1758,
2025-06-12,00905,FT臺灣Smart,twse,13.41,13.42,13.35,13.37,2647713,35422418,-0.05,,,1092,
2025-06-13,00905,FT臺灣Smart,twse,13.29,13.34,13.21,13.25,3668873,48725996,-0.12,,,1566,
2025-06-16,00905,FT臺灣Smart,twse,13.20,13.27,13.18,13.27,3015485,39897152,0.02,,,1130,
2025-06-17,00905,FT臺灣Smart,twse,13.38,13.41,13.29,13.33,3560365,47498366,0.06,,,990,
2025-06-18,00905,FT臺灣Smart,twse,13.33,13.43,13.32,13.38,4971766,66540999,0.05,,,1181,
2025-06-19,00905,FT臺灣Smart,twse,13.39,13.39,13.27,13.29,1904490,25366333,-0.09,,,988,
2025-06-20,00905,FT臺灣Smart,twse,13.29,13.30,13.15,13.24,1961891,25912030,-0.05,,,1027,
2025-06-23,00905,FT臺灣Smart,twse,13.10,13.20,13.05,13.19,1924018,25260723,-0.05,,,1197,
2025-06-24,00905,FT臺灣Smart,twse,13.38,13.45,13.38,13.45,3898758,52344959,0.26,,,1201,
2025-06-25,00905,FT臺灣Smart,twse,13.54,13.57,13.52,13.56,4803975,65061125,0.11,,,1557,
2025-06-26,00905,FT臺灣Smart,twse,13.57,13.64,13.55,13.55,5483406,74538467,-0.01,,,1238,
2025-06-27,00905,FT臺灣Smart,twse,13.59,13.61,13.51,13.55,4084131,55370765,0.0,,,864,
2025-06-30,00905,FT臺灣Smart,twse,13.60,13.61,13.53,13.53,2005955,27209519,-0.02,,,935,
2025-07-01,00905,FT臺灣Smart,twse,13.60,13.78,13.60,13.66,5861865,80379208,0.13,,,1728,
2025-07-02,00905,FT臺灣Smart,twse,13.60,13.69,13.60,13.69,2705039,36921212,0.03,,,949,
2025-07-03,00905,FT臺灣Smart,twse,13.80,13.86,13.79,13.84,7204535,99675415,0.15,,,1867,
2025-07-04,00905,FT臺灣Smart,twse,13.87,13.90,13.73,13.76,3520951,48627053,-0.08,,,1107,
2025-07-07,00905,FT臺灣Smart,twse,13.75,13.75,13.57,13.64,1851863,25249753,-0.12,,,1163,
2025-07-08,00905,FT臺灣Smart,twse,13.62,13.63,13.52,13.59,2963153,40225377,-0.05,,,1050,
2025-07-09,00905,FT臺灣Smart,twse,13.58,13.78,13.58,13.77,2698681,36982956,0.18,,,972,
2025-07-10,00905,FT臺灣Smart,twse,13.79,13.87,13.78,13.84,4123916,57049219,0.07,,,1254,
2025-07-11,00905,FT臺灣Smart,twse,13.84,13.93,13.83,13.92,4483678,62309700,0.08,,,1969,
2025-07-14,00905,FT臺灣Smart,twse,13.92,13.92,13.81,13.81,1793741,24811147,-0.11,,,1079,
2025-07-15,00905,FT臺灣Smart,twse,13.82,13.98,13.82,13.95,4484322,62484838,0.14,,,1417,
2025-07-16,00905,FT臺灣Smart,twse,13.92,14.02,13.90,13.97,6976647,97586727,0.0,,,1891,
2025-07-17,00905,FT臺灣Smart,twse,14.00,14.04,13.92,14.03,4718097,66072287,0.06,,,1441,
2025-07-18,00905,FT臺灣Smart,twse,14.18,14.20,14.14,14.15,7492199,106085758,0.12,,,2014,
2025-07-21,00905,FT臺灣Smart,twse,14.16,14.19,14.14,14.15,3178746,45034112,0.0,,,1242,
2025-07-22,00905,FT臺灣Smart,twse,14.17,14.29,14.02,14.02,5065671,71660357,-0.13,,,1606,
2025-07-23,00905,FT臺灣Smart,twse,14.10,14.17,14.10,14.13,2298114,32498677,0.11,,,1015,
2025-07-24,00905,FT臺灣Smart,twse,14.20,14.25,14.19,14.24,3244516,46118839,0.11,,,1194,
2025-07-25,00905,FT臺灣Smart,twse,14.24,14.26,14.20,14.22,2412767,34331596,-0.02,,,905,
2025-07-28,00905,FT臺灣Smart,twse,14.28,14.31,14.21,14.28,3259303,46536701,0.06,,,1233,
2025-07-29,00905,FT臺灣Smart,twse,14.26,14.26,14.06,14.12,1864661,26351972,-0.16,,,1109,
2025-07-30,00905,FT臺灣Smart,twse,14.20,14.24,14.15,14.20,2893965,41134130,0.08,,,955,
2025-07-31,00905,FT臺灣Smart,twse,14.27,14.41,14.27,14.40,5691648,81667930,0.2,,,1960,
2025-08-01,00905,FT臺灣Smart,twse,14.23,14.38,14.19,14.34,3137516,44949113,-0.06,,,1096,
2025-08-04,00905,FT臺灣Smart,twse,14.20,14.31,14.18,14.31,2663333,37981626,-0.03,,,999,
2025-08-05,00905,FT臺灣Smart,twse,14.45,14.51,14.41,14.50,5880758,85162017,0.19,,,1847,
2025-08-06,00905,FT臺灣Smart,twse,14.44,14.45,14.41,14.42,1364059,19686751,-0.08,,,1017,
2025-08-07,00905,FT臺灣Smart,twse,14.62,14.77,14.62,14.72,6821606,100421934,0.3,,,2167,
2025-08-08,00905,FT臺灣Smart,twse,14.76,14.82,14.76,14.79,3682591,54464215,0.07,,,1494,
2025-08-11,00905,FT臺灣Smart,twse,14.77,14.91,14.70,14.88,3095357,45911037,0.09,,,1623,
2025-08-12,00905,FT臺灣Smart,twse,14.90,14.91,14.83,14.90,3387315,50379098,0.02,,,1322,
2025-08-13,00905,FT臺灣Smart,twse,14.96,15.03,14.90,15.00,4606784,69025520,0.1,,,1844,
2025-08-14,00905,FT臺灣Smart,twse,15.00,15.03,14.94,15.01,2398520,35960680,0.01,,,1185,
2025-08-15,00905,FT臺灣Smart,twse,15.00,15.08,14.97,15.03,3472382,52212424,0.02,,,1392,
2025-08-18,00905,FT臺灣Smart,twse,15.01,15.13,15.00,15.12,4108664,61879672,0.09,,,1519,
2025-08-19,00905,FT臺灣Smart,twse,15.12,15.13,15.02,15.02,2551082,38390931,-0.1,,,1046,
2025-08-20,00905,FT臺灣Smart,twse,14.80,14.88,14.60,14.61,4315036,63488150,-0.41,,,3068,
2025-08-21,00905,FT臺灣Smart,twse,14.61,14.81,14.61,14.78,1829565,26972649,0.17,,,857,
2025-08-22,00905,FT臺灣Smart,twse,14.82,14.82,14.73,14.73,1009224,14917617,-0.05,,,677,
2025-08-25,00905,FT臺灣Smart,twse,14.99,15.04,14.93,15.01,2649185,39757234,0.28,,,1232,
2025-08-26,00905,FT臺灣Smart,twse,14.99,15.04,14.92,15.03,1496942,22444494,0.02,,,780,
2025-08-27,00905,FT臺灣Smart,twse,15.10,15.19,15.10,15.17,3327392,50431506,0.14,,,1198,
2025-08-28,00905,FT臺灣Smart,twse,15.10,15.16,15.05,15.08,1585187,23950037,-0.09,,,851,
2025-08-29,00905,FT臺灣Smart,twse,15.18,15.20,15.10,15.12,2696569,40853128,0.04,,,771,
2025-09-01,00905,FT臺灣Smart,twse,15.05,15.15,14.87,14.92,2594440,38892567,-0.2,,,1380,
2025-09-02,00905,FT臺灣Smart,twse,15.03,15.09,14.84,14.88,1947357,29058012,-0.04,,,931,
2025-09-03,00905,FT臺灣Smart,twse,14.87,14.98,14.85,14.94,1110053,16574825,0.06,,,613,
2025-09-04,00905,FT臺灣Smart,twse,15.09,15.14,15.01,15.02,2453793,37015834,0.08,,,917,
2025-09-05,00905,FT臺灣Smart,twse,15.15,15.19,15.13,15.17,2449053,37141461,0.15,,,1059,
2025-09-08,00905,FT臺灣Smart,twse,15.30,15.31,15.24,15.26,1744030,26642450,0.09,,,1069,
2025-09-09,00905,FT臺灣Smart,twse,15.30,15.45,15.30,15.42,3449029,53098114,0.16,,,1312,
2025-09-10,00905,FT臺灣Smart,twse,15.56,15.73,15.56,15.70,4611171,72221417,0.28,,,2113,
2025-09-11,00905,FT臺灣Smart,twse,15.82,15.86,15.69,15.70,3540626,55933303,0.0,,,1991,
2025-09-12,00905,FT臺灣Smart,twse,15.80,15.84,15.76,15.80,3517734,55578105,0.1,,,1211,
2025-09-15,00905,FT臺灣Smart,twse,15.81,15.81,15.71,15.76,2197030,34628351,-0.04,,,1271,
2025-09-16,00905,FT臺灣Smart,twse,15.79,15.90,15.79,15.88,2227259,35354652,0.12,,,1076,
2025-09-17,00905,FT臺灣Smart,twse,15.85,15.88,15.78,15.79,1561462,24702075,-0.09,,,979,
2025-09-18,00905,FT臺灣Smart,twse,15.83,15.97,15.80,15.96,2036797,32362577,0.17,,,1101,
2025-09-19,00905,FT臺灣Smart,twse,16.00,16.02,15.90,15.92,1543354,24609408,-0.04,,,1050,
2025-09-22,00905,FT臺灣Smart,twse,15.92,16.02,15.92,15.99,1330831,21269714,0.07,,,902,
2025-09-23,00905,FT臺灣Smart,twse,16.11,16.21,16.07,16.16,2669281,43107088,0.17,,,1424,
2025-09-24,00905,FT臺灣Smart,twse,16.24,16.24,16.07,16.12,2483495,40037930,-0.04,,,1153,
2025-09-25,00905,FT臺灣Smart,twse,16.10,16.15,16.05,16.07,2258173,36334945,-0.05,,,1014,
2025-09-26,00905,FT臺灣Smart,twse,16.03,16.03,15.70,15.79,5145150,81205985,-0.28,,,2738,
2025-09-30,00905,FT臺灣Smart,twse,15.82,16.02,15.82,15.96,2426449,38731912,0.17,,,1001,
2025-10-01,00905,FT臺灣Smart,twse,16.01,16.16,15.95,15.99,1413087,22677255,0.03,,,991,
2025-10-02,00905,FT臺灣Smart,twse,16.20,16.21,16.15,16.18,2094698,33915874,0.19,,,1169,
2025-10-03,00905,FT臺灣Smart,twse,16.19,16.35,16.19,16.34,2812419,45838210,0.16,,,1355,
2025-10-07,00905,FT臺灣Smart,twse,16.49,16.70,16.49,16.66,2693652,44768083,0.32,,,1611,
2025-10-08,00905,FT臺灣Smart,twse,16.56,16.62,16.50,16.60,1954275,32365357,-0.06,,,1341,
2025-10-09,00905,FT臺灣Smart,twse,16.71,16.77,16.69,16.70,2385227,39879024,0.1,,,1227,
2025-10-13,00905,FT臺灣Smart,twse,16.18,16.50,16.18,16.49,3708767,60792697,-0.21,,,2463,
2025-10-14,00905,FT臺灣Smart,twse,16.71,16.80,16.37,16.39,3242244,53667231,-0.1,,,1804,
2025-10-15,00905,FT臺灣Smart,twse,16.41,16.62,16.34,16.62,2380019,39279521,0.23,,,1103,
2025-10-16,00905,FT臺灣Smart,twse,16.74,16.92,16.72,16.91,3149424,53035071,0.29,,,1316,
2025-10-17,00905,FT臺灣Smart,twse,16.79,16.86,16.73,16.74,3469056,58185138,-0.17,,,1857,
2025-10-20,00905,FT臺灣Smart,twse,16.60,16.69,16.51,16.64,2369525,39365137,0.0,,,1241,
2025-10-21,00905,FT臺灣Smart,twse,16.72,16.79,16.72,16.73,2010880,33700914,0.09,,,999,
2025-10-22,00905,FT臺灣Smart,twse,16.65,16.70,16.56,16.68,2369728,39380709,-0.05,,,1276,
2025-10-23,00905,FT臺灣Smart,twse,16.55,16.58,16.49,16.57,1350356,22343369,-0.11,,,1079,
2025-10-27,00905,FT臺灣Smart,twse,16.80,16.92,16.80,16.90,3402726,57385165,0.33,,,1436,
2025-10-28,00905,FT臺灣Smart,twse,16.95,16.95,16.82,16.85,1468977,24768207,-0.05,,,988,
2025-10-29,00905,FT臺灣Smart,twse,16.99,17.10,16.99,17.09,1888790,32223340,0.24,,,1100,
2025-10-30,00905,FT臺灣Smart,twse,17.12,17.20,16.98,17.09,1789421,30566803,0.0,,,1021,
2025-10-31,00905,FT臺灣Smart,twse,17.12,17.22,17.11,17.16,1122461,19254712,0.07,,,697,
2025-11-03,00905,FT臺灣Smart,twse,17.15,17.20,17.03,17.09,1279211,21887967,-0.07,,,1156,
2025-11-04,00905,FT臺灣Smart,twse,17.22,17.24,16.96,16.96,1714574,29273904,-0.13,,,1248,
2025-11-05,00905,FT臺灣Smart,twse,16.72,16.84,16.55,16.83,4657421,77837187,-0.13,,,2132,
2025-11-06,00905,FT臺灣Smart,twse,16.90,16.99,16.90,16.97,2452810,41553438,0.14,,,825,
2025-11-07,00905,FT臺灣Smart,twse,16.81,16.82,16.70,16.77,2081779,34919005,-0.2,,,1323,
2025-11-10,00905,FT臺灣Smart,twse,16.79,16.90,16.74,16.87,1700960,28612604,0.1,,,916,
2025-11-11,00905,FT臺灣Smart,twse,16.93,16.98,16.77,16.77,1134669,19161565,-0.1,,,884,
2025-11-12,00905,FT臺灣Smart,twse,16.84,16.85,16.77,16.84,947417,15935938,0.07,,,682,
2025-11-13,00905,FT臺灣Smart,twse,16.81,16.84,16.75,16.82,1094678,18393189,-0.02,,,899,
2025-11-14,00905,FT臺灣Smart,twse,16.52,16.62,16.48,16.50,3136084,51894152,-0.32,,,2529,
2025-11-17,00905,FT臺灣Smart,twse,16.55,16.63,16.50,16.52,1198244,19849415,0.02,,,1020,
2025-11-18,00905,FT臺灣Smart,twse,16.40,16.42,16.12,16.14,3886062,63149522,-0.38,,,2786,
2025-11-19,00905,FT臺灣Smart,twse,16.11,16.20,16.03,16.07,1707924,27510778,-0.07,,,1363,
2025-11-20,00905,FT臺灣Smart,twse,16.50,16.55,16.40,16.53,1513471,24960217,0.46,,,960,
2025-11-21,00905,FT臺灣Smart,twse,16.13,16.16,15.97,16.05,2998063,48135396,-0.48,,,2292,
2025-11-24,00905,FT臺灣Smart,twse,16.10,16.16,16.02,16.07,1041024,16730517,0.02,,,906,
2025-11-25,00905,FT臺灣Smart,twse,16.25,16.29,16.20,16.22,743381,12075245,0.15,,,675,
2025-11-26,00905,FT臺灣Smart,twse,16.39,16.53,16.39,16.51,1066428,17578431,0.29,,,785,
2025-11-27,00905,FT臺灣Smart,twse,16.63,16.70,16.59,16.65,1029516,17145488,0.14,,,917,
2025-11-28,00905,FT臺灣Smart,twse,16.66,16.77,16.65,16.76,1401688,23446345,0.11,,,806,
2025-12-01,00905,FT臺灣Smart,twse,16.70,16.70,16.56,16.56,1118298,18578964,-0.2,,,1043,
2025-12-02,00905,FT臺灣Smart,twse,16.67,16.73,16.58,16.58,746705,12435614,0.02,,,499,
2025-12-03,00905,FT臺灣Smart,twse,16.74,16.74,16.64,16.67,538255,8984096,0.09,,,536,
2025-12-04,00905,FT臺灣Smart,twse,16.70,16.75,16.66,16.71,911881,15229522,0.04,,,554,
2025-12-05,00905,FT臺灣Smart,twse,16.71,16.78,16.69,16.76,1312402,21970914,0.05,,,597,
2025-12-08,00905,FT臺灣Smart,twse,16.81,16.92,16.79,16.90,4630287,78181704,0.14,,,1047,
2025-12-09,00905,FT臺灣Smart,twse,16.95,16.97,16.89,16.89,1050906,17779756,-0.01,,,645,
2025-12-10,00905,FT臺灣Smart,twse,16.95,17.05,16.94,17.02,2318586,39369495,0.13,,,930,
2025-12-11,00905,FT臺灣Smart,twse,17.08,17.14,16.87,16.87,1077415,18300577,-0.15,,,914,
2025-12-12,00905,FT臺灣Smart,twse,16.95,17.02,16.93,17.00,1310942,22246012,0.13,,,545,
2025-12-15,00905,FT臺灣Smart,twse,16.75,16.87,16.69,16.83,1213825,20401339,-0.17,,,1109,
2025-12-16,00905,FT臺灣Smart,twse,16.72,16.75,16.51,16.67,2171445,36096831,-0.16,,,1699,
2025-12-17,00905,FT臺灣Smart,twse,16.66,16.78,16.64,16.66,1157780,19333256,-0.01,,,738,
2025-12-18,00905,FT臺灣Smart,twse,16.63,16.64,16.55,16.62,805925,13369958,-0.04,,,839,
2025-12-19,00905,FT臺灣Smart,twse,16.72,16.82,16.72,16.80,1305050,21884560,0.18,,,596,
2025-12-22,00905,FT臺灣Smart,twse,16.96,17.03,16.93,17.00,1610780,27364156,0.2,,,841,
2025-12-23,00905,FT臺灣Smart,twse,17.02,17.08,17.02,17.04,1256895,21430440,0.04,,,746,
2025-12-24,00905,FT臺灣Smart,twse,17.13,17.15,17.06,17.07,1124632,19231866,0.03,,,647,
2025-12-26,00905,FT臺灣Smart,twse,17.14,17.21,17.13,17.17,1523636,26157197,0.1,,,991,
2025-12-29,00905,FT臺灣Smart,twse,17.20,17.34,17.20,17.33,1767204,30544188,0.16,,,1121,
2025-12-30,00905,FT臺灣Smart,twse,17.29,17.32,17.23,17.32,889272,15361211,-0.01,,,724,
2025-12-31,00905,FT臺灣Smart,twse,17.32,17.42,17.29,17.40,1713955,29765283,0.08,,,928,
2026-01-02,00905,FT臺灣Smart,twse,17.45,17.65,17.45,17.65,4130048,72674184,0.25,,,1205,
2026-01-05,00905,FT臺灣Smart,twse,17.85,18.08,17.85,17.99,3447673,62008752,0.34,,,1741,
2026-01-06,00905,FT臺灣Smart,twse,18.00,18.18,17.98,18.17,1832660,33143650,0.18,,,1178,
2026-01-07,00905,FT臺灣Smart,twse,18.18,18.18,18.06,18.09,2006108,36362198,-0.08,,,1336,
2026-01-08,00905,FT臺灣Smart,twse,18.08,18.15,18.00,18.06,1086343,19634899,-0.03,,,996,
2026-01-09,00905,FT臺灣Smart,twse,18.04,18.15,17.88,18.08,1460208,26366057,0.02,,,936,
2026-01-12,00905,FT臺灣Smart,twse,18.22,18.30,18.20,18.26,1469007,26787904,0.18,,,988,
2026-01-13,00905,FT臺灣Smart,twse,18.40,18.48,18.27,18.34,1640271,30113366,0.08,,,987,
2026-01-14,00905,FT臺灣Smart,twse,18.43,18.57,18.43,18.48,1183721,21888241,0.14,,,856,
2026-01-15,00905,FT臺灣Smart,twse,18.48,18.49,18.36,18.46,1099171,20248249,-0.02,,,1014,
2026-01-16,00905,FT臺灣Smart,twse,18.71,18.76,18.55,18.72,1766217,32922431,0.26,,,1209,
2026-01-19,00905,FT臺灣Smart,twse,18.65,18.69,18.38,18.49,2463552,45449257,0.0,,,1548,
2026-01-20,00905,FT臺灣Smart,twse,18.43,18.53,18.36,18.50,1812236,33456654,0.01,,,962,
2026-01-21,00905,FT臺灣Smart,twse,18.37,18.46,18.23,18.28,2180112,39990186,-0.22,,,1769,
2026-01-22,00905,FT臺灣Smart,twse,18.48,18.63,18.48,18.54,1440988,26756953,0.26,,,859,
2026-01-23,00905,FT臺灣Smart,twse,18.67,18.75,18.62,18.73,1750098,32743459,0.19,,,882,
2026-01-26,00905,FT臺灣Smart,twse,18.74,18.85,18.74,18.80,969523,18223056,0.07,,,849,
2026-01-27,00905,FT臺灣Smart,twse,18.81,19.00,18.81,18.94,1726660,32704302,0.14,,,901,
2026-01-28,00905,FT臺灣Smart,twse,19.04,19.14,19.04,19.14,1381622,26359777,0.2,,,1091,
2026-01-29,00905,FT臺灣Smart,twse,19.20,19.24,19.00,19.03,1154699,22020690,-0.11,,,1066,
2026-01-30,00905,FT臺灣Smart,twse,18.92,18.92,18.65,18.74,2350859,44067431,-0.29,,,1536,
2026-02-02,00905,FT臺灣Smart,twse,18.53,18.53,18.27,18.40,2492889,45843083,-0.34,,,1986,
2026-02-03,00905,FT臺灣Smart,twse,18.75,18.82,18.65,18.81,1295606,24323491,0.41,,,836,
2026-02-04,00905,FT臺灣Smart,twse,18.77,18.93,18.73,18.93,1080817,20373899,0.12,,,595,
2026-02-05,00905,FT臺灣Smart,twse,18.75,18.77,18.58,18.63,1956341,36547298,-0.3,,,1294,
2026-02-06,00905,FT臺灣Smart,twse,18.50,18.59,18.23,18.53,1332506,24539294,-0.1,,,1163,
2026-02-09,00905,FT臺灣Smart,twse,18.80,19.05,18.80,18.98,2203429,41859182,0.45,,,1178,
2026-02-10,00905,FT臺灣Smart,twse,19.15,19.30,19.15,19.28,1791897,34473988,0.3,,,1129,
2026-02-11,00905,FT臺灣Smart,twse,19.34,19.61,19.34,19.58,2104726,41055431,0.3,,,1321,
2026-02-23,00905,FT臺灣Smart,twse,19.75,19.94,19.68,19.69,2225840,44134760,0.11,,,1585,
2026-02-24,00905,FT臺灣Smart,twse,19.85,20.19,19.85,20.17,2338721,46897249,0.48,,,1440,
2026-02-25,00905,FT臺灣Smart,twse,20.33,20.65,20.33,20.56,2062308,42226846,0.39,,,1235,
2026-02-26,00905,FT臺灣Smart,twse,20.60,20.82,20.50,20.72,1478030,30556837,0.16,,,1098,
2026-03-02,00905,FT臺灣Smart,twse,20.20,20.63,20.18,20.55,1790747,36684445,-0.17,,,1574,
2026-03-03,00905,FT臺灣Smart,twse,20.54,20.60,20.07,20.08,2325636,47073039,-0.47,,,1993,
2026-03-04,00905,FT臺灣Smart,twse,19.57,19.63,19.10,19.13,4223970,81603170,-0.95,,,3180,
2026-03-05,00905,FT臺灣Smart,twse,19.57,19.97,19.49,19.64,1807292,35606984,0.51,,,1096,
2026-03-06,00905,FT臺灣Smart,twse,19.56,19.76,19.40,19.61,950573,18622873,-0.03,,,873,
2026-03-09,00905,FT臺灣Smart,twse,18.72,18.79,18.36,18.70,3909880,72423087,-0.91,,,2665,
2026-03-10,00905,FT臺灣Smart,twse,19.22,19.40,18.94,19.13,2158665,41489056,0.43,,,1012,
2026-03-11,00905,FT臺灣Smart,twse,19.45,19.92,19.45,19.84,1673454,33113888,0.71,,,907,
2026-03-12,00905,FT臺灣Smart,twse,19.77,19.84,19.52,19.61,3219852,63393970,-0.23,,,945,
2026-03-13,00905,FT臺灣Smart,twse,19.35,19.64,19.30,19.52,2146150,41852224,-0.09,,,841,
2026-03-16,00905,FT臺灣Smart,twse,19.66,19.70,19.41,19.50,1309271,25565439,-0.02,,,801,
2026-03-17,00905,FT臺灣Smart,twse,19.70,19.83,19.70,19.78,1130058,22360849,0.28,,,694,
2026-03-18,00905,FT臺灣Smart,twse,20.08,20.16,20.03,20.12,1429552,28739209,0.34,,,866,
2026-03-19,00905,FT臺灣Smart,twse,19.90,19.93,19.77,19.80,1402708,27859042,-0.32,,,1053,
2026-03-20,00905,FT臺灣Smart,twse,19.82,19.92,19.60,19.77,742133,14678133,-0.03,,,837,
2026-03-23,00905,FT臺灣Smart,twse,19.25,19.35,19.16,19.26,1831003,35226158,-0.51,,,1565,
2026-03-24,00905,FT臺灣Smart,twse,19.64,19.67,19.12,19.31,971349,18822339,0.05,,,734,
2026-03-25,00905,FT臺灣Smart,twse,19.77,19.93,19.77,19.88,925348,18379282,0.57,,,802,
2026-03-26,00905,FT臺灣Smart,twse,19.90,20.06,19.78,19.80,667357,13318282,-0.08,,,791,
2026-03-27,00905,FT臺灣Smart,twse,19.43,19.70,19.38,19.68,689255,13435520,-0.12,,,796,
2026-03-30,00905,FT臺灣Smart,twse,19.31,19.40,19.19,19.37,1145669,22094522,-0.31,,,1162,
2026-03-31,00905,FT臺灣Smart,twse,19.27,19.28,18.78,18.82,1841758,34940327,-0.55,,,1700,
2026-04-01,00905,FT臺灣Smart,twse,19.45,19.66,19.43,19.66,1591881,31140307,0.84,,,913,
2026-04-02,00905,FT臺灣Smart,twse,19.85,19.92,19.28,19.36,3030688,59031569,-0.3,,,1725,
2026-04-07,00905,FT臺灣Smart,twse,19.68,19.70,19.49,19.61,1985443,38914716,0.25,,,1211,
2026-04-08,00905,FT臺灣Smart,twse,20.14,20.64,20.14,20.61,3076577,63120835,1.0,,,1701,
2026-04-09,00905,FT臺灣Smart,twse,20.70,20.71,20.56,20.66,3422129,70655981,0.05,,,1352,
2026-04-10,00905,FT臺灣Smart,twse,20.90,21.02,20.88,21.01,2257416,47355623,0.35,,,1297,
2026-04-13,00905,FT臺灣Smart,twse,20.99,21.10,20.98,21.07,2360093,49684297,0.06,,,1287,
2026-04-14,00905,FT臺灣Smart,twse,21.40,21.54,21.36,21.50,2610458,56024973,0.43,,,1401,
2026-04-15,00905,FT臺灣Smart,twse,21.74,22.04,21.74,21.84,2895169,63472563,0.34,,,1609,
2026-04-16,00905,FT臺灣Smart,twse,21.99,22.15,21.94,22.13,3112639,68627355,0.29,,,1667,
2026-04-17,00905,FT臺灣Smart,twse,22.10,22.26,22.08,22.21,5176463,114856499,0.08,,,1872,
2026-04-20,00905,FT臺灣Smart,twse,21.89,21.95,21.69,21.85,4452761,97354365,0.0,,,1858,
2026-04-21,00905,FT臺灣Smart,twse,21.99,22.19,21.93,22.08,5494982,121149085,0.23,,,1258,
2026-04-22,00905,FT臺灣Smart,twse,22.15,22.39,22.12,22.30,4882070,108945317,0.22,,,1197,
2026-04-23,00905,FT臺灣Smart,twse,22.69,22.88,21.71,22.00,3325933,73916820,-0.3,,,1981,
2026-04-24,00905,FT臺灣Smart,twse,22.37,22.73,22.30,22.73,2352741,53078690,0.73,,,1401,
2026-04-27,00905,FT臺灣Smart,twse,23.29,23.33,23.03,23.12,2748251,63697884,0.39,,,1477,
2026-04-28,00905,FT臺灣Smart,twse,23.12,23.37,23.09,23.12,2500377,57996073,0.0,,,1087,
2026-04-29,00905,FT臺灣Smart,twse,22.98,23.12,22.75,22.99,1177953,27039102,-0.13,,,996,
2026-04-30,00905,FT臺灣Smart,twse,23.27,23.32,23.00,23.06,1132969,26235862,0.07,,,748,
2026-05-04,00905,FT臺灣Smart,twse,23.40,24.03,23.40,24.03,2917303,69527855,0.97,,,1363,
2026-05-05,00905,FT臺灣Smart,twse,24.04,24.24,23.99,24.17,1208027,29113733,0.14,,,942,
2026-05-06,00905,FT臺灣Smart,twse,24.60,24.76,24.06,24.50,3316382,80673303,0.33,,,1296,
2026-05-07,00905,FT臺灣Smart,twse,24.83,24.98,24.74,24.94,1544364,38419524,0.44,,,1079,
2026-05-08,00905,FT臺灣Smart,twse,24.88,25.03,24.46,24.82,2108797,52285924,-0.12,,,1407,
2026-05-11,00905,FT臺灣Smart,twse,24.87,25.14,24.84,25.13,1707873,42696094,0.31,,,1189,
2026-05-12,00905,FT臺灣Smart,twse,25.20,25.30,24.90,25.14,2147338,54017660,0.01,,,1045,
2026-05-13,00905,FT臺灣Smart,twse,24.90,24.90,24.53,24.80,2653586,65520918,-0.34,,,1772,
2026-05-14,00905,FT臺灣Smart,twse,25.16,25.25,24.80,24.82,2083801,52061164,0.02,,,1031,
2026-05-15,00905,FT臺灣Smart,twse,25.17,25.18,24.30,24.43,2064608,51167366,-0.39,,,1624,
2026-05-18,00905,FT臺灣Smart,twse,24.11,24.36,23.37,24.29,1853716,44468549,-0.14,,,2104,
2026-05-19,00905,FT臺灣Smart,twse,24.29,24.30,23.69,23.69,2454271,58768278,-0.6,,,1949,
2026-05-20,00905,FT臺灣Smart,twse,23.73,23.89,23.55,23.62,1705872,40543778,-0.07,,,1061,
2026-05-21,00905,FT臺灣Smart,twse,24.25,24.75,24.25,24.74,1039768,25561190,1.12,,,871,
2026-05-22,00905,FT臺灣Smart,twse,25.00,25.40,25.00,25.40,2423178,61119557,0.66,,,1150,
2026-05-25,00905,FT臺灣Smart,twse,26.09,26.55,26.09,26.55,2651189,70081243,1.15,,,1235,
2026-05-26,00905,FT臺灣Smart,twse,26.68,26.88,26.30,26.53,1459613,38800372,-0.02,,,953,
2026-05-27,00905,FT臺灣Smart,twse,27.22,27.52,26.94,27.13,2447323,66664812,0.6,,,1023,
2026-05-28,00905,FT臺灣Smart,twse,27.25,27.46,26.28,26.47,2358248,63217561,-0.66,,,1574,
2026-05-29,00905,FT臺灣Smart,twse,27.01,27.26,26.98,27.22,1307788,35442505,0.75,,,941,
2026-06-01,00905,FT臺灣Smart,twse,27.50,27.89,27.50,27.76,1388845,38508562,0.54,,,1033,
2026-06-02,00905,FT臺灣Smart,twse,27.84,27.90,27.12,27.64,1842757,50753293,-0.12,,,1594,
2026-06-03,00905,FT臺灣Smart,twse,28.03,28.20,28.00,28.12,1327384,37306438,0.48,,,898,
2026-06-04,00905,FT臺灣Smart,twse,28.01,28.01,27.66,27.75,1787275,49720896,-0.37,,,1212,
2026-06-05,00905,FT臺灣Smart,twse,27.36,27.46,26.53,27.18,2799747,75491997,-0.57,,,1761,
2026-06-08,00905,FT臺灣Smart,twse,25.30,26.32,25.30,26.23,3438029,89038309,-0.95,,,2299,
2026-06-09,00905,FT臺灣Smart,twse,26.56,27.29,26.52,27.28,1336361,35965479,1.05,,,973,
2026-06-10,00905,FT臺灣Smart,twse,27.14,27.31,26.33,26.33,3136124,84286725,-0.95,,,1737,
2026-06-11,00905,FT臺灣Smart,twse,26.25,26.65,25.48,26.29,2020091,52609054,-0.04,,,1320,
2026-06-12,00905,FT臺灣Smart,twse,27.30,27.34,26.89,26.93,1009949,27361215,0.64,,,678,
2026-06-15,00905,FT臺灣Smart,twse,27.69,27.80,27.59,27.70,995685,27585942,0.77,,,998,
2026-06-16,00905,FT臺灣Smart,twse,27.82,27.86,27.60,27.77,982960,27298994,0.07,,,882,
2026-06-17,00905,FT臺灣Smart,twse,27.60,27.89,27.52,27.89,1430723,39625057,0.12,,,835,
2026-06-18,00905,FT臺灣Smart,twse,28.18,28.46,28.17,28.42,1420269,40216642,0.53,,,1061,
2026-06-22,00905,FT臺灣Smart,twse,28.92,29.39,28.92,29.38,1910628,55867703,0.96,,,1255,
2026-06-23,00905,FT臺灣Smart,twse,29.51,29.56,28.80,28.84,2659884,77379070,-0.54,,,1966,
2026-06-24,00905,FT臺灣Smart,twse,28.37,28.41,27.97,28.41,2918099,82233518,-0.43,,,2042,
2026-06-25,00905,FT臺灣Smart,twse,28.56,28.65,28.18,28.45,869710,24702020,0.04,,,825,
2026-06-26,00905,FT臺灣Smart,twse,28.05,28.11,27.05,27.05,4418473,121654653,-1.4,,,3532,
2026-06-29,00905,FT臺灣Smart,twse,27.15,27.74,27.15,27.40,1861056,51070080,0.35,,,915,
2026-06-30,00905,FT臺灣Smart,twse,28.01,28.52,28.00,28.46,2205514,62399667,1.06,,,1060,
2026-07-01,00905,FT臺灣Smart,twse,28.92,28.92,28.50,28.73,1120106,32209420,0.27,,,783,
2026-07-02,00905,FT臺灣Smart,twse,28.09,28.75,28.09,28.75,2544518,72479317,0.02,,,1442,
2026-07-03,00905,FT臺灣Smart,twse,28.18,28.80,28.12,28.70,3212779,91353068,-0.05,,,1736,
2026-07-06,00905,FT臺灣Smart,twse,29.03,29.05,28.36,28.61,4336765,124473383,-0.09,,,2604,
2026-07-07,00905,FT臺灣Smart,twse,28.67,28.71,27.59,27.67,6415832,179961759,-0.94,,,3999,
2026-07-08,00905,FT臺灣Smart,twse,27.74,27.80,27.25,27.49,4056843,111332501,-0.18,,,2303,
2026-07-09,00905,FT臺灣Smart,twse,27.52,27.94,27.45,27.55,1929994,53342352,0.06,,,1233,
2026-07-13,00905,FT臺灣Smart,twse,27.84,27.99,27.24,27.39,3642216,100364257,-0.16,,,2350,
2026-07-14,00905,FT臺灣Smart,twse,27.28,27.34,26.13,26.83,5560099,148282740,-0.56,,,4443,
2026-07-15,00905,FT臺灣Smart,twse,27.10,27.59,26.96,27.56,3829265,104774423,0.73,,,1668,
2026-07-16,00905,FT臺灣Smart,twse,25.70,26.51,25.70,26.36,3810509,99382273,0.0,,,2322,
2026-07-17,00905,FT臺灣Smart,twse,25.48,25.49,24.62,24.62,5765277,144195764,-1.74,,,5140,
2026-07-20,00905,FT臺灣Smart,twse,24.49,24.65,23.90,24.02,4785718,116180948,-0.6,,,2341,
2026-07-21,00905,FT臺灣Smart,twse,24.37,25.18,24.37,25.15,1957106,48660902,1.13,,,1075,
2026-07-22,00905,FT臺灣Smart,twse,25.80,25.99,25.57,25.70,1586343,40983140,0.55,,,999,
2026-07-23,00905,FT臺灣Smart,twse,25.90,25.90,25.48,25.69,482386,12378981,-0.01,,,820,
2026-07-24,00905,FT臺灣Smart,twse,25.42,25.58,24.95,25.07,1650211,41445807,-0.62,,,1534,
2026-07-27,00905,FT臺灣Smart,twse,24.92,24.96,24.49,24.95,2180084,53916637,-0.12,,,1298,
2026-07-28,00905,FT臺灣Smart,twse,23.94,24.01,23.50,23.52,4243803,100670678,-1.43,,,3114,
2026-07-29,00905,FT臺灣Smart,twse,23.52,23.52,22.10,22.47,4388857,98880302,-1.05,,,3140,
2026-07-30,00905,FT臺灣Smart,twse,21.97,23.18,21.97,22.39,3630253,82222710,-0.08,,,1294,
2026-07-31,00905,FT臺灣Smart,twse,24.06,24.51,24.00,24.49,2610497,63251826,2.1,,,1090,
2026-08-03,00905,FT臺灣Smart,twse,24.39,24.77,24.27,24.60,1302821,32075992,0.11,,,862,
2026-08-04,00905,FT臺灣Smart,twse,24.56,24.94,24.26,24.69,1142924,28150931,0.09,,,837,
2026-08-05,00905,FT臺灣Smart,twse,25.49,25.66,25.27,25.40,1861602,47492528,0.71,,,951,
2026-08-06,00905,FT臺灣Smart,twse,25.34,25.55,25.10,25.44,697622,17642272,0.04,,,702,
2026-08-07,00905,FT臺灣Smart,twse,25.60,25.60,25.10,25.30,631842,16041448,-0.14,,,832,
2026-08-10,00905,FT臺灣Smart,twse,25.55,25.94,25.55,25.82,869321,22437502,0.52,,,900,
2026-08-11,00905,FT臺灣Smart,twse,25.76,25.94,25.61,25.93,552780,14262837,0.11,,,761,
2026-08-12,00905,FT臺灣Smart,twse,26.03,26.15,26.00,26.08,919806,24000045,0.15,,,861,
2026-08-13,00905,FT臺灣Smart,twse,26.50,26.63,26.39,26.44,1166337,30918785,0.36,,,921,
2026-08-14,00905,FT臺灣Smart,twse,26.67,26.67,26.30,26.37,952918,25235333,-0.07,,,1712,
2026-08-17,00905,FT臺灣Smart,twse,26.50,26.59,26.37,26.50,1094811,28988877,0.13,,,865,
2026-08-18,00905,FT臺灣Smart,twse,26.57,26.57,26.01,26.05,932965,24419243,-0.45,,,1312,
2026-08-19,00905,FT臺灣Smart,twse,25.44,25.83,25.43,25.59,746026,19127904,-0.46,,,1418,
2026-08-20,00905,FT臺灣Smart,twse,25.78,25.87,25.50,25.75,800952,20568858,0.16,,,718,
2026-08-21,00905,FT臺灣Smart,twse,25.85,25.95,25.47,25.81,564541,14552904,0.06,,,522,
2026-08-24,00905,FT臺灣Smart,twse,25.83,25.97,25.69,25.76,870793,22470454,-0.05,,,753,
2026-08-25,00905,FT臺灣Smart,twse,25.51,25.75,25.25,25.73,914386,23205477,-0.03,,,933,
2026-08-26,00905,FT臺灣Smart,twse,25.80,26.24,25.70,26.21,624236,16276119,0.48,,,686,
2026-08-27,00905,FT臺灣Smart,twse,26.45,26.54,26.28,26.35,772393,20442893,0.14,,,674,
2026-08-28,00905,FT臺灣Smart,twse,26.59,26.70,26.48,26.57,908399,24153835,0.22,,,621,
2026-08-31,00905,FT臺灣Smart,twse,26.20,26.21,25.88,26.21,999240,26024152,-0.36,,,1121,
2026-09-01,00905,FT臺灣Smart,twse,26.38,26.85,26.38,26.78,1286583,34383487,0.57,,,840,
2026-09-02,00905,FT臺灣Smart,twse,26.70,26.71,26.27,26.29,978046,25792703,-0.49,,,1128,
2026-09-03,00905,FT臺灣Smart,twse,26.57,26.57,26.00,26.07,1921676,50418697,-0.22,,,1136,
