date,stock_id,s_prev,s_sell,s_buy,s_ret,s_balance,s_limit,sbl_prev,sbl_sell,sbl_return,sbl_adj,sbl_balance,sbl_limit,note
2022-07-14,0050,0,0,0,0,0,515250000,32647000,145000,100000,0,32692000,4031930,X
2022-07-14,0051,0,0,0,0,0,3500000,48000,0,0,0,48000,12566,
2022-07-14,0052,7000,0,3000,0,4000,13625000,171000,0,0,0,171000,177742,
2022-07-14,0053,0,0,0,0,0,1247000,10000,0,0,0,10000,3085,
2022-07-14,0055,8000,0,0,0,8000,19413500,258000,0,0,0,258000,158924,
2022-07-14,0056,352000,9000,41000,0,320000,1177383500,30586000,387000,22000,0,30951000,9922351,
2022-07-14,0057,0,0,0,0,0,381750,0,0,0,0,0,8840,X
2022-07-14,0061,1000,0,0,0,1000,33404000,569000,0,50000,0,519000,78475,
2022-07-14,006203,0,0,0,0,0,2929500,8000,0,0,0,8000,3101,X
2022-07-14,006204,0,0,0,0,0,375000,0,0,0,0,0,7553,
2022-07-14,006205,1000,0,1000,0,0,35477250,1283000,0,250000,0,1033000,243057,
2022-07-14,006206,0,0,0,0,0,9569500,245000,0,0,0,245000,35865,
2022-07-14,006207,0,0,0,0,0,9348000,245000,0,0,0,245000,88567,
2022-07-14,006208,0,0,0,0,0,113510000,12918000,984000,0,0,13902000,1097264,X
2022-07-14,00631L,2281000,156000,176000,4000,2257000,21021000,1751000,0,0,0,1751000,2673055,
2022-07-14,00632R,16828000,621000,1077000,2000,16370000,2122537250,220150000,1100000,0,0,221250000,76329348,
2022-07-14,00633L,4789000,26000,94000,0,4721000,58114500,2920000,0,252000,0,2668000,3284227,
2022-07-14,00634R,839000,0,0,0,839000,21564000,23000,0,0,0,23000,446334,
2022-07-14,00635U,70000,1000,0,0,71000,11253500,244000,0,0,0,244000,126377,
2022-07-14,00636,0,0,0,0,0,36091250,1877000,0,200000,0,1677000,357267,
2022-07-14,00637L,20457000,516000,1385000,5000,19583000,314776500,35451000,0,0,0,35451000,27572085,
2022-07-14,00638R,291000,0,0,0,291000,7487000,253000,0,0,0,253000,272437,
2022-07-14,00639,16000,0,0,0,16000,29350750,1182000,0,0,0,1182000,213939,
2022-07-14,00640L,261000,8000,0,0,269000,3229750,58000,0,0,0,58000,124653,
2022-07-14,00641R,41000,0,0,0,41000,7189500,140000,0,0,0,140000,240823,
2022-07-14,00642U,485000,66000,0,0,551000,31205250,329000,0,0,0,329000,1025102,
2022-07-14,00643,19000,0,0,0,19000,19143250,620000,0,100000,0,520000,115650,
2022-07-14,00645,0,0,0,0,0,5499250,113000,0,0,0,113000,42202,
2022-07-14,00646,1000,0,0,0,1000,53996250,231000,0,0,0,231000,191426,
2022-07-14,00647L,121000,4000,1000,0,124000,2854000,49000,0,0,0,49000,171829,
2022-07-14,00648R,203000,0,0,0,203000,42422000,1191000,0,0,0,1191000,1216687,
2022-07-14,00650L,319000,29000,6000,0,342000,17209500,428000,0,0,0,428000,1250436,
2022-07-14,00651R,2000,0,0,0,2000,4673000,8000,0,0,0,8000,176294,
2022-07-14,00652,1000,0,0,0,1000,5133750,97000,0,0,0,97000,24981,
2022-07-14,00653L,66000,3000,1000,0,68000,4975750,86000,0,0,0,86000,125903,
2022-07-14,00654R,31000,0,0,0,31000,5241500,2000,0,0,0,2000,162096,
2022-07-14,00655L,680000,26000,22000,0,684000,34864500,1473000,0,0,0,1473000,1155390,
2022-07-14,00656R,0,0,0,0,0,4964250,6000,0,0,0,6000,142460,
2022-07-14,00657,0,0,0,0,0,1096000,0,0,0,0,0,8268,X
2022-07-14,00660,0,0,0,0,0,2257750,0,0,0,0,0,6524,X
2022-07-14,00661,0,0,0,0,0,1481250,0,0,0,0,0,3873,X
2022-07-14,00662,8000,1000,0,0,9000,30632250,272000,0,0,0,272000,177176,
2022-07-14,00663L,3000,0,0,0,3000,702250,10000,0,0,0,10000,46431,
2022-07-14,00664R,995000,65000,30000,0,1030000,119143750,1995000,0,0,0,1995000,5633842,
2022-07-14,00665L,197000,5000,1000,0,201000,22366250,1160000,0,0,0,1160000,1747847,
2022-07-14,00666R,0,0,0,0,0,2031000,0,0,0,0,0,116810,
2022-07-14,00668,0,0,0,0,0,2463250,52000,0,0,0,52000,14153,
2022-07-14,00669R,34000,2000,0,0,36000,57529250,1468000,0,0,0,1468000,1648470,
2022-07-14,00670L,1683000,135000,91000,1000,1726000,16536250,1149000,0,0,0,1149000,1273941,
2022-07-14,00671R,2491000,18000,1000,0,2508000,77596000,2760000,1500000,0,0,4260000,5880229,
2022-07-14,00673R,44016000,1624000,10000,500000,45130000,249925750,57377000,0,1100000,0,56277000,16094751,
2022-07-14,00674R,7000,0,0,0,7000,7525750,74000,0,0,0,74000,237157,
2022-07-14,00675L,254000,28000,28000,0,254000,4696500,96000,0,17000,0,79000,460662,
2022-07-14,00676R,1622000,8000,18000,2000,1610000,111502750,10253000,0,0,0,10253000,4151083,
2022-07-14,00678,0,0,0,0,0,2862000,86000,0,0,0,86000,110644,
2022-07-14,00680L,26000,2000,0,0,28000,3144000,10000,0,0,0,10000,201555,
2022-07-14,00681R,0,6000,0,0,6000,32398500,19000,0,0,0,19000,121257,
2022-07-14,00682U,0,0,0,0,0,5786000,0,0,0,0,0,31314,
2022-07-14,00683L,27000,3000,0,0,30000,4858500,248000,0,0,0,248000,202374,
2022-07-14,00684R,0,0,0,0,0,1422000,0,0,0,0,0,5449,
2022-07-14,00685L,0,0,0,0,0,784750,0,0,0,0,0,5492,
2022-07-14,00686R,70000,0,19000,0,51000,8069000,0,0,0,0,0,258636,
2022-07-14,00688L,6000,9000,0,0,15000,2903750,0,0,0,0,0,96669,
2022-07-14,00689R,0,0,0,0,0,39472250,0,0,0,0,0,21999,
2022-07-14,00690,0,0,0,0,0,2707500,82000,0,0,0,82000,37024,
2022-07-14,00692,0,0,0,0,0,114570000,3942000,60000,0,0,4002000,773323,X
2022-07-14,00693U,27000,0,0,0,27000,5416500,102000,0,0,0,102000,106194,
2022-07-14,00700,0,0,0,0,0,4995750,33000,0,0,0,33000,87192,
2022-07-14,00701,4000,0,3000,0,1000,84347750,1167000,0,0,0,1167000,328639,
2022-07-14,00702,0,0,0,0,0,1672000,1000,0,0,0,1000,41035,X
2022-07-14,00703,0,0,0,0,0,2762500,25000,0,0,0,25000,38945,
2022-07-14,00706L,157000,17000,0,0,174000,11896000,10000,0,0,0,10000,638556,
2022-07-14,00707R,0,0,0,0,0,1213750,0,0,0,0,0,6469,
2022-07-14,00708L,655000,11000,0,0,666000,13643250,330000,0,0,0,330000,280739,
2022-07-14,00709,0,0,0,0,0,2115000,66000,0,0,0,66000,29984,X
2022-07-14,00710B,0,0,0,0,0,83065250,234000,0,0,0,234000,128423,
2022-07-14,00711B,0,0,0,0,0,209315250,98000,0,0,0,98000,43366,
2022-07-14,00712,84000,0,0,0,84000,152627750,5229000,0,0,0,5229000,1227012,
2022-07-14,00713,0,0,0,0,0,52878000,267000,0,0,0,267000,114045,
2022-07-14,00714,0,0,0,0,0,11141750,668000,0,0,0,668000,189449,X
2022-07-14,00715L,7373000,237000,93000,0,7517000,45346000,1884000,0,0,0,1884000,4642442,
2022-07-14,00717,0,0,0,0,0,62526250,267000,0,0,0,267000,112351,X
2022-07-14,00728,5000,0,2000,0,3000,26230750,713000,0,0,0,713000,132158,
2022-07-14,00730,0,0,0,0,0,22011000,176000,0,0,0,176000,74610,
2022-07-14,00731,0,0,0,0,0,4775000,142000,0,0,0,142000,326548,
2022-07-14,00732,0,0,0,0,0,818000,0,0,0,0,0,29080,X
2022-07-14,00733,3000,0,0,0,3000,8491500,124000,0,0,0,124000,77559,
2022-07-14,00735,0,0,0,0,0,1447250,0,0,0,0,0,34327,X
2022-07-14,00736,0,0,0,0,0,1931750,42000,0,0,0,42000,32375,X
2022-07-14,00737,0,0,0,0,0,7509500,355000,0,0,0,355000,55827,
2022-07-14,00738U,89000,6000,0,0,95000,20699750,291000,0,0,0,291000,249480,
2022-07-14,00739,0,0,0,0,0,9747000,131000,0,0,0,131000,24990,
2022-07-14,00743,0,0,0,0,0,1086750,29000,0,0,0,29000,6340,X
2022-07-14,00752,3000,0,0,0,3000,73679000,1687000,10000,0,0,1697000,861083,
2022-07-14,00753L,558000,7000,32000,0,533000,32414250,3616000,0,0,0,3616000,2518760,
2022-07-14,00757,44000,1000,1000,0,44000,51498500,932000,0,0,0,932000,218647,
2022-07-14,00762,0,0,0,0,0,7562000,160000,0,0,0,160000,138619,
2022-07-14,00763U,7000,0,0,0,7000,1766250,38000,0,0,0,38000,26755,
2022-07-14,00770,0,0,0,0,0,1489500,0,0,0,0,0,37032,
2022-07-14,00771,0,0,0,0,0,10056250,50000,0,0,0,50000,8448,
2022-07-14,00774B,0,0,0,0,0,14875000,0,0,0,0,0,885,X
2022-07-14,00775B,0,0,0,0,0,20775000,0,0,0,0,0,15074,X
2022-07-14,00783,0,0,0,0,0,2507750,254000,0,0,0,254000,80504,
2022-07-14,008201,0,0,0,0,0,0,0,0,0,0,0,0,XV
2022-07-14,00830,1560000,336000,20000,0,1876000,129116250,5208000,0,11000,0,5197000,1845838,
2022-07-14,00850,0,0,0,0,0,81861000,3562000,0,0,0,3562000,270238,
2022-07-14,00851,0,0,0,0,0,1506250,18000,0,0,0,18000,4893,
2022-07-14,00852L,464000,2000,24000,0,442000,4716250,106000,0,0,0,106000,382005,
2022-07-14,00861,0,0,0,0,0,47478000,228000,0,0,0,228000,177443,
2022-07-14,00865B,0,0,0,0,0,1311000,0,0,0,0,0,32835,X
2022-07-14,00875,0,0,0,0,0,8747000,321000,0,0,0,321000,63682,
2022-07-14,00876,4000,0,0,0,4000,52881000,883000,0,0,0,883000,1136996,
2022-07-14,00878,1532000,6000,0,0,1538000,1253072500,75096000,0,0,0,75096000,13580360,
2022-07-14,00881,195000,8000,5000,0,198000,817475750,22894000,0,0,0,22894000,4929572,
2022-07-14,00882,0,0,0,0,0,474837250,16931000,6639000,0,0,23570000,1985217,X
2022-07-14,00885,6386000,0,0,3000000,3386000,297809500,12046000,0,0,0,12046000,3258297,
2022-07-14,00891,1077000,167000,22000,0,1222000,368647500,15411000,289000,0,0,15700000,4085445,
2022-07-14,00892,0,0,0,0,0,179698000,6893000,328000,0,0,7221000,2239091,X
2022-07-14,00893,7429000,10000,8000,0,7431000,550096000,13151000,0,0,0,13151000,6632483,
2022-07-14,00894,9000,0,0,0,9000,57252250,3086000,0,0,0,3086000,684871,
2022-07-14,00895,450000,1000,0,0,451000,136479000,3692000,0,0,0,3692000,1445507,
2022-07-14,00896,1000,0,0,0,1000,93845000,2491000,0,0,0,2491000,615969,
2022-07-14,00897,11000,0,3000,0,8000,77503000,2303000,0,0,0,2303000,835959,
2022-07-14,00898,22000,0,2000,0,20000,103994000,625000,0,0,0,625000,491950,
2022-07-14,00899,0,0,0,0,0,8283750,378000,0,0,0,378000,141951,
2022-07-14,00900,40000,3000,0,0,43000,541881250,56953000,1505000,0,0,58458000,2747946,
2022-07-14,00901,0,0,0,0,0,58587250,1069000,0,0,0,1069000,329640,
2022-07-14,00902,141000,6000,1000,0,146000,141499250,3223000,0,0,0,3223000,2929322,
2022-07-14,00903,70000,0,21000,0,49000,104555250,5179000,201000,0,0,5380000,1569903,
2022-07-14,00904,14000,2000,0,0,16000,37653000,836000,0,0,0,836000,575664,
2022-07-14,00905,0,0,0,0,0,35081750,13000,0,0,0,13000,732360,
2022-07-14,00906,0,0,0,0,0,2692750,0,0,0,0,0,104562,
2022-07-14,00907,0,0,0,0,0,21783250,0,0,0,0,0,668526,
2022-07-14,00908,0,0,0,0,0,10604000,3000,0,0,0,3000,320233,
2022-07-14,00909,0,0,0,0,0,16426000,0,0,0,0,0,6247377,
2022-07-14,00911,0,0,0,0,0,4100750,0,0,0,0,0,222269,
2022-07-14,00912,0,0,0,0,0,13313250,0,0,0,0,0,1094209,
2022-07-14,1101,320000,0,148000,0,172000,1531308500,293611115,1937000,526000,0,295022115,5444547,X
2022-07-14,1102,41000,0,2000,0,39000,886481889,18873038,184000,189000,0,18868038,2159125,
2022-07-14,1103,0,0,0,0,0,193695137,4524000,2000,17000,0,4509000,90910,
2022-07-14,1104,14000,0,0,0,14000,163402298,4037000,0,11000,0,4026000,192279,
2022-07-14,1108,0,1000,0,0,1000,101184512,1993000,0,144000,0,1849000,43749,
2022-07-14,1109,0,0,0,0,0,85489467,697000,0,19000,0,678000,36746,
2022-07-14,1110,1000,0,1000,0,0,143000199,1478000,0,10000,0,1468000,79538,X
2022-07-14,1201,0,0,0,0,0,126515728,3759000,0,0,0,3759000,176217,
2022-07-14,1203,0,0,0,0,0,60000000,139000,0,0,0,139000,32742,
2022-07-14,1210,36000,0,2000,0,34000,213039814,8023104,7000,30000,0,8000104,203091,
2022-07-14,1213,0,0,0,0,0,0,0,0,0,0,0,0,XV
2022-07-14,1215,10000,4000,0,0,14000,66997749,2384000,17000,0,0,2401000,94551,
2022-07-14,1216,52000,2000,6000,0,48000,1420503855,11198256,66000,0,0,11264256,2404591,
2022-07-14,1217,17000,4000,12000,0,9000,123628334,6323270,31000,254000,0,6100270,550440,
2022-07-14,1218,147000,6000,32000,0,121000,124999759,2581908,6000,0,0,2587908,414585,
2022-07-14,1219,27000,0,3000,0,24000,80503471,4209000,24000,0,0,4233000,570804,
2022-07-14,1220,0,0,0,0,0,44269486,1213000,0,31000,0,1182000,238124,X
2022-07-14,1225,0,0,0,0,0,54675762,354000,0,118000,0,236000,49356,
2022-07-14,1227,6000,0,3000,0,3000,228772397,6998129,8000,113000,0,6893129,237502,X
2022-07-14,1229,18000,0,1000,0,17000,352412009,11696700,15000,50000,0,11661700,362668,
2022-07-14,1231,7000,0,0,0,7000,50440598,490000,11000,0,0,501000,110979,
2022-07-14,1232,0,0,0,0,0,39993728,577000,1000,0,0,578000,36458,
2022-07-14,1233,0,0,0,0,0,22647987,44000,0,1000,0,43000,4150,
2022-07-14,1234,0,0,0,0,0,100467773,343000,0,0,0,343000,26449,
2022-07-14,1235,0,0,0,0,0,26099496,36000,0,0,0,36000,18989,
2022-07-14,1236,3000,0,0,3000,0,27085627,205000,0,10000,0,195000,623946,X
2022-07-14,1256,0,0,0,0,0,8460540,172000,0,0,0,172000,2670,
2022-07-14,1301,193000,33000,30000,0,196000,1591435195,10582232,930000,0,0,11512232,3905798,
2022-07-14,1303,252000,22000,75000,0,199000,1982705397,42993523,2011000,8959244,0,36045279,3848566,
2022-07-14,1304,157000,58000,37000,0,178000,297190875,32041000,94000,20000,0,32115000,723122,
2022-07-14,1305,268000,11000,37000,0,242000,145262623,18158190,0,59000,0,18099190,364438,
2022-07-14,1307,0,0,0,0,0,99454531,837000,0,14000,0,823000,35285,
2022-07-14,1308,188000,18000,24000,0,182000,148435979,12866890,5000,75000,0,12796890,611235,
2022-07-14,1309,212000,0,3000,0,209000,94663535,11720734,3000,0,0,11723734,145721,
2022-07-14,1310,244000,0,8000,0,236000,131967441,9316000,9000,0,0,9325000,357693,
2022-07-14,1312,0,639000,0,0,639000,226655082,46394000,530000,0,0,46924000,1393899,
2022-07-14,1313,768000,14000,3000,0,779000,337646401,23018000,0,0,0,23018000,417360,
2022-07-14,1314,450000,12000,27000,0,435000,946212532,181850209,549000,638000,0,181761209,3828947,
2022-07-14,1315,0,0,0,0,0,24774750,138000,0,20000,0,118000,8894,
2022-07-14,1316,121000,23000,44000,0,100000,59962115,7274564,45000,69000,0,7250564,877790,
2022-07-14,1319,3583000,396000,573000,0,3406000,147869267,8911000,51000,118000,0,8844000,4580916,
2022-07-14,1321,1000,0,0,0,1000,56807067,806000,0,0,0,806000,45351,
2022-07-14,1323,0,0,0,0,0,22818638,241000,0,0,0,241000,23655,
2022-07-14,1324,0,0,0,0,0,18780470,49000,0,0,0,49000,7523,
2022-07-14,1325,0,0,0,0,0,21320299,1133000,0,50000,0,1083000,85112,X
2022-07-14,1326,76000,2000,5000,0,73000,1465296572,16644246,494000,0,0,17138246,1851602,
2022-07-14,1337,2000,1000,0,0,3000,67238682,1282023,0,22000,0,1260023,94057,
2022-07-14,1338,0,3000,0,0,3000,20960000,965000,0,147000,0,818000,144708,
2022-07-14,1339,38000,0,0,0,38000,18534718,340000,0,0,0,340000,214894,
2022-07-14,1340,0,0,0,0,0,38230713,466600,0,2000,0,464600,32069,
2022-07-14,1341,0,0,0,0,0,0,17000,0,0,0,17000,3047,Y
2022-07-14,1342,4000,0,0,0,4000,16961340,328000,1000,0,0,329000,68286,
2022-07-14,1402,41000,0,7000,0,34000,1338218806,6742224,235000,50000,0,6927224,2242703,
2022-07-14,1409,73000,0,5000,0,68000,404602321,13134000,9000,26000,0,13117000,503253,
2022-07-14,1410,0,0,0,0,0,15750000,59000,0,0,0,59000,25179,X
2022-07-14,1413,0,0,0,0,0,0,0,0,0,0,0,0,XV
2022-07-14,1414,0,0,0,0,0,55000000,715000,0,3000,0,712000,55650,
2022-07-14,1416,5000,0,0,0,5000,46335542,652000,0,0,0,652000,90249,
2022-07-14,1417,0,0,0,0,0,47485460,1343000,0,0,0,1343000,47235,X
2022-07-14,1418,0,0,0,0,0,11708577,29000,0,0,0,29000,14587,
2022-07-14,1419,0,0,0,0,0,75010320,168000,0,0,0,168000,16129,
2022-07-14,1423,0,0,0,0,0,34600000,99000,0,0,0,99000,26595,
2022-07-14,1432,0,0,0,0,0,0,0,0,0,0,0,0,XV
2022-07-14,1434,4000,0,0,0,4000,421166159,11941509,2000,200000,0,11743509,490468,
2022-07-14,1435,0,0,0,0,0,0,0,0,0,0,0,0,XV
2022-07-14,1436,0,0,0,0,0,24072215,90000,0,0,0,90000,17419,
2022-07-14,1437,0,0,0,0,0,50842821,469000,0,0,0,469000,31658,
2022-07-14,1438,0,0,0,0,0,17801439,87000,0,0,0,87000,24210,
2022-07-14,1439,0,0,0,0,0,23000000,100000,0,0,0,100000,7855,
2022-07-14,1440,0,41000,0,0,41000,414203964,27977750,7000,59000,0,27925750,720727,
2022-07-14,1441,0,0,0,0,0,0,0,0,0,0,0,0,XV
2022-07-14,1442,10000,1000,0,0,11000,91552839,2039000,15000,101000,0,1953000,51689,
2022-07-14,1443,0,0,0,0,0,33835752,9000,0,0,0,9000,26594,
2022-07-14,1444,15000,0,3000,0,12000,239325735,8670000,1000,0,0,8671000,408161,
2022-07-14,1445,3000,0,0,0,3000,32666508,196000,0,0,0,196000,28001,
2022-07-14,1446,0,0,0,0,0,34427378,225000,0,0,0,225000,23425,
2022-07-14,1447,18000,16000,2000,0,32000,228621810,11910000,9000,0,0,11919000,462714,
2022-07-14,1449,0,0,0,0,0,12860314,129000,0,0,0,129000,26230,
2022-07-14,1451,0,0,0,0,0,51740000,541000,2000,0,0,543000,232431,
2022-07-14,1452,11000,0,0,0,11000,33160350,858000,10000,15000,0,853000,50604,
2022-07-14,1453,438000,38000,77000,0,399000,25153745,20620,0,0,0,20620,1144659,
2022-07-14,1454,0,0,0,0,0,32458462,115000,0,0,0,115000,516510,
2022-07-14,1455,65000,27000,0,0,92000,132922095,8333000,0,1000,0,8332000,365388,
2022-07-14,1456,25000,3000,0,0,28000,23430000,110000,0,1000,0,109000,31380,
2022-07-14,1457,0,1000,0,0,1000,75411910,916000,25000,0,0,941000,192559,
2022-07-14,1459,0,0,0,0,0,89657226,1110000,0,0,0,1110000,251004,
2022-07-14,1460,0,0,0,0,0,0,1771000,0,0,0,1771000,176437,X
2022-07-14,1463,0,0,0,0,0,43317095,777000,0,19000,0,758000,24246,
2022-07-14,1464,0,0,0,0,0,96141413,953000,0,48000,0,905000,77709,
2022-07-14,1465,0,0,0,0,0,25901816,66000,0,0,0,66000,16652,X
2022-07-14,1466,3000,0,0,0,3000,27789330,820000,0,372000,0,448000,42857,
2022-07-14,1467,20000,0,11000,0,9000,42052440,3472000,92000,0,0,3564000,415428,
2022-07-14,1468,0,0,0,0,0,0,0,0,0,0,0,0,XV
2022-07-14,1470,1000,0,0,0,1000,21441750,232000,0,0,0,232000,30017,
2022-07-14,1471,0,0,0,0,0,0,0,0,0,0,0,0,XV
2022-07-14,1472,0,0,0,0,0,0,0,0,0,0,0,0,XV
2022-07-14,1473,0,0,0,0,0,36788383,558000,0,0,0,558000,50245,
2022-07-14,1474,17000,0,0,0,17000,32474242,1123000,0,5000,0,1118000,53523,
2022-07-14,1475,1000,0,0,0,1000,3532168,11000,0,0,0,11000,20174,
2022-07-14,1476,14000,3000,1000,0,16000,68591777,1848956,22000,15000,0,1855956,270192,
2022-07-14,1477,84000,16000,3000,0,97000,60464145,12110533,446000,134000,0,12422533,519131,
2022-07-14,1503,1000,0,1000,0,0,130243055,710000,0,16000,0,694000,137802,X
2022-07-14,1504,85000,12000,5000,0,92000,534699154,20516000,13000,1147000,0,19382000,1589679,
2022-07-14,1506,0,0,0,0,0,0,0,0,0,0,0,0,XV
2022-07-14,1512,0,0,0,0,0,0,0,0,0,0,0,0,XV
2022-07-14,1513,997000,49000,88000,15000,943000,119033577,16659000,279000,164000,0,16774000,6224447,
2022-07-14,1514,157000,34000,32000,0,159000,57081668,3197500,79000,0,0,3276500,1801033,
2022-07-14,1515,1596000,233000,195000,0,1634000,45368375,5118676,178000,3000,0,5293676,395348,
2022-07-14,1516,3000,1000,0,0,4000,8921043,176879,0,0,0,176879,208255,
2022-07-14,1517,102000,9000,22000,0,89000,56421251,3963000,308000,141000,0,4130000,431552,
2022-07-14,1519,288000,13000,103000,0,198000,65264637,3389000,19000,0,0,3408000,303586,
2022-07-14,1521,0,0,0,0,0,19057500,217000,0,0,0,217000,37037,
2022-07-14,1522,0,976000,0,0,976000,78224470,3595000,294000,70000,0,3819000,6523149,
2022-07-14,1524,5539000,781000,297000,10000,6013000,41327599,529000,1000,46000,0,484000,11958550,
2022-07-14,1525,0,0,0,0,0,18350033,131000,0,0,0,131000,10838,
2022-07-14,1526,6000,2000,0,0,8000,15000000,514000,1000,46000,0,469000,115525,
2022-07-14,1527,7000,0,0,0,7000,34642660,1962000,24000,0,0,1986000,322949,
2022-07-14,1528,0,2000,0,0,2000,49832750,1188000,3000,0,0,1191000,365791,
2022-07-14,1529,24000,2000,12000,0,14000,33991995,379000,4000,0,0,383000,484073,
2022-07-14,1530,0,0,0,0,0,24148542,46000,0,0,0,46000,6135,
2022-07-14,1531,0,0,0,0,0,45902020,523000,0,0,0,523000,25897,
2022-07-14,1532,0,0,0,0,0,94030528,2338000,0,0,0,2338000,91308,
2022-07-14,1533,411000,22000,80000,0,353000,24636871,1597195,0,71000,0,1526195,925871,
2022-07-14,1535,0,0,0,0,0,30935638,189000,7000,5000,0,191000,10695,X
2022-07-14,1536,81000,14000,20000,0,75000,69879378,8538738,99000,95000,0,8542738,290259,
2022-07-14,1537,0,0,0,0,0,20516598,496000,0,1000,0,495000,22113,
2022-07-14,1538,0,0,0,0,0,0,0,0,0,0,0,0,XV
2022-07-14,1539,318000,23000,42000,10000,289000,16342500,559000,1000,25000,0,535000,1458387,
2022-07-14,1540,3000,0,0,0,3000,21368403,324000,0,0,0,324000,187018,
2022-07-14,1541,8000,0,1000,0,7000,19700000,85000,0,0,0,85000,293520,
2022-07-14,1558,0,0,0,0,0,15133907,619000,0,1000,0,618000,11591,
2022-07-14,1560,0,993000,0,0,993000,35765000,4808000,4000,189000,0,4623000,7304295,
2022-07-14,1568,458000,80000,38000,0,500000,25771639,1577000,25000,0,0,1602000,1979971,
2022-07-14,1582,21000,0,0,0,21000,30931042,1964000,8000,15000,0,1957000,48780,
2022-07-14,1583,0,0,0,0,0,27600093,49000,0,0,0,49000,3189,
2022-07-14,1587,1000,0,0,0,1000,17156112,272980,2000,0,0,274980,130598,
2022-07-14,1589,180000,6000,12000,0,174000,27654379,4003749,10000,15000,0,3998749,164425,
2022-07-14,1590,4000,0,1000,0,3000,49999999,2839686,189000,0,0,3028686,250977,
2022-07-14,1597,6000,0,0,0,6000,20296887,895850,0,7000,0,888850,30832,
2022-07-14,1598,297000,16000,7000,0,306000,33528688,3795000,29000,36000,0,3788000,133209,
2022-07-14,1603,113000,0,0,0,113000,47922000,551000,0,0,0,551000,131184,
2022-07-14,1604,1000,1000,0,0,2000,96800000,2432000,6000,0,0,2438000,157252,
2022-07-14,1605,5716000,120000,737000,1000,5098000,857833237,74149000,604000,2651000,0,72102000,19743705,
2022-07-14,1608,182000,20000,1000,0,201000,158193376,6756000,1000,1000,0,6756000,314757,
2022-07-14,1609,1161000,20000,209000,0,972000,161473850,23447548,129000,52000,0,23524548,2550250,
2022-07-14,1611,613000,6000,168000,0,451000,80683935,10976240,2000,737000,0,10241240,3908677,X
2022-07-14,1612,229000,1000,8000,0,222000,79020015,5617000,0,72000,0,5545000,584958,
2022-07-14,1614,0,0,0,0,0,67278351,437000,0,0,0,437000,38009,
2022-07-14,1615,0,0,0,0,0,34453429,171200,0,40000,0,131200,17719,X
2022-07-14,1616,0,0,0,0,0,0,0,0,0,0,0,0,XV
2022-07-14,1617,0,0,0,0,0,39433308,67000,0,0,0,67000,48094,
2022-07-14,1618,0,0,0,0,0,48172936,360000,8000,0,0,368000,56781,
2022-07-14,1626,11000,0,5000,0,6000,36386124,429320,0,0,0,429320,77902,
2022-07-14,1701,1000,0,0,0,1000,74520270,3350000,23000,0,0,3373000,214175,
2022-07-14,1702,5000,0,0,0,5000,73533240,3136000,0,0,0,3136000,69850,
2022-07-14,1707,1000,4000,0,0,5000,34071593,890000,0,0,0,890000,47937,
2022-07-14,1708,971000,112000,289000,4000,790000,62250412,3825000,526000,96000,0,4255000,2801956,X
2022-07-14,1709,34000,0,5000,0,29000,119254068,9083000,10000,6000,0,9087000,504690,
2022-07-14,1710,59000,4000,1000,0,62000,221425757,13507000,77000,13000,0,13571000,311606,
2022-07-14,1711,252000,7000,58000,0,201000,136938056,13050200,20000,188000,0,12882200,786570,
2022-07-14,1712,196000,2000,6000,0,192000,105123146,6787000,1000,142000,0,6646000,437134,
2022-07-14,1713,0,0,0,0,0,37737925,193000,0,0,0,193000,15222,
2022-07-14,1714,33000,0,4000,0,29000,254206202,12634000,0,4000,0,12630000,398170,
2022-07-14,1717,48000,1000,5000,0,44000,310069863,18734000,7000,136000,0,18605000,737439,
2022-07-14,1718,33000,2000,7000,0,28000,421552436,21989440,2000,0,0,21991440,580125,
2022-07-14,1720,14000,0,0,0,14000,44674022,1096000,0,0,0,1096000,195788,
2022-07-14,1721,749000,3000,14000,0,738000,41428893,3334000,0,0,0,3334000,610384,
2022-07-14,1722,190000,1000,12000,0,179000,245000000,9868000,7000,540000,0,9335000,874966,
2022-07-14,1723,9000,7000,1000,0,15000,59226120,1269000,1000,0,0,1270000,228966,
2022-07-14,1725,0,0,0,0,0,45457494,145000,0,9000,0,136000,8053,
2022-07-14,1726,0,0,0,0,0,40500000,95000,0,0,0,95000,8304,
2022-07-14,1727,718000,83000,78000,0,723000,27062500,1926000,33000,33000,0,1926000,755589,
2022-07-14,1730,0,0,0,0,0,15808462,234000,0,2000,0,232000,5064,
2022-07-14,1731,0,0,0,0,0,33228811,505000,0,3000,0,502000,81109,
2022-07-14,1732,645000,13000,8000,0,650000,10610989,100000,1000,0,0,101000,285470,
2022-07-14,1733,7000,0,0,0,7000,24987548,814000,1000,0,0,815000,234665,
2022-07-14,1734,6000,0,0,0,6000,41930505,2801960,9000,8000,0,2802960,425555,X
2022-07-14,1735,0,0,0,0,0,24847000,26000,0,0,0,26000,16707,
2022-07-14,1736,199000,0,5000,0,194000,75904154,2293215,9000,0,0,2302215,56445,
2022-07-14,1737,0,0,0,0,0,50000000,632000,0,34000,0,598000,45485,
2022-07-14,1752,0,0,0,0,0,25247118,240000,0,18000,0,222000,24402,
2022-07-14,1760,1629000,76000,184000,49000,1472000,21434753,2491912,12000,115000,0,2388912,3024555,
2022-07-14,1762,10000,0,2000,0,8000,19390000,1383000,8000,71000,0,1320000,137265,
2022-07-14,1773,70000,1000,1000,0,70000,50000000,2944334,32000,93000,0,2883334,222952,
2022-07-14,1776,0,0,0,0,0,17583824,205000,0,0,0,205000,6424,
2022-07-14,1783,82000,18000,11000,2000,87000,17366250,1011000,0,0,0,1011000,754000,
2022-07-14,1786,0,0,0,0,0,16547606,131105,0,14000,0,117105,13064,X
2022-07-14,1789,2000,0,0,0,2000,197684805,3936000,0,0,0,3936000,484195,
2022-07-14,1795,1698000,62000,362000,0,1398000,60081436,8035000,256000,90000,0,8201000,5906874,
2022-07-14,1802,517000,126000,25000,0,618000,727015200,32756000,5000,13000,0,32748000,1384585,
2022-07-14,1805,0,0,0,0,0,0,0,0,0,0,0,0,XV
2022-07-14,1806,0,0,0,0,0,108445519,4065000,1000,0,0,4066000,157235,X
2022-07-14,1808,4000,0,0,0,4000,98049159,1758530,1000,0,0,1759530,71908,
2022-07-14,1809,9000,0,3000,0,6000,41760484,1771000,2000,99000,0,1674000,79875,
2022-07-14,1810,4000,0,0,0,4000,92463402,3139000,0,0,0,3139000,120792,
2022-07-14,1817,0,0,0,0,0,18150000,72000,0,0,0,72000,18208,
2022-07-14,1903,7000,3000,0,0,10000,65009780,920000,6000,10000,0,916000,30471,
2022-07-14,1904,47000,0,0,0,47000,277068630,16405000,0,469000,0,15936000,588458,
2022-07-14,1905,0,122000,0,0,122000,275708829,11431000,0,298000,0,11133000,432879,
2022-07-14,1906,0,0,0,0,0,37750000,794000,43000,4000,0,833000,339300,
2022-07-14,1907,0,0,0,0,0,415092873,20185970,417000,71000,0,20531970,434030,
2022-07-14,1909,134000,4000,4000,0,134000,319421431,22288180,99000,0,0,22387180,833322,
2022-07-14,2002,674000,19000,131000,1000,561000,3933715249,206792705,7927000,60000,0,214659705,11542620,
2022-07-14,2006,1058000,57000,74000,0,1041000,182553454,19641000,364000,398000,0,19607000,1784276,
2022-07-14,2007,398000,11000,1000,0,408000,42366482,2144000,7000,0,0,2151000,346502,
2022-07-14,2008,1000,0,0,0,1000,50213073,262000,0,0,0,262000,16075,
2022-07-14,2009,0,1435000,0,0,1435000,89905541,4865000,0,282000,0,4583000,438357,
2022-07-14,2010,276000,1000,62000,0,215000,161913847,11424654,3000,16000,0,11411654,249945,
2022-07-14,2012,37000,0,0,0,37000,71943500,891000,3000,0,0,894000,50442,
2022-07-14,2013,29000,1000,15000,0,15000,50000000,2746000,0,0,0,2746000,125830,X
2022-07-14,2014,4238000,142000,297000,25000,4058000,358886111,52768000,244000,0,0,53012000,2954401,
2022-07-14,2015,0,0,0,0,0,145399856,1415000,7000,0,0,1422000,82286,
2022-07-14,2017,0,47000,0,0,47000,85466865,5501000,9000,1000,0,5509000,212265,
2022-07-14,2020,67000,8000,40000,0,35000,55631525,2466000,0,0,0,2466000,221506,
2022-07-14,2022,0,0,0,0,0,0,0,0,0,0,0,0,XV
2022-07-14,2023,288000,52000,66000,0,274000,472642379,32480000,6000,88000,0,32398000,1212083,
2022-07-14,2024,6000,0,0,0,6000,24375000,171000,0,0,0,171000,25798,
2022-07-14,2025,0,0,0,0,0,0,0,0,0,0,0,0,XV
2022-07-14,2027,102000,0,74000,26000,2000,502116463,65673136,236000,437000,0,65472136,3160288,X
2022-07-14,2028,244000,39000,16000,0,267000,39750000,2248000,0,0,0,2248000,303043,
2022-07-14,2029,0,189000,0,0,189000,80295000,4649000,229000,0,0,4878000,283278,
2022-07-14,2030,62000,11000,20000,1000,52000,70131506,6134000,41000,107000,0,6068000,689698,X
2022-07-14,2031,420000,141000,37000,0,524000,80286585,12216000,7000,40000,0,12183000,677756,
2022-07-14,2032,603000,34000,10000,0,627000,32630386,544329,0,9000,0,535329,189153,
2022-07-14,2033,2000,0,2000,0,0,20173634,249000,0,4000,0,245000,79133,
2022-07-14,2034,1000,0,0,1000,0,111338631,11880000,51000,19000,0,11912000,385445,X
2022-07-14,2038,108000,21000,10000,0,119000,45316130,2364000,0,0,0,2364000,279276,
2022-07-14,2049,254000,22000,121000,0,155000,85198060,5682364,4000,218000,0,5468364,1582269,
2022-07-14,2059,2000,0,0,0,2000,23824268,467000,0,0,0,467000,48063,
2022-07-14,2062,1000,0,0,0,1000,49998538,880402,0,0,0,880402,67554,
2022-07-14,2069,48000,21000,5000,0,64000,41596709,1946081,43000,0,0,1989081,280983,
2022-07-14,2101,35000,0,0,0,35000,208483726,19937000,1000,199000,0,19739000,237265,
2022-07-14,2102,57000,0,3000,0,54000,118332301,9693670,2000,1000,0,9694670,453639,
2022-07-14,2103,0,0,0,0,0,206427494,9533000,550000,26000,0,10057000,571864,X
2022-07-14,2104,11000,0,0,0,11000,246183406,10825000,23000,0,0,10848000,563198,
2022-07-14,2105,50000,6000,6000,0,50000,810353884,12247648,84000,61000,0,12270648,1136816,
2022-07-14,2106,121000,3000,17000,0,107000,227352500,11291118,18000,286000,0,11023118,779896,
2022-07-14,2107,4000,0,0,0,4000,85581500,2275000,1000,0,0,2276000,91248,
2022-07-14,2108,2051000,39000,10000,0,2080000,123104164,15929000,0,0,0,15929000,325557,
2022-07-14,2109,1000,0,0,0,1000,51675365,702000,0,0,0,702000,28900,
2022-07-14,2114,0,0,0,0,0,19497926,231950,0,0,0,231950,22338,
2022-07-14,2115,0,0,0,0,0,24850753,159803,0,0,0,159803,16608,
2022-07-14,2201,1567000,55000,83000,0,1539000,250000000,9072000,631000,86000,0,9617000,4254481,
2022-07-14,2204,12000,0,8000,0,4000,138405085,2472000,19000,0,0,2491000,295285,X
2022-07-14,2206,74000,0,74000,0,0,199409901,6538000,3000,0,0,6541000,2863819,X
2022-07-14,2207,0,0,0,0,0,136544796,1361558,7000,1000,0,1367558,81972,
2022-07-14,2208,280000,2000,0,0,282000,217946824,8834895,5000,97000,0,8742895,372112,
2022-07-14,2211,27000,0,0,0,27000,104995490,755000,9000,9000,0,755000,128606,
2022-07-14,2227,0,0,0,0,0,0,324000,0,0,0,324000,17926,Y
2022-07-14,2228,0,0,0,0,0,18945070,677000,1000,5000,0,673000,17328,
2022-07-14,2231,61000,15000,3000,0,73000,30479166,2775597,13000,7000,0,2781597,67092,
2022-07-14,2233,77000,2000,7000,47000,25000,15072022,397000,0,0,0,397000,719990,
2022-07-14,2236,4000,0,2000,0,2000,11439925,25682,0,0,0,25682,17045,
2022-07-14,2239,14000,0,5000,0,9000,29533093,459000,0,0,0,459000,26902,X
2022-07-14,2241,11000,0,0,0,11000,22400576,442000,12000,0,0,454000,38293,
2022-07-14,2243,0,0,0,0,0,11533110,103000,0,0,0,103000,89817,
2022-07-14,2247,0,0,0,0,0,20177183,57000,0,0,0,57000,10259,
2022-07-14,2250,1000,0,1000,0,0,6750000,50000,0,1000,0,49000,24177,
2022-07-14,2301,116000,2000,0,0,118000,587716758,9890598,335000,118000,0,10107598,1724522,
2022-07-14,2302,9000,0,1000,0,8000,41575720,2364000,41000,10000,0,2395000,688541,X
2022-07-14,2303,49149000,2315000,11272000,0,40192000,3120530871,885876453,7257000,14238000,0,878895453,30218143,
2022-07-14,2305,1091000,21000,28000,0,1084000,42355206,842000,0,0,0,842000,3693156,
2022-07-14,2308,348000,29000,19000,1000,357000,649385832,20379230,679000,0,0,21058230,1761548,
2022-07-14,2312,885000,29000,174000,0,740000,373261552,33197000,39000,76000,0,33160000,2185420,
2022-07-14,2313,1951000,811000,202000,0,2560000,297955147,22459000,499000,347000,0,22611000,5920381,
2022-07-14,2314,1094000,364000,300000,0,1158000,59507080,2786000,16000,33000,0,2769000,1685065,
2022-07-14,2316,2000,0,0,0,2000,45685134,1222000,0,1000,0,1221000,63179,
2022-07-14,2317,374000,154000,14000,0,514000,3465747652,33601079,284000,0,0,33885079,11159393,
2022-07-14,2321,0,0,0,0,0,0,0,0,0,0,0,0,XV
2022-07-14,2323,329000,12000,6000,0,335000,289720300,18699849,0,5000,0,18694849,1234097,
2022-07-14,2324,547000,55000,9000,0,593000,1101786656,227512395,1320000,1791000,0,227041395,3762458,
2022-07-14,2327,611000,36000,39000,0,608000,136015001,13283460,261000,20000,0,13524460,1024406,
2022-07-14,2328,348000,16000,111000,0,253000,129586570,17697000,44000,74000,0,17667000,1169972,
2022-07-14,2329,9000,0,7000,0,2000,121153154,12119000,46000,311000,0,11854000,594468,X
2022-07-14,2330,1192000,105000,288000,1000,1008000,6482595114,34064181,2000,165000,0,33901181,10949636,
2022-07-14,2331,48000,33000,1000,0,80000,139350742,6296000,8000,0,0,6304000,669873,
2022-07-14,2332,35000,0,0,0,35000,149959118,15046000,10000,0,0,15056000,494536,
2022-07-14,2337,769000,159000,244000,0,684000,463967533,87825000,1154000,807000,0,88172000,3401502,
2022-07-14,2338,2590000,463000,464000,0,2589000,63918383,10872000,293000,33000,0,11132000,1524069,
2022-07-14,2340,897000,10000,337000,5000,565000,94655711,29018000,170000,1530000,0,27658000,4276783,X
2022-07-14,2342,223000,64000,27000,1000,259000,39039186,2002867,1000,449000,0,1554867,502983,
2022-07-14,2344,4438000,700000,403000,0,4735000,995000048,45077606,676000,1150000,0,44603606,7701314,
2022-07-14,2345,197000,30000,13000,0,214000,140012099,7019966,208000,127000,0,7100966,1210360,
2022-07-14,2347,35000,8000,8000,0,35000,416986742,11443689,644000,0,0,12087689,2515915,
2022-07-14,2348,23000,1000,0,0,24000,26615481,610200,0,13000,0,597200,28266,
2022-07-14,2349,0,0,0,0,0,0,0,0,0,0,0,0,XV
2022-07-14,2351,263000,40000,109000,0,194000,45535062,4015000,32000,230000,0,3817000,922221,
2022-07-14,2352,243000,1000,53000,0,191000,491695489,32710000,62000,674000,0,32098000,1147882,
2022-07-14,2353,2301000,216000,160000,0,2357000,761963457,267234728,2207000,538000,0,268903728,5294995,
2022-07-14,2354,59000,1000,12000,0,48000,353621298,26094591,268000,0,0,26362591,1740444,
2022-07-14,2355,45000,41000,9000,0,77000,99373855,16562000,70000,0,0,16632000,359133,
2022-07-14,2356,0,111000,0,0,111000,896868766,78885927,2472000,318000,0,81039927,2556289,
2022-07-14,2357,246000,4000,14000,0,236000,185690070,36131632,445000,0,0,36576632,847247,
2022-07-14,2358,40000,6000,7000,0,39000,24485444,2567358,11000,76000,0,2502358,340104,
2022-07-14,2359,1598000,101000,88000,0,1611000,42867763,3537000,55000,51000,0,3541000,2310241,
2022-07-14,2360,2000,0,0,0,2000,105621759,1970000,3000,0,0,1973000,210243,
2022-07-14,2362,2000,0,0,0,2000,160565750,2684000,12000,0,0,2696000,126670,
2022-07-14,2363,874000,28000,34000,0,868000,170361217,11325664,16000,59000,0,11282664,694190,
2022-07-14,2364,194000,15000,20000,0,189000,2877209,20000,0,0,0,20000,846914,
2022-07-14,2365,5000,0,0,0,5000,55382124,3166583,26000,0,0,3192583,97927,
2022-07-14,2367,323000,39000,40000,0,322000,154851793,11393800,97000,56000,0,11434800,1062278,
2022-07-14,2368,3723000,1091000,480000,0,4334000,136621960,18968000,69000,33000,0,19004000,6886191,
2022-07-14,2369,369000,16000,12000,0,373000,95025586,11761000,1000,46000,0,11716000,473742,
2022-07-14,2371,3427000,70000,88000,0,3409000,584884171,24424036,25000,0,0,24449036,3522167,
2022-07-14,2373,0,0,0,0,0,59050629,192000,0,0,0,192000,12212,
2022-07-14,2374,0,0,0,0,0,71895578,6969000,13000,478000,0,6504000,475002,X
2022-07-14,2375,376000,9000,3000,0,382000,33961042,2347000,5000,0,0,2352000,194262,
2022-07-14,2376,1697000,31000,153000,0,1575000,158922221,31605659,112000,70180,0,31647479,1879923,
2022-07-14,2377,1016000,31000,26000,0,1021000,211214049,28380293,20000,240000,0,28160293,1254186,
2022-07-14,2379,128000,39000,30000,0,137000,128215910,13756149,514000,198000,0,14072149,848973,
2022-07-14,2380,0,0,0,0,0,0,0,0,0,0,0,0,XV
2022-07-14,2382,199000,11000,9000,0,201000,965656858,39955198,685000,214000,0,40426198,1926045,
2022-07-14,2383,63000,28000,11000,0,80000,83229574,3047000,37000,116000,0,2968000,658208,
2022-07-14,2385,13000,1000,2000,0,12000,187961605,8130832,86000,201000,0,8015832,776445,
2022-07-14,2387,10000,3000,1000,0,12000,48812762,2278000,37000,185000,0,2130000,135300,
2022-07-14,2388,2992000,359000,394000,0,2957000,124150735,8766000,24000,4000,0,8786000,4203849,
2022-07-14,2390,160000,11000,39000,0,132000,53505400,4978000,0,38000,0,4940000,414192,
2022-07-14,2392,0,0,0,0,0,128081735,8134000,1000,0,0,8135000,159325,X
2022-07-14,2393,92000,4000,0,0,96000,110848271,15987000,6000,0,0,15993000,340618,
2022-07-14,2395,1000,1000,0,0,2000,194091552,8144571,3000,168000,0,7979571,273845,
2022-07-14,2397,0,0,0,0,0,28672214,131000,0,0,0,131000,6456,X
2022-07-14,2399,120000,4000,40000,0,84000,44525000,4606000,0,0,0,4606000,220447,
2022-07-14,2401,0,237000,0,0,237000,147998729,20662000,434000,405000,0,20691000,1465120,
2022-07-14,2402,3000,0,0,0,3000,76884133,4278000,1000,12000,0,4267000,114857,
2022-07-14,2404,43000,5000,0,0,48000,47646674,5020036,136000,23000,0,5133036,234432,
2022-07-14,2405,516000,18000,102000,0,432000,85856825,9286000,37000,0,0,9323000,1432713,
2022-07-14,2406,535000,15000,29000,0,521000,87726422,10458406,14000,42000,0,10430406,1340731,
2022-07-14,2408,1242000,141000,191000,0,1192000,774411223,61498726,433000,504000,0,61427726,3082386,
2022-07-14,2409,16022000,3068000,3088000,0,16002000,2406061278,394488056,2790000,33881000,0,363397056,16640321,
2022-07-14,2412,117000,4000,19000,0,102000,1939361636,23999519,21000,108000,0,23912519,4156097,
2022-07-14,2413,37000,0,5000,0,32000,31839800,897000,0,1000,0,896000,86657,
2022-07-14,2414,0,0,0,0,0,40433961,1044000,2000,0,0,1046000,34602,
2022-07-14,2415,32000,0,15000,0,17000,20000000,550000,4000,0,0,554000,97776,
2022-07-14,2417,142000,13000,3000,0,152000,39607216,2588000,3000,1000,0,2590000,201675,
2022-07-14,2419,983000,1107000,170000,0,1920000,55329307,2664000,130000,0,0,2794000,1496043,
2022-07-14,2420,0,0,0,0,0,38162172,942000,0,10000,0,932000,40590,
2022-07-14,2421,24000,3000,4000,0,23000,62732433,4093000,24000,0,0,4117000,259683,
2022-07-14,2423,0,0,0,0,0,36261822,315000,0,0,0,315000,62472,
2022-07-14,2424,0,0,0,0,0,0,0,0,0,0,0,0,XV
2022-07-14,2425,3000,7000,0,0,10000,25374707,404000,10000,0,0,414000,198866,
2022-07-14,2426,59000,2000,11000,1000,49000,75155563,7424000,0,0,0,7424000,205060,
2022-07-14,2427,0,1000,0,0,1000,46078615,307000,0,0,0,307000,326957,
2022-07-14,2428,21000,2000,0,0,23000,32028181,1893000,17000,24000,0,1886000,192462,
2022-07-14,2429,0,0,0,0,0,0,0,0,0,0,0,0,XV
2022-07-14,2430,8000,0,0,0,8000,41617206,1087800,0,34000,0,1053800,62022,
2022-07-14,2431,0,0,0,0,0,27731753,643000,0,19000,0,624000,53948,
2022-07-14,2433,0,0,0,0,0,36124002,251000,0,0,0,251000,10041,
2022-07-14,2434,0,0,0,0,0,2377720,17000,0,0,0,17000,7088,
2022-07-14,2436,2009000,95000,183000,0,1921000,44502490,6387000,0,101000,0,6286000,803925,
2022-07-14,2438,0,0,0,0,0,0,0,0,0,0,0,0,XV
2022-07-14,2439,17000,0,2000,0,15000,54117560,4702879,17000,84000,0,4635879,140755,
2022-07-14,2440,0,0,0,0,0,25916083,188000,0,0,0,188000,33627,
2022-07-14,2441,171000,10000,0,0,181000,142211480,8433204,103000,0,0,8536204,276018,
2022-07-14,2442,13000,0,0,0,13000,58350382,3897764,5000,0,0,3902764,220985,
2022-07-14,2443,0,0,0,0,0,0,0,0,0,0,0,0,XV
2022-07-14,2444,0,0,0,0,0,0,0,0,0,0,0,0,XV
2022-07-14,2449,411000,68000,52000,0,427000,305686266,20454196,1585000,0,0,22039196,2229852,X
2022-07-14,2450,0,0,0,0,0,64563164,500000,0,0,0,500000,45077,
2022-07-14,2451,31000,2000,1000,0,32000,107265418,4958000,54000,0,0,5012000,181653,
2022-07-14,2453,0,1000,0,0,1000,25000000,432000,0,1000,0,431000,62446,
2022-07-14,2454,780000,203000,128000,0,855000,399771298,18080184,86000,303000,0,17863184,2895902,
2022-07-14,2455,111000,14000,23000,0,102000,46226479,5156000,72000,37000,0,5191000,693450,
2022-07-14,2457,2535000,939000,436000,0,3038000,84422104,12599000,142000,100000,0,12641000,1606043,
2022-07-14,2458,527000,19000,89000,0,457000,75970098,9191406,11000,791000,0,8411406,448429,
2022-07-14,2459,0,0,0,0,0,26398903,231000,0,2000,0,229000,21235,
2022-07-14,2460,21000,1000,1000,0,21000,42300000,1355000,0,19000,0,1336000,63659,
2022-07-14,2461,116000,0,0,0,116000,40951526,2968000,0,14000,0,2954000,169069,
2022-07-14,2462,0,3000,0,0,3000,28483649,1864000,16000,148000,0,1732000,162008,
2022-07-14,2464,4000,0,2000,0,2000,48882806,1447000,10000,0,0,1457000,88864,
2022-07-14,2465,1152000,23000,22000,0,1153000,13396825,987000,0,25000,0,962000,238410,
2022-07-14,2466,59000,0,0,0,59000,38603494,279000,0,0,0,279000,26627,
2022-07-14,2467,19000,0,1000,0,18000,38047414,1675949,22000,0,0,1697949,65420,
2022-07-14,2468,2000,0,0,0,2000,17490312,93000,0,0,0,93000,7481,
2022-07-14,2471,0,0,0,0,0,11813472,206000,0,0,0,206000,23162,X
2022-07-14,2472,11000,0,0,0,11000,40873790,1504954,0,2000,0,1502954,109641,
2022-07-14,2474,171000,20000,2000,0,189000,182438267,15937706,76000,126000,0,15887706,785094,
2022-07-14,2476,224000,10000,28000,0,206000,47442074,2173000,9000,12000,0,2170000,392117,
2022-07-14,2477,0,0,0,0,0,49554138,1228000,0,0,0,1228000,59115,
2022-07-14,2478,256000,37000,0,0,293000,36182834,2686000,0,28000,0,2658000,68800,
2022-07-14,2480,0,0,0,0,0,26590072,922000,0,11000,0,911000,98096,
2022-07-14,2481,439000,106000,50000,0,495000,95703731,18415000,28000,693000,0,17750000,2154262,
2022-07-14,2482,3729000,492000,368000,85000,3768000,17409428,255000,5000,0,0,260000,6703771,
2022-07-14,2483,22000,7000,6000,0,23000,27273451,608000,4000,42000,0,570000,485838,
2022-07-14,2484,237000,23000,43000,0,217000,39855255,5590000,46000,73000,0,5563000,960172,
2022-07-14,2485,40000,2000,9000,0,33000,79422259,5755000,14000,2000,0,5767000,219657,
2022-07-14,2486,790000,52000,52000,0,790000,55489644,4707669,5000,0,0,4712669,446141,
2022-07-14,2488,0,0,0,0,0,19999858,445000,0,0,0,445000,48559,
2022-07-14,2489,167000,2000,12000,0,157000,190000000,14497000,4000,0,0,14501000,695643,
2022-07-14,2491,0,0,0,0,0,19252000,265000,0,100000,0,165000,44677,X
2022-07-14,2492,369000,48000,47000,0,370000,121451074,9164354,23000,52000,0,9135354,661690,
2022-07-14,2493,0,1000,0,0,1000,28609347,571000,1000,6000,0,566000,113796,
2022-07-14,2495,3000,1000,0,0,4000,68387884,2943000,4000,61000,0,2886000,111985,
2022-07-14,2496,0,0,0,0,0,4775110,16000,0,0,0,16000,5322,
2022-07-14,2497,2773000,473000,463000,0,2783000,29699615,5216000,88000,4000,0,5300000,1436907,
2022-07-14,2498,25635000,1529000,798000,16000,26350000,206231846,59536024,207000,215000,0,59528024,21542880,
2022-07-14,2501,0,0,0,0,0,289890264,3889000,3000,9000,0,3883000,112007,
2022-07-14,2504,388000,0,51000,0,337000,295000000,7160000,6000,0,0,7166000,861962,
2022-07-14,2505,6000,7000,1000,0,12000,95000000,3959000,3000,0,0,3962000,77678,
2022-07-14,2506,10000,0,0,0,10000,75125104,736000,0,0,0,736000,47789,
2022-07-14,2509,5000,0,0,0,5000,56137632,557000,0,21000,0,536000,27768,
2022-07-14,2511,5000,0,0,0,5000,405831536,5005000,0,0,0,5005000,211394,
2022-07-14,2514,6000,0,0,0,6000,98682319,931000,0,0,0,931000,27906,
2022-07-14,2515,123000,0,8000,0,115000,382724955,14608000,1000,19000,0,14590000,903865,
2022-07-14,2516,0,0,0,0,0,0,0,0,0,0,0,0,XV
2022-07-14,2520,35000,23000,4000,0,54000,138542525,7801500,11000,0,0,7812500,235404,
2022-07-14,2524,4000,0,0,0,4000,92939755,361000,0,0,0,361000,108718,
2022-07-14,2527,1000,0,0,0,1000,67576500,1740000,11000,0,0,1751000,81589,
2022-07-14,2528,0,0,0,0,0,58842602,103000,0,7000,0,96000,9129,
2022-07-14,2530,0,0,0,0,0,130188116,2059846,1000,20000,0,2040846,176336,
2022-07-14,2534,51000,1000,21000,0,31000,118556992,3092000,72000,53000,0,3111000,377215,
2022-07-14,2535,8000,0,0,0,8000,84623114,2955000,0,0,0,2955000,127107,
2022-07-14,2536,0,0,0,0,0,83202163,1760000,0,0,0,1760000,53009,
2022-07-14,2537,11000,0,4000,0,7000,75139448,2916000,2000,0,0,2918000,421145,
2022-07-14,2538,2000,0,0,0,2000,109612191,5833000,0,49000,0,5784000,377570,
2022-07-14,2539,1000,0,0,0,1000,161224500,685626,6000,0,0,691626,49241,
2022-07-14,2540,21000,1000,1000,0,21000,40315000,56000,2000,2000,0,56000,45977,
2022-07-14,2542,180000,9000,10000,0,179000,390096257,49478370,51000,0,0,49529370,2134223,
2022-07-14,2543,0,0,0,0,0,59370947,110000,0,0,0,110000,82884,
2022-07-14,2545,279000,3000,0,0,282000,81933702,1405000,4000,0,0,1409000,350575,
2022-07-14,2546,0,0,0,0,0,26508915,229000,0,0,0,229000,23134,
2022-07-14,2547,1000,0,0,0,1000,220023662,6742832,12000,0,0,6754832,166336,
2022-07-14,2548,4000,4000,0,0,8000,69203181,2210000,21000,0,0,2231000,231361,
2022-07-14,2597,18000,0,6000,0,12000,46237500,907760,37000,2000,0,942760,49699,
2022-07-14,2601,193000,7000,19000,0,181000,208694016,16919230,20000,165000,0,16774230,1235354,
2022-07-14,2603,17182000,2009000,2979000,0,16212000,1322762551,52908821,819000,1970000,0,51757821,43114188,
2022-07-14,2605,1131000,17000,397000,222000,529000,146338324,11815000,52000,57000,0,11810000,1220109,
2022-07-14,2606,423000,35000,37000,5000,416000,211263928,10802570,119000,47000,0,10874570,2612535,
2022-07-14,2607,46000,5000,16000,1000,34000,266785273,9070000,0,470000,0,8600000,1506253,X
2022-07-14,2608,186000,227000,0,0,413000,116750124,6307000,23000,3000,0,6327000,175591,
2022-07-14,2609,8624000,1093000,1156000,0,8561000,873026067,125048294,1279000,1344000,0,124983294,24340706,
2022-07-14,2610,16557000,1388000,511000,25000,17409000,1503384361,144397996,803000,0,0,145200996,22645415,
2022-07-14,2611,71000,11000,11000,0,71000,42955061,1588000,0,90000,0,1498000,370756,
2022-07-14,2612,40000,5000,6000,0,39000,49371148,1946000,0,105000,0,1841000,203571,
2022-07-14,2613,218000,0,3000,0,215000,37105864,454000,1000,0,0,455000,277956,
2022-07-14,2614,250000,39000,36000,0,253000,132237598,9323000,44000,1309000,0,8058000,823663,
2022-07-14,2615,1901000,0,1868000,10000,23000,610031803,25564462,236000,517000,0,25283462,7443677,X
2022-07-14,2616,0,0,0,0,0,34320456,385000,1000,0,0,386000,45538,
2022-07-14,2617,0,144000,0,0,144000,104323621,4578000,1000,310000,0,4269000,687541,
2022-07-14,2618,40589000,1130000,2092000,272000,39355000,1334145043,107911861,225000,173000,0,107963861,38464661,
2022-07-14,2630,0,0,0,0,0,0,132080,0,0,0,132080,22171,Y
2022-07-14,2633,66000,6000,5000,0,67000,657073264,28563044,440000,636000,0,28367044,1168866,
2022-07-14,2634,308000,94000,79000,0,323000,235466775,6127000,70000,0,0,6197000,6571292,
2022-07-14,2636,2664000,226000,193000,0,2697000,35847807,6580626,37000,1000,0,6616626,1382139,
2022-07-14,2637,1653000,101000,84000,0,1670000,186602299,14883259,6000,1610000,0,13279259,5345655,
2022-07-14,2642,553000,7000,3000,0,557000,23866750,633000,1000,8000,0,626000,178096,
2022-07-14,2701,2000,0,0,0,2000,112491959,379000,0,0,0,379000,27603,
2022-07-14,2702,0,0,0,0,0,27621384,71000,0,0,0,71000,156314,
2022-07-14,2704,0,0,0,0,0,91730835,496000,0,0,0,496000,114657,
2022-07-14,2705,11000,0,0,0,11000,46634157,909000,5000,0,0,914000,611562,
2022-07-14,2706,2000,0,0,0,2000,124999586,648000,0,62000,0,586000,75981,
2022-07-14,2707,17000,0,0,0,17000,31850809,1043000,9000,10000,0,1042000,198084,
2022-07-14,2712,0,0,0,0,0,26250000,18000,0,0,0,18000,3075,
2022-07-14,2722,0,0,0,0,0,27880740,44000,0,0,0,44000,47544,
2022-07-14,2723,46000,2000,6000,0,42000,45000000,3194450,17000,35000,0,3176450,490663,
2022-07-14,2727,67000,1000,0,0,68000,19246970,927000,7000,18000,0,916000,94272,
2022-07-14,2731,505000,3000,27000,0,481000,19368234,706000,5000,12000,0,699000,483643,
2022-07-14,2739,0,0,0,0,0,0,0,0,0,0,0,0,XV
2022-07-14,2748,1000,0,0,0,1000,22620637,262900,2000,0,0,264900,87501,
2022-07-14,2753,37000,0,1000,0,36000,16511199,149000,2000,7000,0,144000,132972,
2022-07-14,2801,71000,0,21000,0,50000,2622142710,26757620,136000,174000,0,26719620,2374328,
2022-07-14,2809,160000,30000,0,0,190000,280308566,19872890,251000,128000,0,19995890,474697,
2022-07-14,2812,7000,0,0,7000,0,1134630139,17293022,8000,0,0,17301022,1523631,X
2022-07-14,2816,2000,0,0,0,2000,55902000,398150,0,1000,0,397150,12541,
2022-07-14,2820,1000,0,0,0,1000,335740000,5468000,1000,0,0,5469000,257070,
2022-07-14,2832,0,0,0,0,0,90550100,450000,0,0,0,450000,43297,
2022-07-14,2834,201000,10000,78000,0,133000,1822231878,52555560,540000,4000,0,53091560,7129636,
2022-07-14,2836,0,0,0,0,0,290861114,3785880,0,0,0,3785880,236322,
2022-07-14,2838,30000,6000,0,0,36000,823804673,12847126,121000,0,0,12968126,707361,
2022-07-14,2841,0,0,0,0,0,0,0,0,0,0,0,0,XV!
2022-07-14,2845,2000,0,0,0,2000,878490809,14944818,8000,0,0,14952818,1406618,
2022-07-14,2849,0,0,0,0,0,223623986,695000,0,10000,0,685000,42302,X
2022-07-14,2850,4000,0,0,0,4000,78990825,811000,2000,0,0,813000,138858,
2022-07-14,2851,0,0,0,0,0,147597187,2106000,1000,1000,0,2106000,208230,
2022-07-14,2852,0,0,0,0,0,75290946,602000,0,0,0,602000,66007,
2022-07-14,2855,170000,22000,40000,0,152000,363957835,17474508,6000,1000,0,17479508,394558,
2022-07-14,2867,809000,21000,30000,0,800000,774875261,54035842,44000,491000,0,53588842,942890,
2022-07-14,2880,236000,16000,19000,0,233000,3298536242,11094468,217000,53380,0,11258088,2873193,
2022-07-14,2881,1034000,36000,220000,0,850000,2951241098,66071609,593000,413000,0,66251609,5859129,
2022-07-14,2882,1635000,76000,34000,0,1677000,3292302532,97956030,741000,61000,0,98636030,7557320,
2022-07-14,2883,3869000,55000,51000,1000,3872000,4298194325,210432035,4080000,0,0,214512035,15946882,
2022-07-14,2884,841000,36000,140000,0,737000,3338650000,96598017,467000,236000,0,96829017,7286258,
2022-07-14,2885,74000,0,19000,0,55000,3034358978,126099104,477000,699000,0,125877104,8488302,
2022-07-14,2886,239000,7000,80000,0,166000,3399955995,51175653,170000,465000,0,50880653,6957506,
2022-07-14,2887,306000,30000,130000,0,206000,2852345792,17122192,28000,134000,0,17016192,7176300,
2022-07-14,2888,783000,196000,12000,0,967000,3871904560,407717296,315000,0,0,408032296,20516219,
2022-07-14,2889,37000,0,0,0,37000,749377138,36336776,34000,137000,0,36233776,1547537,
2022-07-14,2890,128000,62000,1000,0,189000,2817763526,21618374,15000,0,0,21633374,5356192,
2022-07-14,2891,0,56000,0,0,56000,4874247392,48541681,413000,0,0,48954681,14125920,
2022-07-14,2892,289000,53000,35000,0,307000,3241039772,13528194,479000,0,0,14007194,6276670,
2022-07-14,2897,0,0,0,0,0,683498075,19615000,25000,464000,0,19176000,1112490,X
2022-07-14,2901,0,0,0,0,0,18260820,54000,0,0,0,54000,10585,
2022-07-14,2903,0,0,0,0,0,354235147,7128000,0,18000,0,7110000,183594,
2022-07-14,2904,0,0,0,0,0,17258608,107000,0,0,0,107000,9309,X
2022-07-14,2905,141000,0,0,0,141000,228340520,3510500,0,0,0,3510500,82703,
2022-07-14,2906,66000,0,66000,0,0,52277773,6383000,4000,65000,0,6322000,926517,X
2022-07-14,2908,0,0,0,0,0,127471889,687000,1000,1000,0,687000,41576,
2022-07-14,2910,0,0,0,0,0,52181250,10000,0,0,0,10000,4982,
2022-07-14,2911,0,0,0,0,0,0,75000,0,0,0,75000,22807,X
2022-07-14,2912,9000,0,1000,0,8000,259905563,1878779,20000,48000,0,1850779,456993,
2022-07-14,2913,60000,6000,0,0,66000,176687500,10749000,12000,0,0,10761000,189967,
2022-07-14,2915,493000,4000,10000,0,487000,183579693,13202370,2000,186000,0,13018370,771990,
2022-07-14,2929,69000,0,0,0,69000,27373459,848000,5000,0,0,853000,415365,
2022-07-14,2939,70000,0,0,0,70000,11387166,120000,0,0,0,120000,74003,
2022-07-14,3002,0,0,0,0,0,25500000,168000,0,0,0,168000,63706,
2022-07-14,3003,148000,14000,12000,0,150000,38913722,3137000,8000,1000,0,3144000,263164,
2022-07-14,3004,5000,0,0,0,5000,13161788,361000,0,0,0,361000,54133,
2022-07-14,3005,26000,0,5000,0,21000,150283475,10825000,53000,157000,0,10721000,327342,
2022-07-14,3006,9836000,239000,462000,0,9613000,71539238,12660000,18000,187000,0,12491000,2794477,
2022-07-14,3008,61000,15000,3000,0,73000,33367049,2067379,16000,0,0,2083379,233751,
2022-07-14,3010,28000,1000,0,0,29000,59004485,2771980,0,0,0,2771980,167587,
2022-07-14,3011,0,0,0,0,0,0,0,0,0,0,0,0,XV
2022-07-14,3013,11000,1000,1000,0,11000,38983754,2014000,6000,0,0,2020000,228731,
2022-07-14,3014,0,264000,0,0,264000,40270031,9060000,28000,192000,0,8896000,325612,
2022-07-14,3015,20000,0,0,0,20000,46815487,1111000,0,4000,0,1107000,42957,
2022-07-14,3016,0,0,0,0,0,72003871,2592700,6000,18000,0,2580700,710706,
2022-07-14,3017,2003000,358000,138000,0,2223000,88327539,18805000,13000,176000,0,18642000,2602816,
2022-07-14,3018,0,0,0,0,0,0,0,0,0,0,0,0,XV
2022-07-14,3019,282000,81000,19000,0,344000,70270975,6589000,4000,23000,0,6570000,370368,
2022-07-14,3021,2000,0,0,0,2000,23250000,210000,0,0,0,210000,25517,
2022-07-14,3022,0,6000,0,0,6000,44149447,462000,14000,0,0,476000,116338,
2022-07-14,3023,35000,2000,0,0,37000,58880776,2765123,3000,10000,0,2758123,107372,
2022-07-14,3024,0,0,0,0,0,69289374,904000,0,0,0,904000,107405,
2022-07-14,3025,5000,3000,0,0,8000,17730137,705000,0,5000,0,700000,82362,
2022-07-14,3026,0,0,0,0,0,39497694,3853000,99000,32000,0,3920000,102833,X
2022-07-14,3027,9000,0,0,0,9000,24714077,1109000,1000,0,0,1110000,65038,
2022-07-14,3028,122000,24000,7000,0,139000,54413969,3358000,10000,0,0,3368000,224264,
2022-07-14,3029,6000,0,0,0,6000,38161928,1743789,0,0,0,1743789,77878,
2022-07-14,3030,19000,8000,0,0,27000,59054000,2636000,1000,0,0,2637000,267035,
2022-07-14,3031,29000,0,1000,0,28000,45418556,1171000,0,0,0,1171000,65783,
2022-07-14,3032,0,0,0,0,0,25821406,643000,0,19000,0,624000,16398,
2022-07-14,3033,96000,2000,3000,0,95000,105597150,11083000,72000,1000,0,11154000,673636,
2022-07-14,3034,1114000,341000,398000,0,1057000,152127867,47951821,623000,4652060,0,43922761,2133095,
2022-07-14,3035,0,873000,0,0,873000,62137578,7785000,0,559000,0,7226000,8535702,
2022-07-14,3036,198000,13000,5000,0,206000,220912287,6064000,10000,57000,0,6017000,1934953,
2022-07-14,3037,0,0,0,0,0,368815083,71593620,295000,2464000,0,69424620,10742328,
2022-07-14,3038,9000,20000,0,0,29000,39351900,949000,0,82000,0,867000,305226,
2022-07-14,3040,0,0,0,0,0,15750000,132000,0,13000,0,119000,12380,
2022-07-14,3041,448000,14000,10000,0,452000,48474936,2078000,17000,2000,0,2093000,349323,
2022-07-14,3042,0,0,0,0,0,77439260,16000000,796000,36000,0,16760000,825341,
2022-07-14,3043,0,0,0,0,0,0,0,0,0,0,0,0,XV
2022-07-14,3044,0,8000,0,0,8000,131401474,7186328,315000,90000,0,7411328,416025,
2022-07-14,3045,1000,0,0,0,1000,879808400,4810286,28000,0,0,4838286,1647180,
2022-07-14,3046,0,0,0,0,0,0,0,0,0,0,0,0,XV
2022-07-14,3047,366000,47000,72000,0,341000,47677370,4623000,6000,1000,0,4628000,1254291,
2022-07-14,3048,24000,1000,4000,0,21000,61207448,3755900,104000,83000,0,3776900,346461,
2022-07-14,3049,69000,19000,8000,0,80000,201737132,8601473,10000,0,0,8611473,821720,
2022-07-14,3050,3000,1000,0,0,4000,36496112,1258000,12000,0,0,1270000,450954,
2022-07-14,3051,22000,0,1000,0,21000,34909010,1283000,3000,0,0,1286000,422928,
2022-07-14,3052,0,2000,0,0,2000,57178388,669000,5000,0,0,674000,36553,
2022-07-14,3054,0,0,0,0,0,20852760,305000,0,5000,0,300000,18241,
2022-07-14,3055,0,0,0,0,0,25610479,1187000,0,28000,0,1159000,40222,X
2022-07-14,3056,209000,21000,0,0,230000,52929177,11003154,26000,8000,0,11021154,410575,
2022-07-14,3057,0,0,0,0,0,0,0,0,0,0,0,0,XV
2022-07-14,3058,0,0,0,0,0,0,0,0,0,0,0,0,XV
2022-07-14,3059,561000,127000,20000,0,668000,69736831,3604000,517000,0,0,4121000,1207043,
2022-07-14,3060,5000,0,0,0,5000,34390797,1929000,4000,0,0,1933000,94004,
2022-07-14,3062,1416000,535000,47000,8000,1896000,82151354,18472000,27000,62000,0,18437000,4807186,
2022-07-14,3090,6000,0,1000,0,5000,44664287,2817000,31000,0,0,2848000,119185,
2022-07-14,3092,83000,1000,7000,0,77000,23210760,2392933,1000,17000,0,2376933,148175,
2022-07-14,3094,50000,8000,14000,3000,41000,20779272,2050000,1000,20000,0,2031000,214002,
2022-07-14,3130,0,0,0,0,0,8297675,12000,0,0,0,12000,4518,
2022-07-14,3138,29000,10000,12000,0,27000,11680415,1160000,0,0,0,1160000,147889,
2022-07-14,3149,0,0,0,0,0,0,0,0,0,0,0,0,XV
2022-07-14,3164,0,0,0,0,0,21592841,199000,0,0,0,199000,36800,
2022-07-14,3167,13000,0,4000,0,9000,20033529,1147000,2000,0,0,1149000,50570,
2022-07-14,3189,1177000,320000,352000,0,1145000,112711015,18323000,57000,355000,0,18025000,3914984,
2022-07-14,3209,43000,26000,4000,0,65000,50133046,2794000,0,19000,0,2775000,497430,X
2022-07-14,3229,0,0,0,0,0,0,0,0,0,0,0,0,XV
2022-07-14,3231,181000,7000,2000,0,186000,725775512,70509001,626000,1103000,0,70032001,3256550,
2022-07-14,3257,45000,0,0,0,45000,19996647,964918,0,0,0,964918,52704,
2022-07-14,3266,0,0,0,0,0,88078577,330000,0,0,0,330000,62512,
2022-07-14,3296,6000,3000,1000,0,8000,24181112,1010000,2000,0,0,1012000,137622,
2022-07-14,3305,137000,11000,13000,0,135000,33559368,2374000,0,0,0,2374000,490704,
2022-07-14,3308,0,0,0,0,0,0,0,0,0,0,0,0,XV
2022-07-14,3311,0,0,0,0,0,15000000,169000,0,0,0,169000,55830,
2022-07-14,3312,0,0,0,0,0,34406363,1280580,0,58000,0,1222580,203091,X
2022-07-14,3321,0,0,0,0,0,0,0,0,0,0,0,0,XV
2022-07-14,3338,36000,3000,2000,0,37000,21977035,1375000,0,0,0,1375000,106142,
2022-07-14,3346,42000,1000,0,0,43000,26666288,2562086,9000,2000,0,2569086,95858,
2022-07-14,3356,2000,2000,0,0,4000,22455525,1930700,6000,15000,0,1921700,331023,
2022-07-14,3376,0,4000,0,0,4000,48121336,3295090,1000,0,0,3296090,109197,
2022-07-14,3380,0,0,0,0,0,110429615,6967000,8000,219000,0,6756000,762367,X
2022-07-14,3383,0,0,0,0,0,0,0,0,0,0,0,0,XV
2022-07-14,3406,824000,46000,64000,64000,742000,28177315,4916450,22000,1000,0,4937450,746127,
2022-07-14,3413,177000,2000,12000,0,167000,22132572,3038100,3000,51000,0,2990100,132531,
2022-07-14,3416,1000,0,0,0,1000,18154361,196000,0,0,0,196000,15024,
2022-07-14,3419,1000,3000,1000,0,3000,30120104,1899000,0,0,0,1899000,168407,
2022-07-14,3432,0,0,0,0,0,16646500,119443,0,0,0,119443,24511,
2022-07-14,3437,9000,1000,0,0,10000,36137000,3791000,0,53000,0,3738000,79268,
2022-07-14,3443,729000,40000,26000,0,743000,33502977,2256000,0,2000,0,2254000,1269101,
2022-07-14,3450,0,0,0,0,0,36420345,2110000,0,120000,0,1990000,82044,X
2022-07-14,3454,1000,0,0,0,1000,21641973,386800,0,5000,0,381800,34148,
2022-07-14,3481,4688000,1278000,1602000,10000,4354000,2639905012,386816137,15783000,10412000,0,392187137,28852206,
2022-07-14,3494,0,0,0,0,0,0,0,0,0,0,0,0,XV
2022-07-14,3501,0,0,0,0,0,29564481,416000,0,1000,0,415000,12228,
2022-07-14,3504,2619000,360000,461000,5000,2513000,28514946,1992000,46000,25000,0,2013000,2221228,
2022-07-14,3515,0,60000,0,0,60000,30731357,1733000,2000,9000,0,1726000,233163,
2022-07-14,3518,1000,0,0,0,1000,20188057,322000,0,0,0,322000,43191,
2022-07-14,3528,0,0,0,0,0,16527366,43040,0,0,0,43040,7058,
2022-07-14,3530,0,86000,0,0,86000,19542225,1264000,0,123000,0,1141000,63665,
2022-07-14,3532,162000,189000,28000,0,323000,96962075,1699000,0,0,0,1699000,2323214,
2022-07-14,3533,163000,13000,5000,14000,157000,26621775,1116795,105000,0,0,1221795,356874,
2022-07-14,3535,1032000,232000,75000,0,1189000,19763089,1569000,92000,124000,0,1537000,2476160,
2022-07-14,3536,0,0,0,0,0,0,0,0,0,0,0,0,XV
2022-07-14,3543,1000,1000,1000,0,1000,22315787,93000,0,0,0,93000,7446,
2022-07-14,3545,4343000,127000,292000,0,4178000,54110912,16835000,50000,694000,0,16191000,1262328,
2022-07-14,3550,0,0,0,0,0,21250000,393000,0,83000,0,310000,34048,X
2022-07-14,3557,4000,0,3000,0,1000,17142563,373638,0,1000,0,372638,26387,
2022-07-14,3563,7000,0,0,0,7000,11182058,855560,0,7000,0,848560,33913,
2022-07-14,3576,0,0,0,0,0,0,0,0,0,0,0,0,XV
2022-07-14,3583,13000,16000,3000,0,26000,20284750,882000,0,2000,0,880000,282831,
2022-07-14,3588,599000,7000,82000,0,524000,13216155,769509,0,5000,0,764509,321805,
2022-07-14,3591,2000,11000,0,0,13000,32215431,1518000,0,8000,0,1510000,91596,
2022-07-14,3592,0,0,0,0,0,18963806,263000,65000,0,0,328000,151247,
2022-07-14,3593,0,0,0,0,0,0,0,0,0,0,0,0,XV
2022-07-14,3596,638000,138000,45000,0,731000,55088580,6207270,27000,216000,0,6018270,1541483,
2022-07-14,3605,64000,1000,3000,0,62000,33598971,3397000,0,0,0,3397000,168406,
2022-07-14,3607,1000,0,1000,0,0,30415559,2407000,2000,107000,0,2302000,281686,
2022-07-14,3617,0,0,0,0,0,20237750,228000,0,0,0,228000,17702,X
2022-07-14,3622,17000,1000,0,0,18000,37831900,1150000,0,0,0,1150000,283326,
2022-07-14,3645,118000,10000,74000,0,54000,31957498,3167000,10000,61000,0,3116000,1800506,
2022-07-14,3653,0,283000,0,0,283000,30564907,1545000,0,15000,0,1530000,607207,
2022-07-14,3661,520000,157000,180000,0,497000,17864301,3087040,58000,58000,0,3087040,1618241,
2022-07-14,3665,0,36000,0,0,36000,38187727,7120741,18000,20000,0,7118741,562064,
2022-07-14,3669,104000,0,0,0,104000,23229987,1794000,0,0,0,1794000,70117,
2022-07-14,3673,66000,0,28000,1000,37000,101665939,7687000,0,82000,0,7605000,292190,X
2022-07-14,3679,5000,0,4000,0,1000,15669057,263000,0,1000,0,262000,24359,
2022-07-14,3682,0,0,0,0,0,0,0,0,0,0,0,0,XV
2022-07-14,3686,0,0,0,0,0,0,0,0,0,0,0,0,XV
2022-07-14,3694,0,1000,0,0,1000,33841452,1603000,0,0,0,1603000,37773,
2022-07-14,3701,303000,11000,10000,0,304000,48158720,2939000,0,77000,0,2862000,467542,
2022-07-14,3702,0,0,0,0,0,419764208,27194429,1882000,167000,0,28909429,1833391,X
2022-07-14,3703,64000,2000,20000,0,46000,205803995,6447000,0,171000,0,6276000,565625,
2022-07-14,3704,361000,28000,119000,0,270000,110648213,8616000,15000,4000,0,8627000,661912,
2022-07-14,3705,0,0,0,0,0,66605745,604000,0,0,0,604000,73065,
2022-07-14,3706,102000,1000,6000,0,97000,301639197,13835000,2000,0,0,13837000,680405,
2022-07-14,3708,876000,432000,45000,0,1263000,24524085,2667000,160000,1000,0,2826000,2063436,
2022-07-14,3711,304000,71000,33000,0,342000,1089981983,59072116,613000,137000,0,59548116,5086677,
2022-07-14,3712,16000,0,0,0,16000,61560536,4145000,0,0,0,4145000,206047,
2022-07-14,3714,1330000,55000,103000,10000,1272000,171195990,26619017,16000,145000,0,26490017,1603742,
2022-07-14,4104,0,0,0,0,0,35287242,324000,0,41000,0,283000,81221,
2022-07-14,4106,32000,1000,1000,8000,24000,20846389,769000,0,0,0,769000,187422,
2022-07-14,4108,0,0,0,0,0,0,11000,0,0,0,11000,54069,X
2022-07-14,4119,1000,1000,1000,0,1000,23845593,608000,0,19000,0,589000,37083,
2022-07-14,4133,472000,62000,125000,0,409000,15138398,521000,0,9000,0,512000,737633,
2022-07-14,4137,12000,0,2000,0,10000,19873087,399000,2000,0,0,401000,22122,
2022-07-14,4142,326000,36000,35000,7000,320000,107376937,11788139,136000,8000,0,11916139,1355796,
2022-07-14,4148,15000,1000,0,0,16000,16008500,288000,4000,0,0,292000,141430,
2022-07-14,4155,88000,1000,0,0,89000,23733412,182000,0,0,0,182000,71956,
2022-07-14,4164,0,0,0,0,0,39203213,603000,0,43000,0,560000,117909,
2022-07-14,4190,10000,0,0,0,10000,15205925,174000,0,0,0,174000,9797,
2022-07-14,4306,0,0,0,0,0,159582253,4736360,0,0,0,4736360,250842,
2022-07-14,4414,0,0,0,0,0,0,2330000,0,0,0,2330000,571592,X
2022-07-14,4426,171000,3000,39000,1000,134000,43169299,2721482,78000,12000,0,2787482,802795,
2022-07-14,4438,1000,0,0,0,1000,25843823,135000,0,2000,0,133000,17454,
2022-07-14,4439,1000,0,0,0,1000,7875000,31000,0,0,0,31000,6495,
2022-07-14,4440,0,0,0,0,0,16899500,32000,0,0,0,32000,24379,
2022-07-14,4526,11000,0,7000,0,4000,63706615,895000,2000,145000,0,752000,54146,
2022-07-14,4532,3000,0,1000,0,2000,126228776,1964000,0,8000,0,1956000,110079,
2022-07-14,4536,0,0,0,0,0,22705000,567000,3000,19000,0,551000,27847,
2022-07-14,4540,2000,0,0,0,2000,23544500,565000,0,24000,0,541000,48772,
2022-07-14,4545,0,0,0,0,0,19250000,96000,0,0,0,96000,17833,
2022-07-14,4551,95000,1000,2000,0,94000,28805624,1377000,6000,0,0,1383000,521091,
2022-07-14,4552,0,0,0,0,0,29000000,323000,0,0,0,323000,13623,
2022-07-14,4555,187000,0,0,0,187000,16872655,54000,0,0,0,54000,6081,
2022-07-14,4557,0,0,0,0,0,10492960,35000,0,0,0,35000,14264,
2022-07-14,4560,0,0,0,0,0,17024310,143000,0,0,0,143000,16581,
2022-07-14,4562,0,0,0,0,0,21886500,159000,0,0,0,159000,25171,
2022-07-14,4564,0,0,0,0,0,45697075,2561000,2000,0,0,2563000,68960,
2022-07-14,4566,46000,1000,0,0,47000,17936076,194000,0,1000,0,193000,61669,
2022-07-14,4571,0,0,0,0,0,13345000,71000,0,0,0,71000,6183,
2022-07-14,4572,0,15000,0,0,15000,8950000,121000,0,33000,0,88000,418192,
2022-07-14,4576,0,0,0,0,0,29950462,578080,0,0,0,578080,33728,X
2022-07-14,4581,0,0,0,0,0,8474750,24000,0,0,0,24000,2098,X
2022-07-14,4720,23000,0,0,0,23000,25783764,707000,0,98000,0,609000,61815,
2022-07-14,4722,0,0,0,0,0,25002289,548000,8000,0,0,556000,38847,
2022-07-14,4737,0,0,0,0,0,15155998,171000,0,0,0,171000,12193,X
2022-07-14,4739,1039000,94000,71000,0,1062000,25969817,2840417,1000,0,0,2841417,1393571,
2022-07-14,4746,43000,1000,8000,0,36000,30063990,3040000,20000,45000,0,3015000,202661,
2022-07-14,4755,503000,89000,85000,0,507000,25176500,355236,13000,0,0,368236,1704561,
2022-07-14,4763,126000,0,52000,74000,0,14651249,466850,75000,6000,0,535850,111732,X
2022-07-14,4764,0,0,0,0,0,20175014,54000,0,0,0,54000,4432,X
2022-07-14,4766,0,0,0,0,0,30142695,338000,0,43000,0,295000,19428,
2022-07-14,4770,0,0,0,0,0,19636250,42000,0,0,0,42000,121716,
2022-07-14,4807,0,0,0,0,0,9599008,38000,0,0,0,38000,3421,
2022-07-14,4904,0,7000,0,0,7000,814625202,12975966,347000,0,0,13322966,1791276,
2022-07-14,4906,251000,38000,44000,0,245000,101289744,14274000,122000,217000,0,14179000,2009585,
2022-07-14,4912,7000,0,2000,0,5000,15630193,864813,0,6000,0,858813,95979,
2022-07-14,4915,360000,123000,21000,0,462000,113808831,5323000,9000,25000,0,5307000,2067189,
2022-07-14,4916,69000,0,4000,0,65000,20838598,1090000,0,15000,0,1075000,101682,
2022-07-14,4919,3162000,565000,985000,0,2742000,104941317,9373000,86000,98000,0,9361000,5722953,
2022-07-14,4927,51000,36000,21000,0,66000,47484497,4269000,40000,0,0,4309000,679040,
2022-07-14,4930,17000,0,0,0,17000,20000000,439000,0,0,0,439000,127866,
2022-07-14,4934,0,0,0,0,0,0,0,0,0,0,0,0,XV
2022-07-14,4935,7000,0,0,0,7000,32216022,1566000,4000,0,0,1570000,42418,
2022-07-14,4938,183000,2000,24000,0,161000,667113326,59010304,918000,97000,0,59831304,1988490,
2022-07-14,4942,1000,0,0,0,1000,35591903,827000,9000,0,0,836000,57760,
2022-07-14,4943,0,0,0,0,0,0,159522,0,30000,0,129522,100950,X
2022-07-14,4952,174000,124000,46000,0,252000,27203954,2630000,6000,89000,0,2547000,513276,
2022-07-14,4956,23000,2000,11000,0,14000,25102059,2152000,1000,0,0,2153000,72630,
2022-07-14,4958,123000,10000,5000,0,128000,236762290,13177998,54000,543000,0,12688998,1496726,
2022-07-14,4960,0,0,0,0,0,168811670,20773000,20000,462000,0,20331000,861791,
2022-07-14,4961,2371000,122000,173000,0,2320000,46636328,5909566,24000,132000,0,5801566,974994,
2022-07-14,4967,525000,21000,89000,2000,455000,25553102,3948000,1000,0,0,3949000,154537,
2022-07-14,4968,919000,213000,314000,0,818000,22117226,4094600,102000,57000,0,4139600,721041,
2022-07-14,4976,1435000,465000,78000,0,1822000,34685250,2019414,38000,21000,0,2036414,308821,
2022-07-14,4977,0,1000,0,0,1000,17172460,263207,0,48000,0,215207,20699,
2022-07-14,4989,45000,0,0,0,45000,34444125,922000,0,10000,0,912000,57266,
2022-07-14,4994,3000,0,0,0,3000,27659750,528000,0,0,0,528000,47244,
2022-07-14,4999,0,0,0,0,0,18604300,390000,0,0,0,390000,13087,
2022-07-14,5007,0,0,0,0,0,73735038,349000,0,0,0,349000,21747,
2022-07-14,5203,0,0,0,0,0,19707700,851000,5000,1000,0,855000,22268,
2022-07-14,5215,0,0,0,0,0,16084375,610483,0,27000,0,583483,32051,
2022-07-14,5222,8000,0,1000,0,7000,16957195,219000,5000,0,0,224000,133376,
2022-07-14,5225,0,0,0,0,0,15351500,152000,0,0,0,152000,25913,
2022-07-14,5234,13000,10000,1000,0,22000,25678977,305000,0,0,0,305000,92776,
2022-07-14,5243,133000,63000,2000,0,194000,42132228,3933000,63000,181000,0,3815000,631693,
2022-07-14,5258,1939000,618000,480000,1000,2076000,22385644,2024000,285000,0,0,2309000,4853487,
2022-07-14,5269,144000,8000,16000,0,136000,17303881,1238602,19000,50000,0,1207602,226262,
2022-07-14,5283,1000,0,0,0,1000,18250106,336000,0,0,0,336000,21174,
2022-07-14,5284,0,0,0,0,0,10916152,26000,0,0,0,26000,14216,
2022-07-14,5285,31000,6000,9000,0,28000,25510231,1635000,15000,37000,0,1613000,237221,
2022-07-14,5288,7000,0,0,0,7000,16456538,154000,0,0,0,154000,36516,
2022-07-14,5306,0,0,0,0,0,31500000,493000,5000,0,0,498000,37452,
2022-07-14,5388,731000,497000,84000,0,1144000,63097441,3666000,157000,65000,0,3758000,1935823,
2022-07-14,5434,22000,0,10000,0,12000,45424891,1038000,21000,0,0,1059000,159313,
2022-07-14,5469,3000,1000,2000,0,2000,132110338,5805000,0,0,0,5805000,242260,
2022-07-14,5471,104000,0,74000,0,30000,41969265,8567000,21000,58000,0,8530000,171725,X
2022-07-14,5484,0,0,0,0,0,16700250,5000,0,0,0,5000,9135,
2022-07-14,5515,4000,0,0,0,4000,64360026,969000,0,2000,0,967000,66027,
2022-07-14,5519,1000,0,0,0,1000,54799295,1032000,31000,0,0,1063000,90172,
2022-07-14,5521,0,1000,0,0,1000,123070038,4420200,0,5000,0,4415200,226034,
2022-07-14,5522,17000,0,1000,0,16000,195399060,2875348,66000,0,0,2941348,247652,
2022-07-14,5525,0,0,0,0,0,66147816,194789,0,8000,0,186789,14604,
2022-07-14,5531,156000,4000,12000,0,148000,244397311,5953000,22000,0,0,5975000,121449,
2022-07-14,5533,5000,0,0,0,5000,71311236,1945500,16000,0,0,1961500,405062,
2022-07-14,5534,2000,0,0,0,2000,72581490,1318000,1000,0,0,1319000,59202,
2022-07-14,5538,0,0,0,0,0,50300833,271000,0,0,0,271000,15564,
2022-07-14,5546,0,0,0,0,0,20588350,131000,0,0,0,131000,13409,
2022-07-14,5607,70000,0,17000,0,53000,63744775,1332000,1000,0,0,1333000,146175,
2022-07-14,5608,241000,0,239000,2000,0,82316772,5680532,3000,228000,0,5455532,1810410,X
2022-07-14,5706,931000,32000,70000,0,893000,16779329,804458,2000,61000,0,745458,1872361,
2022-07-14,5871,273000,12000,35000,0,250000,377598608,39744307,171000,439000,0,39476307,1427505,
2022-07-14,5876,348000,2000,282000,0,68000,1120400785,13823464,64000,0,0,13887464,1766284,
2022-07-14,5880,169000,16000,3000,0,182000,3400227050,17960390,182000,147000,0,17995390,3377969,
2022-07-14,5906,0,0,0,0,0,4050000,3000,0,0,0,3000,4469,
2022-07-14,5907,1000,0,0,0,1000,48882750,706000,0,0,0,706000,26021,
2022-07-14,6005,0,326000,0,0,326000,542727024,24624000,399000,19000,0,25004000,1095682,
2022-07-14,6024,4000,0,2000,0,2000,52609396,691000,1000,0,0,692000,27633,
2022-07-14,6108,1000,0,0,0,1000,39974827,1472000,0,0,0,1472000,50364,
2022-07-14,6112,1000,0,0,0,1000,30589334,438000,0,0,0,438000,42018,
2022-07-14,6115,0,0,0,0,0,46915538,425000,0,0,0,425000,37540,
2022-07-14,6116,4304000,258000,431000,12000,4119000,756796712,131991135,120000,16000,0,132095135,4037257,
2022-07-14,6117,0,0,0,0,0,22162500,45000,0,0,0,45000,8383,
2022-07-14,6120,150000,9000,27000,0,132000,166388778,16627000,31000,38000,0,16620000,822953,
2022-07-14,6128,0,0,0,0,0,31897185,187000,1000,0,0,188000,82159,
2022-07-14,6133,783000,582000,30000,0,1335000,29251573,767000,0,4000,0,763000,5551234,
2022-07-14,6136,0,0,0,0,0,28884103,431000,0,0,0,431000,32898,
2022-07-14,6139,5000,0,0,0,5000,56385232,1385000,8000,0,0,1393000,288766,
2022-07-14,6141,0,0,0,0,0,29005751,112000,0,5000,0,107000,27381,
2022-07-14,6142,0,0,0,0,0,0,0,0,0,0,0,0,XV
2022-07-14,6152,0,0,0,0,0,0,0,0,0,0,0,0,XV
2022-07-14,6153,56000,10000,0,0,66000,116837815,9509460,0,354000,0,9155460,456516,
2022-07-14,6155,0,0,0,0,0,21730098,210000,2000,3000,0,209000,126725,
2022-07-14,6164,5000,1000,0,0,6000,25000059,1063000,0,0,0,1063000,284389,
2022-07-14,6165,14000,0,0,0,14000,12420600,1132000,4000,0,0,1136000,44924,
2022-07-14,6166,3000,1000,0,0,4000,50697424,663000,1000,11000,0,653000,18156,
2022-07-14,6168,1000,1000,0,0,2000,51517450,3886960,0,2000,0,3884960,120092,
2022-07-14,6176,47000,70000,1000,0,116000,116256815,8183046,368000,83000,0,8468046,543921,
2022-07-14,6177,2000,0,0,0,2000,96977654,1739549,0,0,0,1739549,101724,
2022-07-14,6183,1000,0,0,0,1000,37500000,230000,0,0,0,230000,25924,
2022-07-14,6184,0,0,0,0,0,39557664,106000,0,0,0,106000,20614,
2022-07-14,6189,0,0,0,0,0,50101685,1896000,119000,0,0,2015000,122414,X
2022-07-14,6191,113000,1000,11000,0,103000,118575750,14899000,3000,0,0,14902000,858591,
2022-07-14,6192,0,0,0,0,0,26709936,305000,0,8000,0,297000,20207,
2022-07-14,6196,14000,6000,0,0,20000,48754519,2161000,4000,29000,0,2136000,201517,
2022-07-14,6197,0,0,0,0,0,30521470,684000,0,1000,0,683000,78171,
2022-07-14,6201,0,0,0,0,0,22300000,104000,0,0,0,104000,9187,
2022-07-14,6202,223000,10000,21000,0,212000,56542050,12350000,2000,0,0,12352000,325506,
2022-07-14,6205,0,0,0,0,0,19854299,1102000,0,66000,0,1036000,343714,
2022-07-14,6206,20000,0,18000,1000,1000,35765581,1255000,29000,29000,0,1255000,902938,X
2022-07-14,6209,103000,66000,20000,0,149000,43557157,2929010,2000,57000,0,2874010,227548,
2022-07-14,6213,107000,3000,17000,0,93000,95739304,6085439,145000,254000,0,5976439,583826,
2022-07-14,6214,0,0,0,0,0,67348326,2268000,4000,0,0,2272000,79477,
2022-07-14,6215,1000,0,0,0,1000,20697423,336000,17000,0,0,353000,287110,
2022-07-14,6216,38000,9000,13000,0,34000,22443409,998000,15000,5000,0,1008000,519376,
2022-07-14,6224,14000,0,1000,0,13000,21411340,2160000,0,0,0,2160000,62769,
2022-07-14,6225,0,0,0,0,0,0,0,0,0,0,0,0,XV
2022-07-14,6226,326000,30000,45000,0,311000,29134947,3414000,4000,41000,0,3377000,3056770,
2022-07-14,6230,0,0,0,0,0,21585849,439000,0,0,0,439000,7495,
2022-07-14,6235,3451000,590000,1038000,0,3003000,43320326,5256000,97000,70000,0,5283000,9226374,
2022-07-14,6239,29000,1000,16000,0,14000,189786658,10741933,47000,62000,0,10726933,643308,
2022-07-14,6243,72000,0,24000,0,48000,9330710,558000,0,5000,0,553000,153415,
2022-07-14,6251,250000,264000,90000,0,424000,69379590,6598000,117000,130000,0,6585000,2120202,
2022-07-14,6257,0,46000,0,0,46000,113294386,15204627,591000,165000,0,15630627,1221418,
2022-07-14,6269,55000,56000,3000,0,108000,80085274,12959586,90000,280000,0,12769586,367329,
2022-07-14,6271,167000,27000,25000,0,169000,44672606,1423000,29000,0,0,1452000,482173,
2022-07-14,6277,0,0,0,0,0,29867791,519000,2000,17000,0,504000,12721,
2022-07-14,6278,0,178000,0,0,178000,73099588,10197000,152000,0,0,10349000,1191836,
2022-07-14,6281,0,0,0,0,0,24793236,137000,0,0,0,137000,16210,
2022-07-14,6282,1170000,47000,45000,0,1172000,129155323,15744000,16000,340000,0,15420000,1457193,
2022-07-14,6283,448000,23000,152000,0,319000,20363335,2630950,49000,0,0,2679950,102902,
2022-07-14,6285,105000,702000,0,0,807000,99113225,8791600,3000,25000,0,8769600,726525,
2022-07-14,6288,16000,2000,10000,0,8000,45683314,5203000,26000,22000,0,5207000,99530,
2022-07-14,6289,0,0,0,0,0,0,0,0,0,0,0,0,XV
2022-07-14,6405,0,0,0,0,0,16450000,71000,0,0,0,71000,17826,
2022-07-14,6409,0,0,0,0,0,21806541,381250,0,0,0,381250,63815,
2022-07-14,6412,7000,0,0,0,7000,98847097,933855,2000,0,0,935855,69769,
2022-07-14,6414,153000,19000,33000,0,139000,25289254,3233076,1000,43000,0,3191076,363153,
2022-07-14,6415,27000,1000,19000,0,9000,95022705,41000,8000,0,0,49000,294433,
2022-07-14,6416,36000,0,24000,0,12000,18297218,699000,4000,45000,0,658000,35445,
2022-07-14,6426,3000,0,0,0,3000,9627250,337000,0,0,0,337000,18945,
2022-07-14,6431,0,0,0,0,0,12610708,0,0,0,0,0,5654,
2022-07-14,6438,32000,0,1000,0,31000,16857927,1983000,0,45000,0,1938000,229087,
2022-07-14,6442,1000,0,0,0,1000,17325000,152000,1000,0,0,153000,65073,
2022-07-14,6443,5089000,1122000,458000,0,5753000,111449182,22475000,346000,541000,0,22280000,6183422,
2022-07-14,6449,11000,0,0,0,11000,22238378,414000,0,6000,0,408000,9200,
2022-07-14,6451,8000,0,0,2000,6000,26813950,973000,0,0,0,973000,33752,
2022-07-14,6456,226000,50000,8000,0,268000,84484950,4030000,7000,65000,0,3972000,286289,
2022-07-14,6464,0,0,0,0,0,32577509,94325,0,0,0,94325,9009,
2022-07-14,6477,3204000,94000,107000,109000,3082000,29394902,2739000,6000,161000,0,2584000,2739555,
2022-07-14,6491,115000,0,6000,0,109000,17500000,1138000,11000,3000,0,1146000,119628,
2022-07-14,6504,57000,0,0,0,57000,18150000,715000,0,0,0,715000,11782,
2022-07-14,6505,57000,11000,8000,0,60000,2381489913,18718181,71000,8000,0,18781181,1069322,
2022-07-14,6515,93000,6000,9000,0,90000,8566250,451000,4000,16000,0,439000,208725,
2022-07-14,6525,0,0,0,0,0,32261846,1223000,5000,13000,0,1215000,100532,X
2022-07-14,6531,1449000,104000,302000,0,1251000,40369811,2971000,29000,56000,0,2944000,1273994,
2022-07-14,6533,233000,56000,20000,0,269000,12662727,981750,40000,7000,0,1014750,254938,
2022-07-14,6541,0,0,0,0,0,0,0,0,0,0,0,0,XV
2022-07-14,6552,0,0,0,0,0,20750000,713000,0,0,0,713000,15630,
2022-07-14,6558,2000,0,0,0,2000,21612375,1127000,0,38000,0,1089000,31793,
2022-07-14,6573,0,0,0,0,0,20124836,381875,0,40000,0,341875,27716,
2022-07-14,6579,0,0,0,0,0,37184367,137000,0,0,0,137000,16857,
2022-07-14,6581,1000,0,0,0,1000,27817721,361000,0,0,0,361000,46507,
2022-07-14,6582,235000,2000,10000,0,227000,26543535,920000,2000,0,0,922000,53931,
2022-07-14,6591,4000,1000,0,0,5000,8024481,273000,0,5000,0,268000,69199,
2022-07-14,6592,5000,0,0,0,5000,128750101,1526000,13000,13000,0,1526000,192880,
2022-07-14,6598,11000,0,3000,0,8000,20440804,1352000,0,14000,0,1338000,189854,
2022-07-14,6605,29000,7000,13000,0,23000,41454099,1393000,160000,43000,0,1510000,1032188,
2022-07-14,6625,0,0,0,0,0,11085111,60000,0,0,0,60000,3514,
2022-07-14,6641,0,0,0,0,0,9250000,30356,0,0,0,30356,2739,
2022-07-14,6655,7000,0,0,0,7000,18507049,75000,0,0,0,75000,16795,
2022-07-14,6666,0,0,0,0,0,11847000,52700,0,0,0,52700,6500,
2022-07-14,6668,125000,15000,10000,11000,119000,19571594,946096,2000,27000,0,921096,91419,
2022-07-14,6669,151000,0,0,0,151000,43710197,7333000,12000,12000,0,7333000,248554,
2022-07-14,6670,41000,0,41000,0,0,32757500,696000,24000,0,0,720000,79227,X
2022-07-14,6671,0,0,0,0,0,15187500,37000,0,0,0,37000,5465,
2022-07-14,6672,7000,1000,1000,0,7000,17863586,1821000,1000,21000,0,1801000,110844,
2022-07-14,6674,0,0,0,0,0,17101225,31000,0,0,0,31000,5046,
2022-07-14,6691,0,0,0,0,0,16976785,0,0,0,0,0,14281,
2022-07-14,6698,1000,0,1000,0,0,16597438,815000,4000,5000,0,814000,54193,
2022-07-14,6706,115000,2000,18000,0,99000,18384216,1228804,2000,0,0,1230804,323369,
2022-07-14,6715,0,302000,0,0,302000,15125000,276988,0,16000,0,260988,417975,
2022-07-14,6719,0,0,0,0,0,0,882000,0,27000,0,855000,567601,Y
2022-07-14,6743,0,0,0,0,0,37500000,1799185,1000,2000,0,1798185,64082,
2022-07-14,6754,0,0,0,0,0,16500000,62000,0,0,0,62000,13046,
2022-07-14,6756,217000,29000,23000,0,223000,17124250,1091000,0,0,0,1091000,297341,
2022-07-14,6768,3000,0,0,0,3000,49011404,163000,0,0,0,163000,248617,
2022-07-14,6770,3281000,421000,128000,0,3574000,899151185,182135000,5820000,46000,0,187909000,6055593,
2022-07-14,6776,0,0,0,0,0,20395357,60000,0,0,0,60000,16684,
2022-07-14,6781,34000,18000,0,0,52000,21354695,468888,3000,5000,0,466888,292149,
2022-07-14,6790,0,0,0,0,0,66782255,220000,3000,0,0,223000,40920,
2022-07-14,6792,0,0,0,0,0,11968831,33000,5000,0,0,38000,44366,
2022-07-14,6806,126000,29000,23000,0,132000,49125000,468000,1000,0,0,469000,426624,
2022-07-14,8011,66000,0,0,0,66000,37364015,3531394,6000,0,0,3537394,278451,
2022-07-14,8016,0,191000,0,0,191000,30034219,8170000,17000,57000,0,8130000,464317,
2022-07-14,8021,12000,25000,2000,0,35000,35545116,2434000,6000,0,0,2440000,132240,X
2022-07-14,8028,439000,118000,258000,5000,294000,35088120,2658500,15000,0,0,2673500,3958867,X
2022-07-14,8033,0,0,0,0,0,0,0,0,0,0,0,0,XV
2022-07-14,8039,3000,0,3000,0,0,52279923,5290000,14000,31000,0,5273000,77324,X
2022-07-14,8046,773000,228000,204000,0,797000,161541371,12396573,0,0,0,12396573,2662393,
2022-07-14,8070,3000,2000,1000,0,4000,172354856,4274000,218000,0,0,4492000,412531,
2022-07-14,8072,1000,0,0,0,1000,20000000,67000,0,0,0,67000,12033,
2022-07-14,8081,255000,9000,37000,0,227000,21543018,2238000,8000,8000,0,2238000,218667,
2022-07-14,8101,0,0,0,0,0,0,0,0,0,0,0,0,XV
2022-07-14,8103,54000,0,0,0,54000,19738353,1441000,3000,4000,0,1440000,88464,
2022-07-14,8104,12000,0,12000,0,0,18662918,641000,0,104000,0,537000,330043,X
2022-07-14,8105,22000,0,11000,0,11000,72140773,4182000,9000,1000,0,4190000,378490,
2022-07-14,8110,22000,3000,1000,0,24000,130430469,5693000,2000,218000,0,5477000,282457,
2022-07-14,8112,0,163000,0,0,163000,107124118,19797000,586000,26000,0,20357000,766486,
2022-07-14,8114,419000,40000,35000,0,424000,18782943,1335000,4000,0,0,1339000,1338702,
2022-07-14,8131,0,0,0,0,0,110555555,788000,116000,0,0,904000,117839,X
2022-07-14,8150,500000,29000,75000,1000,453000,181810031,17578000,656000,499000,0,17735000,1375510,
2022-07-14,8163,17000,3000,4000,0,16000,70000000,6572000,34000,0,0,6606000,241731,
2022-07-14,8201,2000,0,0,0,2000,15591568,220000,0,0,0,220000,245882,
2022-07-14,8210,0,0,0,0,0,30192425,1564000,0,3000,0,1561000,59430,
2022-07-14,8213,81000,3000,11000,0,73000,67810622,3502000,4000,38000,0,3468000,644457,
2022-07-14,8215,0,0,0,0,0,80168628,6351000,23000,0,0,6374000,809487,
2022-07-14,8222,603000,632000,18000,0,1217000,17143375,419000,0,2000,0,417000,1705301,
2022-07-14,8249,0,0,0,0,0,31763750,529000,0,36000,0,493000,17519,
2022-07-14,8261,2449000,284000,327000,0,2406000,20335123,3138000,68000,75000,0,3131000,3447004,
2022-07-14,8271,10000,0,5000,0,5000,25456086,2682000,0,28000,0,2654000,72640,
2022-07-14,8341,0,0,0,0,0,27875000,802000,1000,0,0,803000,32520,
2022-07-14,8367,0,5000,0,0,5000,21932984,335000,0,15000,0,320000,31476,
2022-07-14,8374,0,0,0,0,0,22312621,299000,0,0,0,299000,23084,X
2022-07-14,8404,13000,8000,0,0,21000,78794531,1618720,22000,0,0,1640720,47868,
2022-07-14,8411,71000,0,0,0,71000,43849546,212000,0,0,0,212000,26336,
2022-07-14,8422,6000,3000,0,0,9000,27222000,1569000,0,2000,0,1567000,91906,
2022-07-14,8429,2000,0,0,0,2000,46436787,2421144,1000,31000,0,2391144,68178,
2022-07-14,8442,0,0,0,0,0,14999920,27000,0,0,0,27000,33119,
2022-07-14,8443,0,0,0,0,0,16700000,46000,0,0,0,46000,11265,
2022-07-14,8454,70000,37000,14000,0,93000,45519012,2774632,23000,2000,0,2795632,267527,
2022-07-14,8462,6000,0,0,0,6000,19363838,242548,0,0,0,242548,14897,
2022-07-14,8463,1000,1000,0,0,2000,37500000,533000,1000,0,0,534000,46942,
2022-07-14,8464,3000,0,0,0,3000,73255050,970000,1000,11000,0,960000,211970,
2022-07-14,8466,3000,0,0,0,3000,16514750,52000,0,0,0,52000,5618,
2022-07-14,8467,24000,0,24000,0,0,12383500,26000,0,0,0,26000,126646,X
2022-07-14,8473,10000,0,0,0,10000,36062289,345000,0,0,0,345000,10995,
2022-07-14,8478,448000,63000,41000,0,470000,22221569,420000,0,0,0,420000,1792973,
2022-07-14,8480,0,0,0,0,0,9817500,22000,0,0,0,22000,2744,
2022-07-14,8481,0,0,0,0,0,16650466,60000,0,0,0,60000,7443,
2022-07-14,8482,0,0,0,0,0,27611000,84000,0,7000,0,77000,6898,
2022-07-14,8488,0,0,0,0,0,16875000,24000,0,0,0,24000,2374,
2022-07-14,8499,4000,0,0,0,4000,12963827,101000,0,2000,0,99000,11199,
2022-07-14,8926,0,0,0,0,0,147262148,3863000,22000,0,0,3885000,188556,
2022-07-14,8940,0,0,0,0,0,0,0,0,0,0,0,0,XV
2022-07-14,8996,52000,19000,8000,0,63000,22346020,902000,153000,0,0,1055000,824812,
2022-07-14,9103,2255000,28000,46000,0,2237000,51382875,3462000,0,0,0,3462000,581489,
2022-07-14,910322,0,0,0,0,0,0,0,0,0,0,0,0,XV
2022-07-14,9105,18000,0,1000,0,17000,245411075,9435316,0,59000,0,9376316,657080,
2022-07-14,910861,0,0,0,0,0,0,0,0,0,0,0,0,XV
2022-07-14,911868,0,0,0,0,0,0,0,0,0,0,0,0,XV
2022-07-14,912000,0,0,0,0,0,32448379,418000,0,0,0,418000,120416,
2022-07-14,9136,10000,0,10000,0,0,40000000,958000,0,0,0,958000,200409,
2022-07-14,9802,1950000,197000,126000,0,2021000,47340773,1347000,11000,12000,0,1346000,864455,
2022-07-14,9902,0,0,0,0,0,24512400,255000,0,0,0,255000,31506,
2022-07-14,9904,44000,168000,0,0,212000,736696803,17780237,646000,1550000,0,16876237,2021175,
2022-07-14,9905,0,0,0,0,0,76250000,435000,0,0,0,435000,17892,X
2022-07-14,9906,8000,1000,0,0,9000,20835995,85000,0,0,0,85000,10936,
2022-07-14,9907,66000,0,0,0,66000,394786335,8156000,2000,0,0,8158000,976603,
2022-07-14,9908,0,0,0,0,0,129089500,632000,0,0,0,632000,30088,
2022-07-14,9910,6000,0,3000,0,3000,220420274,1596544,6000,93000,0,1509544,335457,
2022-07-14,9911,3000,0,0,0,3000,55280297,754000,2000,0,0,756000,66444,
2022-07-14,9912,0,0,0,0,0,0,0,0,0,0,0,0,XV
2022-07-14,9914,15000,8000,1000,0,22000,74745950,9104000,57000,26000,0,9135000,217166,
2022-07-14,9917,0,0,0,0,0,112799273,1358000,1000,0,0,1359000,78320,
2022-07-14,9918,0,0,0,0,0,45134363,99000,0,3000,0,96000,6464,X
2022-07-14,9919,0,0,0,0,0,48840687,3362000,1000,174000,0,3189000,364533,X
2022-07-14,9921,32000,0,0,0,32000,93766156,14961000,3000,311000,0,14653000,285496,
2022-07-14,9924,0,0,0,0,0,47113042,756000,0,3000,0,753000,41065,
2022-07-14,9925,0,0,0,0,0,96872401,1348000,0,0,0,1348000,40052,
2022-07-14,9926,0,0,0,0,0,44876018,74000,0,0,0,74000,4911,
2022-07-14,9927,124000,0,0,0,124000,41829633,613000,0,0,0,613000,108308,
2022-07-14,9928,0,0,0,0,0,0,0,0,0,0,0,0,XV
2022-07-14,9929,0,0,0,0,0,0,0,0,0,0,0,0,XV
2022-07-14,9930,0,0,0,0,0,62135092,552000,0,200000,0,352000,24562,
2022-07-14,9931,0,0,0,0,0,27607638,39320,0,0,0,39320,1943,
2022-07-14,9933,12000,0,0,0,12000,196478987,4692000,12000,25000,0,4679000,1012554,
2022-07-14,9934,2000,10000,2000,0,10000,89540990,3059000,4000,49000,0,3014000,74292,
2022-07-14,9935,0,0,0,0,0,36525181,970000,0,6000,0,964000,125886,
2022-07-14,9937,0,0,0,0,0,77260750,170000,0,5000,0,165000,301675,
2022-07-14,9938,27000,11000,5000,0,33000,74490975,2835000,137000,0,0,2972000,166094,
2022-07-14,9939,5000,3000,0,0,8000,71946469,2029000,4000,0,0,2033000,267312,
2022-07-14,9940,121000,4000,3000,0,122000,184211625,2654000,91000,0,0,2745000,184890,
2022-07-14,9941,58000,1000,2000,2000,55000,95536634,1723450,16000,10000,0,1729450,185752,
2022-07-14,9942,2000,0,0,0,2000,20790330,436000,0,4000,0,432000,12949,
2022-07-14,9943,0,0,0,0,0,36829400,300000,1000,11000,0,290000,24374,
2022-07-14,9944,0,0,0,0,0,27276775,264000,0,6000,0,258000,25737,
2022-07-14,9945,1453000,8000,13000,0,1448000,526708349,18993000,297000,0,0,19290000,1626326,
2022-07-14,9946,0,0,0,0,0,81638537,1376600,0,0,0,1376600,24480,
2022-07-14,9955,468000,0,1000,0,467000,25802057,550000,0,0,0,550000,309773,
2022-07-14,9958,516000,201000,135000,0,582000,58091684,15454049,45000,126000,0,15373049,1110250,
