date,stock_id,foreign,trust,dealer,total
2016-05-09,6494,-50000,0,0,-50000
2016-05-10,6494,1000,0,0,1000
2016-05-11,6494,53000,0,0,53000
2016-05-12,6494,1000,0,0,1000
2016-05-13,6494,-54000,0,0,-54000
2016-05-16,6494,5000,0,0,5000
2016-05-17,6494,8000,0,0,8000
2016-05-18,6494,-1000,0,0,-1000
2016-05-19,6494,-7000,0,0,-7000
2016-05-20,6494,30000,0,0,30000
2016-05-23,6494,-3000,0,-1,-3001
2016-05-24,6494,-4000,0,0,-4000
2016-05-25,6494,-28000,0,-518,-28518
2016-05-26,6494,39000,0,0,39000
2016-05-27,6494,8000,0,0,8000
2016-05-30,6494,4000,0,0,4000
2016-05-31,6494,-29000,0,0,-29000
2016-06-01,6494,-6000,0,0,-6000
2016-06-02,6494,-14000,0,0,-14000
2016-06-03,6494,-1000,0,0,-1000
2016-06-06,6494,36000,0,0,36000
2016-06-07,6494,-6000,0,0,-6000
2016-06-08,6494,-26000,0,0,-26000
2016-06-13,6494,7000,0,0,7000
2016-06-14,6494,0,0,0,0
2016-06-15,6494,1000,0,0,1000
2016-06-16,6494,-1000,0,0,-1000
2016-06-17,6494,-5000,0,0,-5000
2016-06-20,6494,-1000,0,0,-1000
2016-06-21,6494,1000,0,0,1000
2016-06-23,6494,-4000,0,0,-4000
2016-06-24,6494,-4000,0,0,-4000
2016-06-27,6494,13000,0,0,13000
2016-06-28,6494,1000,0,0,1000
2016-06-29,6494,2000,0,0,2000
2016-06-30,6494,2000,0,0,2000
2016-07-04,6494,1000,0,0,1000
2016-07-05,6494,5000,0,0,5000
2016-07-06,6494,12000,0,0,12000
2016-07-12,6494,1000,0,0,1000
2016-07-13,6494,7000,0,0,7000
2016-07-14,6494,1000,0,0,1000
2016-07-15,6494,1000,0,0,1000
2016-07-18,6494,2000,0,0,2000
2016-07-20,6494,-7000,0,0,-7000
2016-07-22,6494,-8000,0,0,-8000
2016-07-25,6494,-1000,0,0,-1000
2016-07-26,6494,6000,0,0,6000
2016-07-27,6494,-3000,0,0,-3000
2016-08-01,6494,-4000,0,0,-4000
2016-08-02,6494,14000,0,0,14000
2016-08-03,6494,-1000,0,0,-1000
2016-08-04,6494,-6000,0,0,-6000
2016-08-05,6494,-11000,0,0,-11000
2016-08-08,6494,4000,0,0,4000
2016-08-09,6494,5000,0,0,5000
2016-08-10,6494,0,0,0,0
2016-08-11,6494,11000,0,0,11000
2016-08-12,6494,-12000,0,0,-12000
2016-08-15,6494,-7000,0,0,-7000
2016-08-16,6494,-10000,0,0,-10000
2016-08-17,6494,-1000,0,0,-1000
2016-08-18,6494,-1000,0,0,-1000
2016-08-19,6494,-8000,0,0,-8000
2016-08-22,6494,-7000,0,0,-7000
2016-08-23,6494,60000,0,10000,70000
2016-08-24,6494,-53000,0,0,-53000
2016-08-25,6494,-6000,0,0,-6000
2016-08-26,6494,6000,0,0,6000
2016-08-29,6494,3000,0,3000,6000
2016-08-30,6494,4000,0,0,4000
2016-08-31,6494,1000,0,0,1000
2016-09-01,6494,-5000,0,0,-5000
2016-09-02,6494,-4000,0,2000,-2000
2016-09-05,6494,2000,0,0,2000
2016-09-06,6494,-3000,0,0,-3000
2016-09-07,6494,23000,0,0,23000
2016-09-08,6494,7000,0,0,7000
2016-09-09,6494,-4000,0,0,-4000
2016-09-12,6494,-21000,0,0,-21000
2016-09-13,6494,-6000,0,0,-6000
2016-09-19,6494,-2000,0,0,-2000
2016-09-20,6494,2000,0,0,2000
2016-09-22,6494,-1000,0,0,-1000
2016-09-23,6494,7000,0,0,7000
2016-09-29,6494,-3000,0,0,-3000
2016-09-30,6494,-6000,0,0,-6000
2016-10-03,6494,3000,0,0,3000
2016-10-06,6494,-1000,0,0,-1000
2016-10-07,6494,-1000,0,0,-1000
2016-10-11,6494,-1000,0,-15000,-16000
2016-10-12,6494,-1000,0,0,-1000
2016-10-13,6494,10000,0,0,10000
2016-10-17,6494,1000,0,0,1000
2016-10-18,6494,1000,0,0,1000
2016-10-20,6494,-1000,0,0,-1000
2016-10-21,6494,3000,0,0,3000
2016-10-24,6494,-1000,0,0,-1000
2016-10-25,6494,1000,0,0,1000
2016-10-26,6494,3000,0,0,3000
2016-10-27,6494,-3000,0,0,-3000
2016-10-28,6494,5000,0,0,5000
2016-10-31,6494,-11000,0,0,-11000
2016-11-03,6494,-1000,0,0,-1000
2016-11-04,6494,-5000,0,0,-5000
2016-11-07,6494,1000,0,0,1000
2016-11-08,6494,0,0,0,0
2016-11-09,6494,-4000,0,0,-4000
2016-11-10,6494,1000,0,0,1000
2016-11-11,6494,2000,0,0,2000
2016-11-16,6494,-1000,0,0,-1000
2016-11-18,6494,4000,0,0,4000
2016-11-21,6494,21000,0,0,21000
2016-11-22,6494,4000,0,0,4000
2016-11-23,6494,-1000,0,0,-1000
2016-11-24,6494,3000,0,0,3000
2016-11-29,6494,3000,0,0,3000
2016-12-01,6494,-1000,0,0,-1000
2016-12-02,6494,5000,0,0,5000
2016-12-05,6494,2000,0,0,2000
2016-12-06,6494,-19000,0,0,-19000
2016-12-12,6494,-3000,0,0,-3000
2016-12-16,6494,20000,0,0,20000
2016-12-20,6494,-7000,0,0,-7000
2016-12-28,6494,-6000,0,0,-6000
2016-12-29,6494,-1000,0,0,-1000
2017-01-05,6494,5000,0,0,5000
2017-01-06,6494,0,0,0,0
2017-01-09,6494,-4000,0,0,-4000
2017-01-13,6494,-27000,0,0,-27000
2017-01-16,6494,1000,0,0,1000
2017-01-18,6494,-1000,0,0,-1000
2017-02-07,6494,1000,0,0,1000
2017-02-09,6494,-1000,0,0,-1000
2017-02-15,6494,1000,0,0,1000
2017-02-21,6494,-1000,0,0,-1000
2017-02-22,6494,3000,0,0,3000
2017-02-23,6494,2000,0,0,2000
2017-03-01,6494,-4000,0,0,-4000
2017-03-02,6494,2000,0,0,2000
2017-03-03,6494,12000,0,0,12000
2017-03-06,6494,26000,0,0,26000
2017-03-07,6494,4000,0,0,4000
2017-03-08,6494,1000,0,0,1000
2017-03-09,6494,4000,0,0,4000
2017-03-10,6494,-3000,0,0,-3000
2017-03-13,6494,17000,0,0,17000
2017-03-14,6494,17000,0,6000,23000
2017-03-15,6494,7000,0,0,7000
2017-03-16,6494,20000,0,0,20000
2017-03-17,6494,23000,0,0,23000
2017-03-20,6494,28000,0,0,28000
2017-03-21,6494,9000,0,0,9000
2017-03-22,6494,21000,0,0,21000
2017-03-23,6494,40000,0,0,40000
2017-03-24,6494,-25000,0,3000,-22000
2017-03-27,6494,-27000,0,0,-27000
2017-03-28,6494,-4000,0,0,-4000
2017-03-30,6494,8000,0,0,8000
2017-03-31,6494,0,0,2000,2000
2017-04-05,6494,26000,0,0,26000
2017-04-06,6494,4000,0,10000,14000
2017-04-07,6494,-38000,0,0,-38000
2017-04-10,6494,-20000,0,0,-20000
2017-04-11,6494,-34000,0,-8000,-42000
2017-04-12,6494,-23000,0,0,-23000
2017-04-13,6494,1000,0,0,1000
2017-04-14,6494,-11000,0,-4000,-15000
2017-04-17,6494,9000,0,0,9000
2017-04-18,6494,13000,0,0,13000
2017-04-19,6494,29000,0,0,29000
2017-04-20,6494,6000,0,-2000,4000
2017-04-21,6494,25000,0,0,25000
2017-04-24,6494,-10000,0,0,-10000
2017-04-25,6494,6000,0,8000,14000
2017-04-26,6494,-4000,0,0,-4000
2017-04-27,6494,2000,0,5000,7000
2017-04-28,6494,6000,0,0,6000
2017-05-02,6494,3000,0,0,3000
2017-05-03,6494,25000,0,0,25000
2017-05-04,6494,18000,0,0,18000
2017-05-05,6494,34000,0,0,34000
2017-05-08,6494,-15000,0,0,-15000
2017-05-09,6494,31000,0,-2000,29000
2017-05-10,6494,26000,0,-3000,23000
2017-05-11,6494,47000,0,0,47000
2017-05-12,6494,47000,0,0,47000
2017-05-15,6494,154000,0,0,154000
2017-05-16,6494,276000,0,-8000,268000
2017-05-17,6494,213000,0,0,213000
2017-05-18,6494,63000,0,0,63000
2017-05-19,6494,336000,0,0,336000
2017-05-22,6494,136000,0,0,136000
2017-05-23,6494,83000,0,-1000,82000
2017-05-24,6494,219000,0,-1000,218000
2017-05-25,6494,15000,0,0,15000
2017-05-26,6494,232000,0,0,232000
2017-05-31,6494,295000,0,0,295000
2017-06-01,6494,36000,0,-5000,31000
2017-06-02,6494,25000,0,0,25000
2017-06-05,6494,75000,0,0,75000
2017-06-06,6494,-31000,0,0,-31000
2017-06-07,6494,93000,0,0,93000
2017-06-08,6494,-9000,0,0,-9000
2017-06-09,6494,-10000,0,0,-10000
2017-06-12,6494,-1000,0,0,-1000
2017-06-13,6494,-4000,0,0,-4000
2017-06-14,6494,93000,0,0,93000
2017-06-15,6494,47000,0,0,47000
2017-06-16,6494,3000,0,0,3000
2017-06-19,6494,-13000,0,0,-13000
2017-06-20,6494,6000,0,0,6000
2017-06-21,6494,5000,0,0,5000
2017-06-22,6494,-38000,0,0,-38000
2017-06-23,6494,-21000,0,0,-21000
2017-06-26,6494,-24000,0,0,-24000
2017-06-27,6494,-2000,0,0,-2000
2017-06-28,6494,5000,0,0,5000
2017-06-29,6494,70000,0,0,70000
2017-06-30,6494,47000,0,0,47000
2017-07-03,6494,-2000,0,27000,25000
2017-07-04,6494,-7000,0,-27000,-34000
2017-07-05,6494,-13000,0,0,-13000
2017-07-06,6494,23000,0,0,23000
2017-07-07,6494,11000,0,0,11000
2017-07-10,6494,59000,0,0,59000
2017-07-11,6494,45000,0,0,45000
2017-07-12,6494,31000,0,0,31000
2017-07-13,6494,25000,0,0,25000
2017-07-14,6494,59000,0,0,59000
2017-07-17,6494,44000,0,0,44000
2017-07-18,6494,47000,0,0,47000
2017-07-19,6494,44000,0,0,44000
2017-07-20,6494,34000,0,0,34000
2017-07-21,6494,23000,0,0,23000
2017-07-24,6494,2000,0,0,2000
2017-07-25,6494,28000,0,0,28000
2017-07-26,6494,17000,0,0,17000
2017-07-27,6494,13000,0,0,13000
2017-07-28,6494,-3000,0,0,-3000
2017-07-31,6494,29000,0,0,29000
2017-08-01,6494,6000,0,0,6000
2017-08-02,6494,5000,0,0,5000
2017-08-03,6494,7000,0,0,7000
2017-08-04,6494,38000,0,0,38000
2017-08-07,6494,5000,0,0,5000
2017-08-08,6494,0,0,0,0
2017-08-09,6494,-8000,0,0,-8000
2017-08-10,6494,78000,0,0,78000
2017-08-11,6494,30000,0,0,30000
2017-08-14,6494,32000,0,0,32000
2017-08-15,6494,3000,0,0,3000
2017-08-16,6494,43000,0,0,43000
2017-08-17,6494,28000,0,0,28000
2017-08-18,6494,4000,0,0,4000
2017-08-21,6494,66000,0,0,66000
2017-08-22,6494,11000,0,0,11000
2017-08-23,6494,-9000,0,0,-9000
2017-08-24,6494,30000,0,0,30000
2017-08-25,6494,3000,0,0,3000
2017-08-28,6494,0,0,0,0
2017-08-29,6494,-8000,0,0,-8000
2017-08-30,6494,0,0,2000,2000
2017-08-31,6494,4000,0,11000,15000
2017-09-01,6494,2000,0,0,2000
2017-09-04,6494,31000,0,0,31000
2017-09-05,6494,-1000,0,4000,3000
2017-09-06,6494,28000,0,4000,32000
2017-09-07,6494,48000,0,0,48000
2017-09-08,6494,14000,0,0,14000
2017-09-11,6494,47000,0,0,47000
2017-09-12,6494,38000,0,0,38000
2017-09-13,6494,27000,0,0,27000
2017-09-14,6494,9000,0,0,9000
2017-09-15,6494,78000,0,0,78000
2017-09-18,6494,130000,0,0,130000
2017-09-19,6494,26000,0,0,26000
2017-09-20,6494,-1000,0,0,-1000
2017-09-21,6494,30000,0,0,30000
2017-09-22,6494,-4000,0,0,-4000
2017-09-25,6494,26000,0,1000,27000
2017-09-26,6494,44000,0,0,44000
2017-09-27,6494,61000,0,0,61000
2017-09-28,6494,40000,0,0,40000
2017-09-29,6494,6000,0,2000,8000
2017-09-30,6494,0,0,14000,14000
2017-10-02,6494,5000,0,3000,8000
2017-10-03,6494,10000,0,0,10000
2017-10-05,6494,129000,0,1000,130000
2017-10-06,6494,52000,0,0,52000
2017-10-11,6494,-3000,0,-1000,-4000
2017-10-12,6494,-5000,0,0,-5000
2017-10-13,6494,16000,0,0,16000
2017-10-16,6494,2000,0,0,2000
2017-10-17,6494,-1000,0,1000,0
2017-10-18,6494,-5000,0,0,-5000
2017-10-19,6494,41000,0,-4000,37000
2017-10-20,6494,5000,0,0,5000
2017-10-23,6494,38000,0,0,38000
2017-10-24,6494,10000,0,0,10000
2017-10-25,6494,7000,0,0,7000
2017-10-26,6494,14000,0,0,14000
2017-10-27,6494,-14000,0,0,-14000
2017-10-30,6494,13000,0,0,13000
2017-10-31,6494,33000,0,0,33000
2017-11-01,6494,11000,0,0,11000
2017-11-02,6494,-48000,0,0,-48000
2017-11-03,6494,27000,0,0,27000
2017-11-06,6494,0,0,0,0
2017-11-07,6494,2000,0,0,2000
2017-11-08,6494,-2000,0,0,-2000
2017-11-09,6494,-1000,0,0,-1000
2017-11-10,6494,21000,0,-2000,19000
2017-11-13,6494,6000,0,0,6000
2017-11-14,6494,77000,0,0,77000
2017-11-15,6494,39000,0,0,39000
2017-11-16,6494,12000,0,0,12000
2017-11-17,6494,7000,0,0,7000
2017-11-20,6494,10000,0,0,10000
2017-11-21,6494,32000,0,-1000,31000
2017-11-22,6494,6000,0,0,6000
2017-11-23,6494,8000,0,0,8000
2017-11-24,6494,9000,0,0,9000
2017-11-27,6494,-5000,0,0,-5000
2017-11-28,6494,41000,0,0,41000
2017-11-29,6494,37000,0,2000,39000
2017-11-30,6494,74000,0,-2000,72000
2017-12-01,6494,-3000,0,0,-3000
2017-12-04,6494,4000,0,0,4000
2017-12-05,6494,-6000,0,0,-6000
2017-12-06,6494,42000,0,0,42000
2017-12-07,6494,25000,0,2000,27000
2017-12-08,6494,148000,0,-10000,138000
2017-12-11,6494,50000,0,0,50000
2017-12-12,6494,38000,0,0,38000
2017-12-13,6494,117000,0,-5000,112000
2017-12-14,6494,1000,0,-2000,-1000
2017-12-15,6494,13000,0,0,13000
2017-12-18,6494,-4000,0,0,-4000
2017-12-19,6494,51000,0,0,51000
2017-12-20,6494,18000,0,-10000,8000
2017-12-22,6494,35000,0,-5000,30000
2017-12-25,6494,-1000,0,0,-1000
2017-12-26,6494,1000,0,0,1000
2017-12-27,6494,28000,0,0,28000
2017-12-28,6494,19000,0,-3000,16000
2017-12-29,6494,21000,0,0,21000
2018-01-02,6494,-2000,0,0,-2000
2018-01-03,6494,-1000,0,0,-1000
2018-01-04,6494,-2000,0,0,-2000
2018-01-05,6494,15000,0,0,15000
2018-01-08,6494,-12000,0,0,-12000
2018-01-09,6494,9000,0,0,9000
2018-01-10,6494,1000,0,0,1000
2018-01-11,6494,1000,0,0,1000
2018-01-12,6494,20000,0,0,20000
2018-01-15,6494,-3000,0,0,-3000
2018-01-16,6494,-2000,0,0,-2000
2018-01-17,6494,-3000,0,0,-3000
2018-01-18,6494,-4000,0,0,-4000
2018-01-19,6494,5000,0,0,5000
2018-01-23,6494,-4000,0,-2000,-6000
2018-01-24,6494,-2000,0,0,-2000
2018-01-25,6494,49000,0,0,49000
2018-01-26,6494,-2000,0,0,-2000
2018-01-29,6494,-48000,0,0,-48000
2018-01-30,6494,-29000,0,4000,-25000
2018-01-31,6494,5000,0,0,5000
2018-02-01,6494,2000,0,0,2000
2018-02-02,6494,-3000,0,0,-3000
2018-02-05,6494,-3000,0,-4000,-7000
2018-02-06,6494,-9000,0,0,-9000
2018-02-07,6494,4000,0,0,4000
2018-02-08,6494,21000,0,0,21000
2018-02-21,6494,5000,0,0,5000
2018-02-22,6494,4000,0,0,4000
2018-02-23,6494,6000,0,4000,10000
2018-02-27,6494,24000,0,0,24000
2018-03-01,6494,24000,0,0,24000
2018-03-05,6494,-1000,0,0,-1000
2018-03-06,6494,-4000,0,0,-4000
2018-03-07,6494,12000,0,0,12000
2018-03-08,6494,27000,0,0,27000
2018-03-09,6494,4000,0,0,4000
2018-03-16,6494,2000,0,0,2000
2018-03-20,6494,3000,0,0,3000
2018-03-22,6494,-1000,0,0,-1000
2018-03-23,6494,-2000,0,0,-2000
2018-03-27,6494,5000,0,0,5000
2018-03-29,6494,-12000,0,0,-12000
2018-04-02,6494,-10000,0,0,-10000
2018-04-10,6494,-1000,0,0,-1000
2018-04-16,6494,0,0,-1000,-1000
2018-04-18,6494,7000,0,0,7000
2018-04-19,6494,17000,0,0,17000
2018-04-24,6494,-1000,0,0,-1000
2018-05-02,6494,0,0,-3000,-3000
2018-05-03,6494,-1000,0,0,-1000
2018-05-04,6494,-4000,0,0,-4000
2018-05-07,6494,-6000,0,0,-6000
2018-05-08,6494,-1000,0,0,-1000
2018-05-09,6494,-4000,0,1000,-3000
2018-05-21,6494,31000,0,0,31000
2018-05-22,6494,-1000,0,0,-1000
2018-05-23,6494,-1000,0,0,-1000
2018-05-24,6494,24000,0,0,24000
2018-05-29,6494,-5000,0,0,-5000
2018-05-31,6494,-3000,0,0,-3000
2018-06-01,6494,1000,0,-1000,0
2018-06-04,6494,-10000,0,0,-10000
2018-06-05,6494,-23000,0,0,-23000
2018-06-06,6494,45000,0,0,45000
2018-06-07,6494,-111000,0,0,-111000
2018-06-11,6494,0,0,2000,2000
2018-06-12,6494,0,0,-1000,-1000
2018-06-14,6494,0,0,2000,2000
2018-06-25,6494,0,0,-1000,-1000
2018-06-26,6494,1000,0,0,1000
2018-07-09,6494,-1000,0,0,-1000
2018-07-17,6494,10000,0,0,10000
2018-07-18,6494,6000,0,0,6000
2018-07-20,6494,1000,0,0,1000
2018-07-23,6494,1000,0,0,1000
2018-07-25,6494,2000,0,-25000,-23000
2018-07-26,6494,0,0,-9000,-9000
2018-07-31,6494,-9000,0,0,-9000
2018-08-13,6494,2000,0,0,2000
2018-08-14,6494,8000,0,0,8000
2018-08-15,6494,-19000,0,13000,-6000
2018-08-16,6494,0,0,0,0
2018-08-17,6494,-11000,0,0,-11000
2018-08-20,6494,-8000,0,0,-8000
2018-08-21,6494,-23000,0,2000,-21000
2018-08-22,6494,-16000,0,0,-16000
2018-08-23,6494,1000,0,0,1000
2018-08-24,6494,-13000,0,0,-13000
2018-08-27,6494,3000,0,0,3000
2018-08-28,6494,-14000,0,0,-14000
2018-08-29,6494,-10000,0,0,-10000
2018-08-30,6494,-13000,0,0,-13000
2018-09-04,6494,13000,0,0,13000
2018-09-05,6494,-39000,0,0,-39000
2018-09-06,6494,-13000,0,0,-13000
2018-09-11,6494,-4000,0,3000,-1000
2018-09-17,6494,-8000,0,0,-8000
2018-09-18,6494,-9000,0,0,-9000
2018-09-21,6494,-9000,0,0,-9000
2018-09-25,6494,-1000,0,0,-1000
2018-09-26,6494,-9000,0,0,-9000
2018-09-27,6494,-9000,0,0,-9000
2018-10-09,6494,-5705,0,0,-5705
2018-10-11,6494,-1000,0,0,-1000
2018-10-12,6494,-4000,0,-10000,-14000
2018-10-26,6494,0,0,-1000,-1000
2018-11-02,6494,2000,0,0,2000
2018-11-05,6494,-1000,0,0,-1000
2018-11-16,6494,-1000,0,0,-1000
2018-11-19,6494,0,0,-2000,-2000
2018-11-26,6494,0,0,-3000,-3000
2018-11-28,6494,0,0,-4000,-4000
2018-11-30,6494,1000,0,0,1000
2018-12-03,6494,8000,0,0,8000
2018-12-10,6494,-1000,0,0,-1000
2018-12-11,6494,-2000,0,0,-2000
2018-12-19,6494,-2000,0,0,-2000
2018-12-21,6494,-1000,0,0,-1000
2019-01-10,6494,1000,0,0,1000
2019-01-15,6494,-4000,0,0,-4000
2019-01-18,6494,-9000,0,0,-9000
2019-01-21,6494,-11000,0,0,-11000
2019-01-23,6494,-9000,0,0,-9000
2019-01-24,6494,-10000,0,0,-10000
2019-01-25,6494,-9000,0,0,-9000
2019-01-28,6494,-8000,0,0,-8000
2019-01-29,6494,-9000,0,0,-9000
2019-01-30,6494,-8000,0,0,-8000
2019-02-11,6494,-2000,0,0,-2000
2019-02-14,6494,-9000,0,0,-9000
2019-02-15,6494,5000,0,0,5000
2019-02-18,6494,-9000,0,0,-9000
2019-02-20,6494,-9000,0,0,-9000
2019-02-21,6494,-8000,0,0,-8000
2019-02-22,6494,-10000,0,0,-10000
2019-02-25,6494,-4000,0,0,-4000
2019-02-26,6494,-10000,0,0,-10000
2019-02-27,6494,-7000,0,0,-7000
2019-03-04,6494,-4000,0,0,-4000
2019-03-05,6494,-14000,0,0,-14000
2019-03-06,6494,-9000,0,0,-9000
2019-03-07,6494,-8000,0,0,-8000
2019-03-08,6494,-10000,0,0,-10000
2019-03-11,6494,0,0,0,0
2019-03-12,6494,-8000,0,0,-8000
2019-03-14,6494,3000,0,0,3000
2019-03-15,6494,-7000,0,0,-7000
2019-03-18,6494,-12000,0,45000,33000
2019-03-19,6494,-7000,0,5000,-2000
2019-03-20,6494,-9000,0,0,-9000
2019-03-21,6494,-9000,0,2000,-7000
2019-03-22,6494,-16000,0,3000,-13000
2019-03-25,6494,3000,0,0,3000
2019-03-26,6494,-8000,0,0,-8000
2019-03-27,6494,-4000,0,0,-4000
2019-03-29,6494,4000,0,9000,13000
2019-04-01,6494,-5000,0,0,-5000
2019-04-02,6494,-4000,0,2000,-2000
2019-04-03,6494,-2000,0,0,-2000
2019-04-08,6494,-3000,0,0,-3000
2019-04-09,6494,-13000,0,0,-13000
2019-04-10,6494,5000,0,0,5000
2019-04-11,6494,-6000,0,0,-6000
2019-04-12,6494,-8000,0,0,-8000
2019-04-15,6494,-8900,0,0,-8900
2019-04-16,6494,-1900,0,0,-1900
2019-04-17,6494,-15900,0,0,-15900
2019-04-18,6494,-11900,0,0,-11900
2019-04-19,6494,-11900,0,0,-11900
2019-04-24,6494,0,0,6000,6000
2019-04-25,6494,-9999,0,0,-9999
2019-04-30,6494,4000,0,0,4000
2019-05-02,6494,-27965,0,288,-27677
2019-05-03,6494,-9999,0,-601,-10600
2019-05-06,6494,7000,0,-12280,-5280
2019-05-07,6494,-8999,0,-4000,-12999
2019-05-09,6494,0,0,-407,-407
2019-05-10,6494,-3000,0,0,-3000
2019-05-13,6494,0,0,-55000,-55000
2019-05-14,6494,-4999,0,999,-4000
2019-05-15,6494,2000,0,-229,1771
2019-05-16,6494,-3000,0,-770,-3770
2019-05-17,6494,-11000,0,0,-11000
2019-05-20,6494,0,0,0,0
2019-05-21,6494,1000,0,0,1000
2019-05-22,6494,-7999,0,0,-7999
2019-05-23,6494,-6000,0,0,-6000
2019-05-24,6494,-1000,0,0,-1000
2019-05-27,6494,-3000,0,0,-3000
2019-05-28,6494,-1000,0,0,-1000
2019-05-29,6494,-1000,0,0,-1000
2019-06-03,6494,-9999,0,0,-9999
2019-06-04,6494,0,0,-7000,-7000
2019-06-11,6494,0,0,0,0
2019-06-18,6494,-9999,0,211,-9788
2019-06-19,6494,-9999,0,317,-9682
2019-06-20,6494,-6999,0,-5000,-11999
2019-06-21,6494,-11999,0,0,-11999
2019-06-24,6494,-9999,0,0,-9999
2019-06-25,6494,-3000,0,-236,-3236
2019-06-26,6494,0,0,-40,-40
2019-06-27,6494,0,0,-252,-252
2019-07-02,6494,-9999,0,111,-9888
2019-07-03,6494,-9999,0,0,-9999
2019-07-04,6494,0,0,-65,-65
2019-07-05,6494,-9999,0,380,-9619
2019-07-08,6494,-5000,0,-100,-5100
2019-07-10,6494,0,0,-100,-100
2019-07-11,6494,-9999,0,0,-9999
2019-07-12,6494,0,0,-125,-125
2019-07-15,6494,-9999,0,0,-9999
2019-07-17,6494,-9999,0,211,-9788
2019-07-18,6494,-7999,0,0,-7999
2019-07-19,6494,-9999,0,0,-9999
2019-07-22,6494,-6000,0,-312,-6312
2019-07-23,6494,-9999,0,0,-9999
2019-07-24,6494,-11999,0,0,-11999
2019-07-25,6494,-9999,0,0,-9999
2019-07-26,6494,-6000,0,0,-6000
2019-07-31,6494,-6000,0,0,-6000
2019-08-01,6494,-9999,0,0,-9999
2019-08-05,6494,-9999,0,699,-9300
2019-08-07,6494,-9999,0,0,-9999
2019-08-13,6494,-3000,0,0,-3000
2019-08-16,6494,4000,0,0,4000
2019-08-19,6494,-16563,0,851,-15712
2019-08-20,6494,-5999,0,-1000,-6999
2019-08-21,6494,-9999,0,12000,2001
2019-08-22,6494,-9999,0,0,-9999
2019-08-23,6494,-13999,0,999,-13000
2019-08-26,6494,-8999,0,0,-8999
2019-08-27,6494,-11999,0,-76,-12075
2019-08-28,6494,-10999,0,-1000,-11999
2019-08-29,6494,0,0,500,500
2019-08-30,6494,-9999,0,0,-9999
2019-09-02,6494,-9999,0,32000,22001
2019-09-03,6494,-8999,0,10000,1001
2019-09-04,6494,-9999,0,4000,-5999
2019-09-05,6494,-9999,0,0,-9999
2019-09-06,6494,-9999,0,0,-9999
2019-09-09,6494,-10999,0,0,-10999
2019-09-10,6494,0,0,-265,-265
2019-09-11,6494,0,0,-708,-708
2019-09-16,6494,-9999,0,0,-9999
2019-09-17,6494,-8999,0,0,-8999
2019-09-18,6494,-1000,0,0,-1000
2019-09-19,6494,-9999,0,0,-9999
2019-09-20,6494,-9999,0,0,-9999
2019-09-23,6494,4001,0,0,4001
2019-09-24,6494,6001,0,0,6001
2019-09-25,6494,-2999,0,0,-2999
2019-09-26,6494,-3999,0,0,-3999
2019-09-27,6494,-6999,0,0,-6999
2019-10-01,6494,-4999,0,0,-4999
2019-10-02,6494,-10999,0,0,-10999
2019-10-03,6494,-8999,0,3000,-5999
2019-10-04,6494,-6999,0,0,-6999
2019-10-07,6494,-11999,0,0,-11999
2019-10-08,6494,-16999,0,0,-16999
2019-10-09,6494,-13000,0,0,-13000
2019-10-14,6494,-10999,0,0,-10999
2019-10-15,6494,3000,0,0,3000
2019-10-16,6494,0,0,-2000,-2000
2019-10-17,6494,2000,0,-3000,-1000
2019-10-18,6494,-2999,0,-12000,-14999
2019-10-21,6494,-8999,0,0,-8999
2019-10-22,6494,-8999,0,0,-8999
2019-10-23,6494,-10999,0,0,-10999
2019-10-24,6494,-5999,0,0,-5999
2019-10-25,6494,-26999,0,-23000,-49999
2019-10-28,6494,-17999,0,0,-17999
2019-10-29,6494,-18999,0,0,-18999
2019-10-30,6494,-11999,0,-5000,-16999
2019-10-31,6494,-13999,0,-1000,-14999
2019-11-01,6494,-7999,0,2000,-5999
2019-11-04,6494,-11999,0,1000,-10999
2019-11-05,6494,-4999,0,0,-4999
2019-11-06,6494,-11999,0,-3000,-14999
2019-11-07,6494,-9999,0,0,-9999
2019-11-08,6494,-1999,0,-3000,-4999
2019-11-11,6494,7000,0,0,7000
2019-11-12,6494,-36999,0,0,-36999
2019-11-13,6494,1001,0,0,1001
2019-11-14,6494,-17999,0,0,-17999
2019-11-15,6494,13001,0,0,13001
2019-11-18,6494,2001,0,0,2001
2019-11-19,6494,2001,0,0,2001
2019-11-20,6494,-3999,0,0,-3999
2019-11-21,6494,6001,0,0,6001
2019-11-22,6494,-25999,0,0,-25999
2019-11-25,6494,-4999,0,0,-4999
2019-11-26,6494,3860,0,0,3860
2019-11-27,6494,3001,0,0,3001
2019-11-28,6494,23001,0,0,23001
2019-11-29,6494,-19999,0,0,-19999
2019-12-02,6494,-3999,0,0,-3999
2019-12-03,6494,33001,0,0,33001
2019-12-04,6494,13001,0,28000,41001
2019-12-05,6494,-7999,0,-3000,-10999
2019-12-06,6494,77001,0,0,77001
2019-12-09,6494,-33999,0,-10000,-43999
2019-12-10,6494,35001,0,0,35001
2019-12-11,6494,42001,0,0,42001
2019-12-12,6494,38001,0,-15000,23001
2019-12-13,6494,-39999,0,9000,-30999
2019-12-16,6494,69001,0,0,69001
2019-12-17,6494,-3999,0,0,-3999
2019-12-18,6494,53001,0,10000,63001
2019-12-19,6494,29001,0,0,29001
2019-12-20,6494,21001,0,0,21001
2019-12-23,6494,-37999,0,0,-37999
2019-12-24,6494,-24999,0,-2000,-26999
2019-12-25,6494,1,0,0,1
2019-12-26,6494,1000,0,0,1000
2019-12-27,6494,23000,0,0,23000
2019-12-30,6494,-22999,0,0,-22999
2019-12-31,6494,-14999,0,0,-14999
2020-01-02,6494,-29999,0,0,-29999
2020-01-03,6494,-23000,0,0,-23000
2020-01-06,6494,-9999,0,0,-9999
2020-01-07,6494,-5999,0,0,-5999
2020-01-08,6494,-13999,0,-4000,-17999
2020-01-09,6494,-9999,0,0,-9999
2020-01-10,6494,-13999,0,0,-13999
2020-01-13,6494,-18999,0,0,-18999
2020-01-14,6494,-41811,0,-2000,-43811
2020-01-15,6494,-13999,0,-4000,-17999
2020-01-16,6494,-13999,0,0,-13999
2020-01-17,6494,-15999,0,0,-15999
2020-01-20,6494,-4999,0,0,-4999
2020-01-30,6494,-37000,0,-4000,-41000
2020-01-31,6494,-17000,0,-3000,-20000
2020-02-03,6494,-10000,0,0,-10000
2020-02-04,6494,10000,0,0,10000
2020-02-05,6494,-17000,0,0,-17000
2020-02-07,6494,-9000,0,0,-9000
2020-02-10,6494,-3000,0,0,-3000
2020-02-11,6494,6000,0,0,6000
2020-02-12,6494,-30000,0,0,-30000
2020-02-13,6494,-11000,0,0,-11000
2020-02-14,6494,-1000,0,0,-1000
2020-02-17,6494,-5000,0,0,-5000
2020-02-18,6494,-6000,0,0,-6000
2020-02-19,6494,-12999,0,0,-12999
2020-02-20,6494,-6999,0,0,-6999
2020-02-21,6494,-10999,0,0,-10999
2020-02-24,6494,-7000,0,0,-7000
2020-02-25,6494,4000,0,0,4000
2020-02-26,6494,-3000,0,0,-3000
2020-02-27,6494,-33000,0,0,-33000
2020-03-02,6494,6000,0,0,6000
2020-03-03,6494,-8999,0,0,-8999
2020-03-04,6494,-3000,0,0,-3000
2020-03-05,6494,-10999,0,0,-10999
2020-03-06,6494,-20999,0,0,-20999
2020-03-09,6494,11000,0,0,11000
2020-03-10,6494,-106999,0,7000,-99999
2020-03-11,6494,-26999,0,-7000,-33999
2020-03-12,6494,6000,0,0,6000
2020-03-13,6494,-29000,0,0,-29000
2020-03-16,6494,-61000,0,0,-61000
2020-03-17,6494,-6000,0,0,-6000
2020-03-18,6494,-27000,0,4000,-23000
2020-03-19,6494,8000,0,0,8000
2020-03-20,6494,9000,0,-4000,5000
2020-03-23,6494,-35000,0,0,-35000
2020-03-24,6494,7000,0,0,7000
2020-03-25,6494,-5000,0,0,-5000
2020-03-26,6494,-5000,0,0,-5000
2020-03-27,6494,-23000,0,0,-23000
2020-03-30,6494,14000,0,0,14000
2020-03-31,6494,-10000,0,0,-10000
2020-04-01,6494,-3000,0,0,-3000
2020-04-06,6494,-22000,0,0,-22000
2020-04-07,6494,65000,0,0,65000
2020-04-08,6494,6000,0,0,6000
2020-04-09,6494,-13999,0,0,-13999
2020-04-10,6494,10000,0,0,10000
2020-04-13,6494,3000,0,0,3000
2020-04-14,6494,17000,0,0,17000
2020-04-15,6494,24000,0,0,24000
2020-04-16,6494,4001,0,0,4001
2020-04-17,6494,-28999,0,0,-28999
2020-04-20,6494,8000,0,0,8000
2020-04-21,6494,-13000,0,0,-13000
2020-04-22,6494,10000,0,0,10000
2020-04-23,6494,1000,0,0,1000
2020-04-24,6494,10000,0,0,10000
2020-04-27,6494,22000,0,0,22000
2020-04-28,6494,-18000,0,0,-18000
2020-04-29,6494,8000,0,0,8000
2020-04-30,6494,4001,0,0,4001
2020-05-04,6494,-1999,0,0,-1999
2020-05-05,6494,8001,0,0,8001
2020-05-06,6494,-3999,0,0,-3999
2020-05-07,6494,-9999,0,0,-9999
2020-05-08,6494,-20999,0,0,-20999
2020-05-11,6494,-2000,0,0,-2000
2020-05-12,6494,5000,0,0,5000
2020-05-13,6494,19001,0,0,19001
2020-05-14,6494,-8999,0,6000,-2999
2020-05-15,6494,-31999,0,0,-31999
2020-05-18,6494,12001,0,0,12001
2020-05-19,6494,-41999,0,0,-41999
2020-05-20,6494,-26999,0,0,-26999
2020-05-21,6494,-5999,0,0,-5999
2020-05-22,6494,-21000,0,0,-21000
2020-05-25,6494,10000,0,0,10000
2020-05-26,6494,-13000,0,0,-13000
2020-05-27,6494,34000,0,0,34000
2020-05-28,6494,1,0,0,1
2020-05-29,6494,-6999,0,0,-6999
2020-06-01,6494,33001,0,0,33001
2020-06-02,6494,-17000,0,0,-17000
2020-06-03,6494,-44000,0,0,-44000
2020-06-04,6494,-8000,0,0,-8000
2020-06-05,6494,37000,0,0,37000
2020-06-08,6494,-54000,0,0,-54000
2020-06-09,6494,-13000,0,0,-13000
2020-06-10,6494,-21000,0,0,-21000
2020-06-11,6494,-49000,0,0,-49000
2020-06-12,6494,5000,0,0,5000
2020-06-15,6494,5000,0,0,5000
2020-06-16,6494,4000,0,0,4000
2020-06-17,6494,-7000,0,0,-7000
2020-06-18,6494,10000,0,0,10000
2020-06-19,6494,-16000,0,0,-16000
2020-06-22,6494,-9000,0,0,-9000
2020-06-23,6494,-6000,0,0,-6000
2020-06-24,6494,-19000,0,0,-19000
2020-06-29,6494,-7000,0,0,-7000
2020-06-30,6494,-12000,0,0,-12000
2020-07-01,6494,6000,0,0,6000
2020-07-02,6494,22000,0,0,22000
2020-07-03,6494,-27000,0,0,-27000
2020-07-06,6494,2000,0,0,2000
2020-07-07,6494,-22000,0,0,-22000
2020-07-08,6494,-58000,0,1000,-57000
2020-07-09,6494,-267000,0,-2000,-269000
2020-07-10,6494,-129000,0,0,-129000
2020-07-13,6494,-319000,0,0,-319000
2020-07-14,6494,7000,0,0,7000
2020-07-15,6494,136000,0,0,136000
2020-07-16,6494,138000,0,-2000,136000
2020-07-17,6494,-97000,0,0,-97000
2020-07-20,6494,58000,0,0,58000
2020-07-21,6494,-50000,0,0,-50000
2020-07-22,6494,72000,0,0,72000
2020-07-23,6494,-56000,0,0,-56000
2020-07-24,6494,58589,0,0,58589
2020-07-27,6494,-298000,0,0,-298000
2020-07-28,6494,-110000,0,0,-110000
2020-07-29,6494,-266000,0,0,-266000
2020-07-30,6494,-186000,0,0,-186000
2020-07-31,6494,-142000,0,0,-142000
2020-08-03,6494,23000,0,-2000,21000
2020-08-04,6494,-19000,0,0,-19000
2020-08-05,6494,-23000,0,0,-23000
2020-08-06,6494,-27000,0,0,-27000
2020-08-07,6494,4000,0,0,4000
2020-08-10,6494,-21000,0,0,-21000
2020-08-11,6494,18000,0,0,18000
2020-08-12,6494,-14000,0,0,-14000
2020-08-13,6494,1000,0,0,1000
2020-08-14,6494,-78000,0,-1000,-79000
2020-08-17,6494,26000,0,0,26000
2020-08-18,6494,0,0,0,0
2020-08-19,6494,-56000,0,0,-56000
2020-08-20,6494,-37000,0,0,-37000
2020-08-21,6494,16000,0,0,16000
2020-08-24,6494,-46000,0,0,-46000
2020-08-25,6494,-38000,0,0,-38000
2020-08-26,6494,-35000,0,0,-35000
2020-08-27,6494,-60000,0,0,-60000
2020-08-28,6494,-25000,0,0,-25000
2020-08-31,6494,33000,0,2000,35000
2020-09-01,6494,-39000,0,0,-39000
2020-09-02,6494,-4000,0,0,-4000
2020-09-03,6494,-45000,0,0,-45000
2020-09-04,6494,-14000,0,0,-14000
2020-09-07,6494,-25000,0,0,-25000
2020-09-08,6494,7000,0,0,7000
2020-09-09,6494,-23000,0,0,-23000
2020-09-10,6494,-42000,0,0,-42000
2020-09-11,6494,-15000,0,0,-15000
2020-09-14,6494,22000,0,-2000,20000
2020-09-15,6494,51000,0,0,51000
2020-09-16,6494,-13000,0,0,-13000
2020-09-17,6494,2000,0,0,2000
2020-09-18,6494,-24000,0,2000,-22000
2020-09-21,6494,-77000,0,0,-77000
2020-09-22,6494,12000,0,-2000,10000
2020-09-23,6494,1000,0,0,1000
2020-09-24,6494,-2000,0,0,-2000
2020-09-25,6494,-29000,0,0,-29000
2020-09-28,6494,9000,0,0,9000
2020-09-29,6494,10000,0,0,10000
2020-09-30,6494,50000,0,0,50000
2020-10-05,6494,16000,0,0,16000
2020-10-06,6494,-69000,0,0,-69000
2020-10-07,6494,-28000,0,0,-28000
2020-10-08,6494,7000,0,0,7000
2020-10-12,6494,33000,0,0,33000
2020-10-13,6494,-4000,0,0,-4000
2020-10-14,6494,41000,0,0,41000
2020-10-15,6494,-125000,0,0,-125000
2020-10-16,6494,-53000,0,0,-53000
2020-10-19,6494,29000,0,0,29000
2020-10-20,6494,-14000,0,0,-14000
2020-10-21,6494,-28000,0,0,-28000
2020-10-22,6494,-7000,0,0,-7000
2020-10-23,6494,-16000,0,0,-16000
2020-10-26,6494,70000,0,0,70000
2020-10-27,6494,31000,0,0,31000
2020-10-28,6494,-107000,0,0,-107000
2020-10-29,6494,3000,0,0,3000
2020-10-30,6494,-97000,0,0,-97000
2020-11-02,6494,-166000,0,0,-166000
2020-11-03,6494,29000,0,0,29000
2020-11-04,6494,14000,0,0,14000
2020-11-05,6494,111000,0,0,111000
2020-11-06,6494,70000,0,0,70000
2020-11-09,6494,77000,0,0,77000
2020-11-10,6494,-25000,0,0,-25000
2020-11-11,6494,9000,0,0,9000
2020-11-12,6494,88000,0,0,88000
2020-11-13,6494,5000,0,0,5000
2020-11-16,6494,30000,0,0,30000
2020-11-17,6494,24000,0,0,24000
2020-11-18,6494,87000,0,0,87000
2020-11-19,6494,-22000,0,0,-22000
2020-11-20,6494,0,0,0,0
2020-11-23,6494,109000,0,0,109000
2020-11-24,6494,-88000,0,0,-88000
2020-11-25,6494,-108000,0,0,-108000
2020-11-26,6494,31000,0,0,31000
2020-11-27,6494,79000,0,0,79000
2020-11-30,6494,129000,0,0,129000
2020-12-01,6494,3000,0,0,3000
2020-12-02,6494,131000,0,0,131000
2020-12-03,6494,95000,0,0,95000
2020-12-04,6494,83000,0,100,83100
2020-12-07,6494,58000,0,0,58000
2020-12-08,6494,-1000,0,-100,-1100
2020-12-09,6494,67000,0,0,67000
2020-12-10,6494,187000,0,0,187000
2020-12-11,6494,-96000,0,95,-95905
2020-12-14,6494,-451000,0,8000,-443000
2020-12-15,6494,281000,0,0,281000
2020-12-16,6494,2000,0,0,2000
2020-12-17,6494,72000,0,0,72000
2020-12-18,6494,-246000,0,0,-246000
2020-12-21,6494,208355,0,0,208355
2020-12-22,6494,2000,0,0,2000
2020-12-23,6494,190000,0,0,190000
2020-12-24,6494,88000,0,0,88000
2020-12-25,6494,-38000,0,0,-38000
2020-12-28,6494,-4000,0,0,-4000
2020-12-29,6494,67000,0,0,67000
2020-12-30,6494,10000,0,0,10000
2020-12-31,6494,33000,0,0,33000
2021-01-04,6494,-45000,0,-95,-45095
2021-01-05,6494,-269000,0,0,-269000
2021-01-06,6494,107000,0,0,107000
2021-01-07,6494,-291141,0,0,-291141
2021-01-08,6494,63000,0,0,63000
2021-01-11,6494,16000,0,0,16000
2021-01-12,6494,182000,0,73000,255000
2021-01-13,6494,37000,0,0,37000
2021-01-14,6494,45000,0,0,45000
2021-01-15,6494,142000,0,0,142000
2021-01-18,6494,189000,0,0,189000
2021-01-19,6494,-197000,0,-81000,-278000
2021-01-20,6494,218000,0,0,218000
2021-01-21,6494,96000,0,0,96000
2021-01-22,6494,262000,0,0,262000
2021-01-25,6494,-202000,0,0,-202000
2021-01-26,6494,177000,0,0,177000
2021-01-27,6494,-393000,0,0,-393000
2021-01-28,6494,-158000,0,0,-158000
2021-01-29,6494,-74000,0,10,-73990
2021-02-01,6494,61000,0,0,61000
2021-02-02,6494,-101000,0,0,-101000
2021-02-03,6494,-37000,0,-10,-37010
2021-02-04,6494,6000,0,0,6000
2021-02-05,6494,16000,0,0,16000
2021-02-17,6494,125000,0,0,125000
2021-02-18,6494,-166000,0,0,-166000
2021-02-19,6494,7000,0,0,7000
2021-02-22,6494,-241000,0,0,-241000
2021-02-23,6494,-126000,0,66097,-59903
2021-02-24,6494,312000,0,-97,311903
2021-02-25,6494,9000,0,0,9000
2021-02-26,6494,100000,0,0,100000
2021-03-02,6494,-218000,0,35000,-183000
2021-03-03,6494,113000,0,0,113000
2021-03-04,6494,-196000,0,0,-196000
2021-03-05,6494,-101000,0,0,-101000
2021-03-08,6494,-25999,0,-15000,-40999
2021-03-09,6494,136000,0,-86000,50000
2021-03-10,6494,51000,0,0,51000
2021-03-11,6494,280000,0,0,280000
2021-03-12,6494,11000,0,0,11000
2021-03-15,6494,137000,0,0,137000
2021-03-16,6494,73000,0,0,73000
2021-03-17,6494,-189000,0,0,-189000
2021-03-18,6494,44000,0,0,44000
2021-03-19,6494,35000,0,0,35000
2021-03-22,6494,-31000,0,0,-31000
2021-03-23,6494,170000,0,0,170000
2021-03-24,6494,-76899,0,210000,133101
2021-03-25,6494,-83999,0,40000,-43999
2021-03-26,6494,1000,0,0,1000
2021-03-29,6494,-137000,0,0,-137000
2021-03-30,6494,-133000,0,-53999,-186999
2021-03-31,6494,-402000,0,53999,-348001
2021-04-01,6494,87588,0,0,87588
2021-04-06,6494,42000,0,-15000,27000
2021-04-07,6494,-14000,0,0,-14000
2021-04-08,6494,-25000,0,0,-25000
2021-04-09,6494,33100,0,0,33100
2021-04-12,6494,-97000,0,-30000,-127000
2021-04-13,6494,-2000,0,5000,3000
2021-04-14,6494,-13000,0,0,-13000
2021-04-15,6494,202000,0,-30000,172000
2021-04-16,6494,-177000,0,-10000,-187000
2021-04-19,6494,-6000,0,0,-6000
2021-04-20,6494,24000,0,-21000,3000
2021-04-21,6494,-23000,0,0,-23000
2021-04-22,6494,-174000,0,0,-174000
2021-04-23,6494,271000,0,0,271000
2021-04-26,6494,-138000,0,-101000,-239000
2021-04-27,6494,-500000,0,42000,-458000
2021-04-28,6494,-102000,0,0,-102000
2021-04-29,6494,-100000,0,10000,-90000
2021-05-03,6494,92000,0,-60000,32000
2021-05-04,6494,407000,0,-40000,367000
2021-05-05,6494,-563000,0,0,-563000
2021-05-06,6494,455000,0,0,455000
2021-05-07,6494,151000,0,0,151000
2021-05-10,6494,294000,0,0,294000
2021-05-11,6494,-559000,0,45000,-514000
2021-05-12,6494,768000,0,2,768002
2021-05-13,6494,330000,0,-2,329998
2021-05-14,6494,-522000,0,0,-522000
2021-05-17,6494,950000,0,-44999,905001
2021-05-18,6494,344000,0,-1,343999
2021-05-19,6494,211000,0,100,211100
2021-05-20,6494,-950000,0,-100,-950100
2021-05-21,6494,-37000,0,0,-37000
2021-05-24,6494,95000,0,0,95000
2021-05-25,6494,-108000,0,68000,-40000
2021-05-26,6494,-507000,0,0,-507000
2021-05-27,6494,206000,0,0,206000
2021-05-28,6494,-364000,0,-8000,-372000
2021-05-31,6494,405000,0,-60000,345000
2021-06-01,6494,-798000,0,0,-798000
2021-06-02,6494,-34000,0,1000,-33000
2021-06-03,6494,382000,0,0,382000
2021-06-04,6494,-267000,0,100000,-167000
2021-06-07,6494,242000,0,58000,300000
2021-06-08,6494,1142000,0,-30000,1112000
2021-06-09,6494,-151000,0,-26000,-177000
2021-06-10,6494,-218000,0,-102000,-320000
2021-06-11,6494,-94000,0,-1000,-95000
2021-06-15,6494,-93000,0,100000,7000
2021-06-16,6494,-445100,0,-9000,-454100
2021-06-17,6494,587000,0,-31000,556000
2021-06-18,6494,-680000,0,5000,-675000
2021-06-21,6494,772000,0,0,772000
2021-06-22,6494,-269000,0,0,-269000
2021-06-23,6494,579000,0,0,579000
2021-06-24,6494,-423000,0,5000,-418000
2021-06-25,6494,-146000,0,-5000,-151000
2021-06-28,6494,166000,0,0,166000
2021-06-29,6494,-257000,0,0,-257000
2021-06-30,6494,281000,0,0,281000
2021-07-01,6494,-105000,0,5000,-100000
2021-07-02,6494,288000,0,-9000,279000
2021-07-05,6494,-754000,0,29858,-724142
2021-07-06,6494,-211000,0,-20000,-231000
2021-07-07,6494,26000,0,-130,25870
2021-07-08,6494,17000,0,13100,30100
2021-07-09,6494,-1000,0,-484,-1484
2021-07-12,6494,607000,0,-3196,603804
2021-07-13,6494,-306000,0,-9835,-315835
2021-07-14,6494,452000,0,107,452107
2021-07-15,6494,-224000,0,-14813,-238813
2021-07-16,6494,-58000,0,89563,31563
2021-07-19,6494,-133850,0,-109268,-243118
2021-07-20,6494,306000,0,18267,324267
2021-07-21,6494,-141000,0,-8806,-149806
2021-07-22,6494,557000,0,166000,723000
2021-07-23,6494,-305000,0,-150000,-455000
2021-07-26,6494,277000,25000,726,302726
2021-07-27,6494,-616600,35000,-61010,-642610
2021-07-28,6494,893000,0,-943,892057
2021-07-29,6494,74000,0,-136,73864
2021-07-30,6494,-411550,0,4000,-407550
2021-08-02,6494,-41000,0,4000,-37000
2021-08-03,6494,-287000,0,0,-287000
2021-08-04,6494,-192000,0,5000,-187000
2021-08-05,6494,225201,0,-10000,215201
2021-08-06,6494,28000,0,0,28000
2021-08-09,6494,60000,0,0,60000
2021-08-10,6494,341000,0,30000,371000
2021-08-11,6494,-290000,0,0,-290000
2021-08-12,6494,10000,0,0,10000
2021-08-13,6494,-238000,0,0,-238000
2021-08-16,6494,369000,0,0,369000
2021-08-17,6494,-604000,0,0,-604000
2021-08-18,6494,-70000,0,0,-70000
2021-08-19,6494,-122000,0,1000,-121000
2021-08-20,6494,387000,0,0,387000
2021-08-23,6494,329000,0,0,329000
2021-08-24,6494,-484000,0,0,-484000
2021-08-25,6494,254000,0,0,254000
2021-08-26,6494,-106000,0,0,-106000
2021-08-27,6494,-110000,0,-3000,-113000
2021-08-30,6494,20000,0,0,20000
2021-08-31,6494,180000,0,0,180000
2021-09-01,6494,31000,0,0,31000
2021-09-02,6494,-205000,0,0,-205000
2021-09-03,6494,338000,0,2000,340000
2021-09-06,6494,-491000,0,-2000,-493000
2021-09-07,6494,-113000,0,0,-113000
2021-09-08,6494,108000,0,1000,109000
2021-09-09,6494,93000,0,-1000,92000
2021-09-10,6494,-298000,0,-1000,-299000
2021-09-13,6494,-26000,40000,0,14000
2021-09-14,6494,-44000,0,-30000,-74000
2021-09-15,6494,20000,0,0,20000
2021-09-16,6494,126000,0,2000,128000
2021-09-17,6494,170000,0,-2000,168000
2021-09-22,6494,-39000,0,4000,-35000
2021-09-23,6494,13000,0,-4000,9000
2021-09-24,6494,487000,0,0,487000
2021-09-27,6494,-185000,0,0,-185000
2021-09-28,6494,1000,0,0,1000
2021-09-29,6494,-7000,0,0,-7000
2021-09-30,6494,145000,0,0,145000
2021-10-01,6494,-140000,0,30000,-110000
2021-10-04,6494,153300,0,2000,155300
2021-10-05,6494,340000,0,0,340000
2021-10-06,6494,218000,0,23000,241000
2021-10-07,6494,184000,0,50000,234000
2021-10-08,6494,-119000,0,15000,-104000
2021-10-12,6494,-77000,0,0,-77000
2021-10-13,6494,-2000,0,0,-2000
2021-10-14,6494,189000,0,-4000,185000
2021-10-15,6494,28000,0,-2000,26000
2021-10-18,6494,26000,0,0,26000
2021-10-19,6494,320000,0,45000,365000
2021-10-20,6494,100000,0,0,100000
2021-10-21,6494,-236000,0,0,-236000
2021-10-22,6494,395000,0,61000,456000
2021-10-25,6494,-277000,0,7000,-270000
2021-10-26,6494,-269000,-100000,47000,-322000
2021-10-27,6494,591000,0,-48000,543000
2021-10-28,6494,-111000,0,1000,-110000
2021-10-29,6494,8000,0,0,8000
2021-11-01,6494,201500,0,16000,217500
2021-11-02,6494,-456001,0,0,-456001
2021-11-03,6494,225701,0,17000,242701
2021-11-04,6494,-557000,0,0,-557000
2021-11-05,6494,247000,0,0,247000
2021-11-08,6494,-133000,0,0,-133000
2021-11-09,6494,329000,0,34000,363000
2021-11-10,6494,160000,0,70000,230000
2021-11-11,6494,29000,0,0,29000
2021-11-12,6494,-710000,0,7000,-703000
2021-11-15,6494,198000,0,0,198000
2021-11-16,6494,-88000,0,30000,-58000
2021-11-17,6494,469000,0,-4000,465000
2021-11-18,6494,-695500,0,6000,-689500
2021-11-19,6494,304000,0,0,304000
2021-11-22,6494,153000,0,0,153000
2021-11-23,6494,-100000,0,0,-100000
2021-11-24,6494,88000,0,0,88000
2021-11-25,6494,-130000,0,0,-130000
2021-11-26,6494,25000,0,-4000,21000
2021-11-29,6494,133000,0,-7000,126000
2021-11-30,6494,-138000,0,0,-138000
2021-12-01,6494,132000,0,0,132000
2021-12-02,6494,-318000,0,0,-318000
2021-12-03,6494,379000,0,0,379000
2021-12-06,6494,-712900,0,40000,-672900
2021-12-07,6494,71000,0,5000,76000
2021-12-08,6494,-85000,0,0,-85000
2021-12-09,6494,-104000,0,5000,-99000
2021-12-10,6494,18000,0,5000,23000
2021-12-13,6494,19000,0,10000,29000
2021-12-14,6494,-165000,0,-18000,-183000
2021-12-15,6494,-10000,0,0,-10000
2021-12-16,6494,28000,0,-10000,18000
2021-12-17,6494,-44000,0,10000,-34000
2021-12-20,6494,-10000,0,5000,-5000
2021-12-21,6494,57000,0,0,57000
2021-12-22,6494,162000,0,-20000,142000
2021-12-23,6494,-114000,0,10000,-104000
2021-12-24,6494,-73000,0,5000,-68000
2021-12-27,6494,37000,0,0,37000
2021-12-28,6494,-6000,0,5000,-1000
2021-12-29,6494,22000,0,5000,27000
2021-12-30,6494,5000,0,5000,10000
2022-01-03,6494,25000,0,990,25990
2022-01-04,6494,40000,0,-5201,34799
2022-01-05,6494,-214000,0,-52,-214052
2022-01-06,6494,288000,0,-3000,285000
2022-01-07,6494,-106000,0,5993,-100007
2022-01-10,6494,9000,0,-281,8719
2022-01-11,6494,-45000,0,29644,-15356
2022-01-12,6494,-57000,0,11850,-45150
2022-01-13,6494,-11000,0,-871,-11871
2022-01-14,6494,-3000,0,7675,4675
2022-01-17,6494,99000,0,-3122,95878
2022-01-18,6494,8000,0,-30000,-22000
2022-01-19,6494,-5000,0,188,-4812
2022-01-20,6494,-31000,0,-53,-31053
2022-01-21,6494,-12000,0,-8137,-20137
2022-01-24,6494,-22000,0,-1866,-23866
2022-01-25,6494,-6000,0,0,-6000
2022-01-26,6494,4000,0,5000,9000
2022-02-07,6494,5000,0,10000,15000
2022-02-08,6494,149000,0,24000,173000
2022-02-09,6494,88000,0,7000,95000
2022-02-10,6494,-61000,0,11000,-50000
2022-02-11,6494,75000,0,-6000,69000
2022-02-14,6494,-82000,0,-39000,-121000
2022-02-15,6494,-30000,0,0,-30000
2022-02-16,6494,52000,0,0,52000
2022-02-17,6494,-53000,0,0,-53000
2022-02-18,6494,-4000,0,0,-4000
2022-02-21,6494,-33000,0,0,-33000
2022-02-22,6494,-51000,0,-100000,-151000
2022-02-23,6494,126000,0,3000,129000
2022-02-24,6494,-64000,0,3000,-61000
2022-02-25,6494,4000,0,0,4000
2022-03-01,6494,7000,0,0,7000
2022-03-02,6494,115000,0,0,115000
2022-03-03,6494,74000,0,1000,75000
2022-03-04,6494,73000,0,4000,77000
2022-03-07,6494,-85000,0,4000,-81000
2022-03-08,6494,-69000,0,0,-69000
2022-03-09,6494,3000,0,-1000,2000
2022-03-10,6494,103000,0,0,103000
2022-03-11,6494,-8000,0,0,-8000
2022-03-14,6494,-54000,0,-3000,-57000
2022-03-15,6494,-145000,0,0,-145000
2022-03-16,6494,-26000,0,-1000,-27000
2022-03-17,6494,151000,0,0,151000
2022-03-18,6494,-66000,0,0,-66000
2022-03-21,6494,76000,0,0,76000
2022-03-22,6494,15000,0,1000,16000
2022-03-23,6494,142000,0,2000,144000
2022-03-24,6494,-134000,0,7000,-127000
2022-03-25,6494,-56000,0,-3000,-59000
2022-03-28,6494,-5000,0,4000,-1000
2022-03-29,6494,277000,12000,13000,302000
2022-03-30,6494,-274000,0,51000,-223000
2022-03-31,6494,-124000,0,-10000,-134000
2022-04-01,6494,18000,0,-4000,14000
2022-04-06,6494,-68000,0,-12000,-80000
2022-04-07,6494,-21000,0,-11000,-32000
2022-04-08,6494,-94000,0,0,-94000
2022-04-11,6494,0,0,-31000,-31000
2022-04-12,6494,-40000,0,-5000,-45000
2022-04-13,6494,-16000,0,-1000,-17000
2022-04-14,6494,-41000,0,-3000,-44000
2022-04-15,6494,-7000,0,-2000,-9000
2022-04-18,6494,29000,0,-1000,28000
2022-04-19,6494,22000,0,0,22000
2022-04-20,6494,-17000,0,1000,-16000
2022-04-21,6494,-5000,0,0,-5000
2022-04-22,6494,-59000,0,1000,-58000
2022-04-25,6494,-97000,0,-2000,-99000
2022-04-26,6494,1000,0,0,1000
2022-04-27,6494,267000,0,-1000,266000
2022-04-28,6494,34000,0,0,34000
2022-04-29,6494,-36000,0,0,-36000
2022-05-03,6494,64000,0,0,64000
2022-05-04,6494,-15000,0,0,-15000
2022-05-05,6494,-29000,0,0,-29000
2022-05-06,6494,-16000,0,0,-16000
2022-05-09,6494,-57000,0,90000,33000
2022-05-10,6494,102000,0,0,102000
2022-05-11,6494,-35000,0,0,-35000
2022-05-12,6494,19000,0,0,19000
2022-05-13,6494,37000,0,0,37000
2022-05-16,6494,-67000,0,0,-67000
2022-05-17,6494,98000,0,0,98000
2022-05-18,6494,-5000,0,0,-5000
2022-05-19,6494,86000,0,0,86000
2022-05-20,6494,-12000,0,0,-12000
2022-05-23,6494,-41000,0,0,-41000
2022-05-24,6494,-13000,0,0,-13000
2022-05-25,6494,29000,0,0,29000
2022-05-26,6494,-49000,0,0,-49000
2022-05-27,6494,-2000,0,0,-2000
2022-05-30,6494,50000,0,0,50000
2022-05-31,6494,23000,0,0,23000
2022-06-01,6494,-13000,0,-1000,-14000
2022-06-02,6494,3000,0,0,3000
2022-06-06,6494,-6000,0,0,-6000
2022-06-07,6494,10000,0,0,10000
2022-06-08,6494,-36000,0,0,-36000
2022-06-09,6494,-70000,0,0,-70000
2022-06-10,6494,-7000,0,-1000,-8000
2022-06-13,6494,-41000,0,0,-41000
2022-06-14,6494,-23000,0,0,-23000
2022-06-15,6494,-49000,0,1000,-48000
2022-06-16,6494,-11000,0,0,-11000
2022-06-17,6494,30000,0,3000,33000
2022-06-20,6494,9000,0,0,9000
2022-06-21,6494,9000,0,0,9000
2022-06-22,6494,0,0,0,0
2022-06-23,6494,-11000,0,0,-11000
2022-06-24,6494,-2000,0,0,-2000
2022-06-27,6494,36000,0,0,36000
2022-06-28,6494,-13000,0,0,-13000
2022-06-29,6494,9000,0,0,9000
2022-06-30,6494,-1000,0,2000,1000
2022-07-01,6494,113000,0,0,113000
2022-07-04,6494,86000,0,0,86000
2022-07-05,6494,-11000,0,0,-11000
2022-07-06,6494,-51000,0,0,-51000
2022-07-07,6494,222000,0,1000,223000
2022-07-08,6494,107000,0,-5000,102000
2022-07-11,6494,18000,0,0,18000
2022-07-12,6494,-42000,0,0,-42000
2022-07-13,6494,70000,0,0,70000
2022-07-14,6494,68000,0,0,68000
2022-07-15,6494,-22000,0,0,-22000
2022-07-18,6494,-15000,-12000,0,-27000
2022-07-19,6494,55000,0,1000,56000
2022-07-20,6494,33000,0,-2000,31000
2022-07-21,6494,-146000,0,0,-146000
2022-07-22,6494,-167000,0,1000,-166000
2022-07-25,6494,-43000,0,0,-43000
2022-07-26,6494,-22000,0,0,-22000
2022-07-27,6494,67000,0,0,67000
2022-07-28,6494,-63000,0,0,-63000
2022-07-29,6494,6000,0,0,6000
2022-08-01,6494,-8000,0,0,-8000
2022-08-02,6494,-136000,0,0,-136000
2022-08-03,6494,-33000,0,0,-33000
2022-08-04,6494,24000,0,0,24000
2022-08-05,6494,79000,0,0,79000
2022-08-08,6494,-1000,0,0,-1000
2022-08-09,6494,-28000,0,0,-28000
2022-08-10,6494,-17000,0,0,-17000
2022-08-11,6494,54000,0,0,54000
2022-08-12,6494,119000,0,52000,171000
2022-08-15,6494,-224000,0,-52000,-276000
2022-08-16,6494,-33000,0,0,-33000
2022-08-17,6494,-1000,0,0,-1000
2022-08-18,6494,26000,0,0,26000
2022-08-19,6494,26000,0,0,26000
2022-08-22,6494,-16000,0,0,-16000
2022-08-23,6494,4000,0,0,4000
2022-08-24,6494,-18000,0,0,-18000
2022-08-25,6494,61000,0,0,61000
2022-08-26,6494,33000,0,0,33000
2022-08-29,6494,-59000,0,0,-59000
2022-08-30,6494,-36000,0,0,-36000
2022-08-31,6494,32000,0,0,32000
2022-09-01,6494,-162000,0,0,-162000
2022-09-02,6494,-30000,0,0,-30000
2022-09-05,6494,-68000,0,0,-68000
2022-09-06,6494,-127000,0,0,-127000
2022-09-07,6494,-19000,0,0,-19000
2022-09-08,6494,-29000,0,0,-29000
2022-09-12,6494,-26000,0,0,-26000
2022-09-13,6494,-44000,0,0,-44000
2022-09-14,6494,12000,0,0,12000
2022-09-15,6494,-33000,0,0,-33000
2022-09-16,6494,-70000,0,0,-70000
2022-09-19,6494,-8000,0,0,-8000
2022-09-20,6494,14000,0,0,14000
2022-09-21,6494,-21000,0,0,-21000
2022-09-22,6494,-11000,0,0,-11000
2022-09-23,6494,-22000,0,0,-22000
2022-09-26,6494,-37000,0,0,-37000
2022-09-27,6494,80000,0,0,80000
2022-09-28,6494,-33000,0,0,-33000
2022-09-29,6494,68000,0,0,68000
2022-09-30,6494,64000,0,0,64000
2022-10-03,6494,7000,0,0,7000
2022-10-04,6494,13000,0,0,13000
2022-10-05,6494,-18000,0,0,-18000
2022-10-06,6494,6000,0,0,6000
2022-10-07,6494,-19000,0,0,-19000
2022-10-11,6494,-62000,0,0,-62000
2022-10-12,6494,-14000,0,0,-14000
2022-10-13,6494,-43000,0,0,-43000
2022-10-14,6494,67000,0,0,67000
2022-10-17,6494,6000,0,0,6000
2022-10-18,6494,-27000,0,0,-27000
2022-10-19,6494,12000,0,0,12000
2022-10-20,6494,0,0,0,0
2022-10-21,6494,-32000,0,0,-32000
2022-10-24,6494,23000,0,1000,24000
2022-10-25,6494,-54000,0,0,-54000
2022-10-26,6494,-30000,0,0,-30000
2022-10-27,6494,62000,0,0,62000
2022-10-28,6494,-38000,0,0,-38000
2022-10-31,6494,6000,0,0,6000
2022-11-01,6494,40000,0,0,40000
2022-11-02,6494,44000,0,0,44000
2022-11-03,6494,29000,0,0,29000
2022-11-04,6494,-66000,0,0,-66000
2022-11-07,6494,-87000,0,0,-87000
2022-11-08,6494,6000,0,0,6000
2022-11-09,6494,44000,0,0,44000
2022-11-10,6494,3000,0,0,3000
2022-11-11,6494,-171000,0,0,-171000
2022-11-14,6494,-11000,0,0,-11000
2022-11-15,6494,46000,0,-1000,45000
2022-11-16,6494,185000,0,0,185000
2022-11-17,6494,-94000,0,-173,-94173
2022-11-18,6494,-59000,0,-57,-59057
2022-11-21,6494,-48000,0,-3,-48003
2022-11-22,6494,-32000,0,-202,-32202
2022-11-23,6494,48000,0,0,48000
2022-11-24,6494,107000,0,-322,106678
2022-11-25,6494,-39000,0,0,-39000
2022-11-28,6494,11000,0,0,11000
2022-11-29,6494,-33000,0,0,-33000
2022-11-30,6494,35000,0,0,35000
2022-12-01,6494,24000,0,0,24000
2022-12-02,6494,-255000,0,0,-255000
2022-12-05,6494,-31000,0,0,-31000
2022-12-06,6494,22000,0,0,22000
2022-12-07,6494,-57000,0,0,-57000
2022-12-08,6494,-36000,0,-1000,-37000
2022-12-09,6494,-27000,0,0,-27000
2022-12-12,6494,-30000,0,0,-30000
2022-12-13,6494,3000,0,0,3000
2022-12-14,6494,5000,0,0,5000
2022-12-15,6494,-5000,0,0,-5000
2022-12-16,6494,-43000,0,0,-43000
2022-12-19,6494,0,0,0,0
2022-12-20,6494,-41000,0,0,-41000
2022-12-21,6494,-19000,0,0,-19000
2022-12-22,6494,-29000,0,0,-29000
2022-12-23,6494,11000,0,0,11000
2022-12-26,6494,8000,0,0,8000
2022-12-27,6494,-11000,0,0,-11000
2022-12-28,6494,-48000,0,0,-48000
2022-12-29,6494,15000,0,0,15000
2022-12-30,6494,-8000,0,0,-8000
2023-01-03,6494,50000,0,0,50000
2023-01-04,6494,-14000,0,0,-14000
2023-01-05,6494,-38000,0,0,-38000
2023-01-06,6494,24000,0,0,24000
2023-01-09,6494,-33000,0,0,-33000
2023-01-10,6494,-38000,0,0,-38000
2023-01-11,6494,24000,0,0,24000
2023-01-12,6494,-31000,0,0,-31000
2023-01-13,6494,-16000,0,0,-16000
2023-01-16,6494,7000,0,0,7000
2023-01-17,6494,0,0,0,0
2023-01-30,6494,83000,0,0,83000
2023-01-31,6494,20000,0,0,20000
2023-02-01,6494,80000,0,0,80000
2023-02-02,6494,-136000,0,0,-136000
2023-02-03,6494,-14000,0,0,-14000
2023-02-06,6494,-41000,0,0,-41000
2023-02-07,6494,84000,0,0,84000
2023-02-08,6494,97000,0,0,97000
2023-02-09,6494,-130000,0,0,-130000
2023-02-10,6494,-40000,0,0,-40000
2023-02-13,6494,-16000,0,0,-16000
2023-02-14,6494,4000,0,0,4000
2023-02-15,6494,19000,0,0,19000
2023-02-16,6494,65000,0,0,65000
2023-02-17,6494,69000,0,0,69000
2023-02-20,6494,141000,0,0,141000
2023-02-21,6494,49000,0,0,49000
2023-02-22,6494,-153000,0,0,-153000
2023-02-23,6494,62000,0,0,62000
2023-02-24,6494,-120000,0,0,-120000
2023-03-01,6494,36000,0,0,36000
2023-03-02,6494,-18000,0,0,-18000
2023-03-03,6494,168000,0,0,168000
2023-03-06,6494,11000,0,0,11000
2023-03-07,6494,-41000,0,0,-41000
2023-03-08,6494,48000,0,0,48000
2023-03-09,6494,-91000,0,0,-91000
2023-03-10,6494,-147000,0,0,-147000
2023-03-13,6494,-19000,0,0,-19000
2023-03-14,6494,-27000,0,0,-27000
2023-03-15,6494,-37000,0,0,-37000
2023-03-16,6494,-49000,0,0,-49000
2023-03-17,6494,-5000,0,0,-5000
2023-03-20,6494,33000,0,0,33000
2023-03-21,6494,-24600,0,0,-24600
2023-03-22,6494,27000,0,0,27000
2023-03-23,6494,85000,0,0,85000
2023-03-24,6494,51000,0,0,51000
2023-03-27,6494,-31000,0,0,-31000
2023-03-28,6494,-35000,0,0,-35000
2023-03-29,6494,-3000,0,0,-3000
2023-03-30,6494,66000,0,0,66000
2023-03-31,6494,-3000,0,0,-3000
2023-04-06,6494,23000,0,0,23000
2023-04-07,6494,-1000,0,0,-1000
2023-04-10,6494,56000,0,0,56000
2023-04-11,6494,60001,0,0,60001
2023-04-12,6494,-48000,0,0,-48000
2023-04-13,6494,-19000,0,0,-19000
2023-04-14,6494,-29000,0,0,-29000
2023-04-17,6494,38000,0,0,38000
2023-04-18,6494,31000,0,0,31000
2023-04-19,6494,-146000,0,0,-146000
2023-04-20,6494,-137000,0,0,-137000
2023-04-21,6494,-128000,0,-3000,-131000
2023-04-24,6494,-19000,0,0,-19000
2023-04-25,6494,-170000,0,0,-170000
2023-04-26,6494,20000,0,0,20000
2023-04-27,6494,-29000,0,0,-29000
2023-04-28,6494,-12000,0,0,-12000
2023-05-02,6494,10000,0,0,10000
2023-05-03,6494,-3000,0,0,-3000
2023-05-04,6494,-2000,0,0,-2000
2023-05-05,6494,11000,0,0,11000
2023-05-08,6494,29000,0,0,29000
2023-05-09,6494,-82000,0,0,-82000
2023-05-10,6494,1000,0,0,1000
2023-05-11,6494,-32000,0,0,-32000
2023-05-12,6494,19000,0,0,19000
2023-05-15,6494,-66000,0,0,-66000
2023-05-16,6494,71000,0,0,71000
2023-05-17,6494,18000,0,0,18000
2023-05-18,6494,4000,0,0,4000
2023-05-19,6494,-5000,0,641,-4359
2023-05-22,6494,15000,0,-79,14921
2023-05-23,6494,12000,0,0,12000
2023-05-24,6494,38000,0,0,38000
2023-05-25,6494,-16000,0,-124,-16124
2023-05-26,6494,-18000,0,324,-17676
2023-05-29,6494,60000,0,-40,59960
2023-05-30,6494,-1000,0,0,-1000
2023-05-31,6494,-6000,0,0,-6000
2023-06-01,6494,0,0,0,0
2023-06-02,6494,13000,0,0,13000
2023-06-05,6494,5000,0,0,5000
2023-06-06,6494,-58000,0,5,-57995
2023-06-07,6494,19000,0,0,19000
2023-06-08,6494,-45000,0,90,-44910
2023-06-09,6494,71000,0,-558,70442
2023-06-12,6494,-110405,0,630,-109775
2023-06-13,6494,52000,0,0,52000
2023-06-14,6494,8000,0,-349,7651
2023-06-15,6494,-8000,0,-107,-8107
2023-06-16,6494,-67000,0,0,-67000
2023-06-19,6494,-8000,0,-18,-8018
2023-06-20,6494,-25000,0,0,-25000
2023-06-21,6494,5000,0,-128,4872
2023-06-26,6494,-37000,0,73,-36927
2023-06-27,6494,-42000,0,-313,-42313
2023-06-28,6494,-6000,0,441,-5559
2023-06-29,6494,-5000,0,-206,-5206
2023-06-30,6494,30000,0,-152,29848
2023-07-03,6494,62000,0,853,62853
2023-07-04,6494,-56000,0,-853,-56853
2023-07-05,6494,-50000,0,363,-49637
2023-07-06,6494,-31100,0,175,-30925
2023-07-07,6494,-71000,0,-477,-71477
2023-07-10,6494,-9000,0,278,-8722
2023-07-11,6494,-20000,0,109,-19891
2023-07-12,6494,-73000,0,254,-72746
2023-07-13,6494,15000,0,-398,14602
2023-07-14,6494,62000,0,-122,61878
2023-07-17,6494,22000,0,170,22170
2023-07-18,6494,24000,0,-297,23703
2023-07-19,6494,-33000,0,364,-32636
2023-07-20,6494,7000,0,-2,6998
2023-07-21,6494,-12000,0,-1,-12001
2023-07-24,6494,-4000,0,-165,-4165
2023-07-25,6494,34000,0,297,34297
2023-07-26,6494,-5000,0,-75,-5075
2023-07-27,6494,12000,0,-436,11564
2023-07-28,6494,7000,0,-142,6858
2023-07-31,6494,-11999,0,323,-11676
2023-08-01,6494,11000,0,-42,10958
2023-08-02,6494,-20000,0,-218,-20218
2023-08-04,6494,14000,0,849,14849
2023-08-07,6494,-1000,0,-462,-1462
2023-08-08,6494,-1000,0,-36,-1036
2023-08-09,6494,2000,0,0,2000
2023-08-10,6494,8000,0,-251,7749
2023-08-11,6494,33000,0,-128,32872
2023-08-14,6494,-11000,0,718,-10282
2023-08-15,6494,-9000,0,-10,-9010
2023-08-16,6494,55000,0,-1,54999
2023-08-17,6494,32000,0,-93,31907
2023-08-18,6494,-8000,0,998,-7002
2023-08-21,6494,-6000,0,-20,-6020
2023-08-22,6494,-3000,0,-150,-3150
2023-08-23,6494,8000,0,-50,7950
2023-08-24,6494,3000,0,231,3231
2023-08-25,6494,2000,0,-4,1996
2023-08-28,6494,-4000,0,-1016,-5016
2023-08-29,6494,9000,0,-1,8999
2023-08-30,6494,70000,0,-520,69480
2023-08-31,6494,5000,0,1,5001
2023-09-01,6494,13000,0,-1,12999
2023-09-04,6494,39000,0,606,39606
2023-09-05,6494,11000,0,14,11014
2023-09-06,6494,-17000,0,0,-17000
2023-09-07,6494,32000,0,0,32000
2023-09-08,6494,8000,0,-1,7999
2023-09-11,6494,2000,0,0,2000
2023-09-12,6494,11000,0,73,11073
2023-09-13,6494,13000,0,0,13000
2023-09-14,6494,47000,0,9,47009
2023-09-15,6494,14000,0,-836,13164
2023-09-18,6494,27000,0,4,27004
2023-09-19,6494,-3000,0,57,-2943
2023-09-20,6494,2000,0,-1,1999
2023-09-21,6494,11000,0,0,11000
2023-09-22,6494,20000,0,0,20000
2023-09-25,6494,12000,0,21,12021
2023-09-26,6494,-7000,0,0,-7000
2023-09-27,6494,15000,0,-15,14985
2023-09-28,6494,7000,0,849,7849
2023-10-02,6494,-3000,0,5,-2995
2023-10-03,6494,16000,0,3,16003
2023-10-04,6494,8000,0,0,8000
2023-10-05,6494,15000,0,59,15059
2023-10-06,6494,11000,0,0,11000
2023-10-11,6494,-8000,0,-873,-8873
2023-10-12,6494,4000,0,39,4039
2023-10-13,6494,7000,0,779,7779
2023-10-16,6494,3000,0,0,3000
2023-10-17,6494,3000,0,0,3000
2023-10-18,6494,-8000,0,0,-8000
2023-10-19,6494,-53000,0,-893,-53893
2023-10-20,6494,-166000,0,231,-165769
2023-10-23,6494,-99000,0,-23,-99023
2023-10-24,6494,78000,0,-206,77794
2023-10-25,6494,81000,0,623,81623
2023-10-26,6494,-10000,0,-444,-10444
2023-10-27,6494,24000,0,0,24000
2023-10-30,6494,81000,0,0,81000
2023-10-31,6494,16000,0,0,16000
2023-11-01,6494,50000,0,-1,49999
2023-11-02,6494,43000,0,0,43000
2023-11-03,6494,-4000,0,0,-4000
2023-11-06,6494,35000,0,276,35276
2023-11-07,6494,76000,0,-198,75802
2023-11-08,6494,-77000,0,-5,-77005
2023-11-09,6494,151000,0,-127,150873
2023-11-10,6494,29000,0,-47,28953
2023-11-13,6494,49000,0,-96,48904
2023-11-14,6494,193000,0,936,193936
2023-11-15,6494,246000,0,-813,245187
2023-11-16,6494,42000,0,3,42003
2023-11-17,6494,118000,0,1,118001
2023-11-20,6494,51000,0,-23,50977
2023-11-21,6494,79000,0,-11,78989
2023-11-22,6494,40000,0,-34,39966
2023-11-23,6494,-231000,0,1770,-229230
2023-11-24,6494,-34000,0,-2,-34002
2023-11-27,6494,119000,0,3781,122781
2023-11-28,6494,321000,0,-545,320455
2023-11-29,6494,-670000,0,9707,-660293
2023-11-30,6494,-70000,0,-3527,-73527
2023-12-01,6494,-71000,0,2,-70998
2023-12-04,6494,454000,0,456,454456
2023-12-05,6494,-126000,0,4,-125996
2023-12-06,6494,-13000,0,-10999,-23999
2023-12-07,6494,10000,0,-189,9811
2023-12-08,6494,-6000,0,1,-5999
2023-12-11,6494,88000,0,0,88000
2023-12-12,6494,13000,0,-6,12994
2023-12-13,6494,55000,0,0,55000
2023-12-14,6494,-71000,0,0,-71000
2023-12-15,6494,88000,0,1,88001
2023-12-18,6494,4000,0,458,4458
2023-12-19,6494,106000,0,-617,105383
2023-12-20,6494,9001,0,0,9001
2023-12-21,6494,-25000,0,-128,-25128
2023-12-22,6494,-56000,0,112,-55888
2023-12-25,6494,-60000,0,-217,-60217
2023-12-26,6494,-34000,0,324,-33676
2023-12-27,6494,-278000,0,96,-277904
2023-12-28,6494,-88000,0,-407,-88407
2023-12-29,6494,-34000,0,367,-33633
2024-01-02,6494,-7000,0,-193,-7193
2024-01-03,6494,14000,0,-129,13871
2024-01-04,6494,40000,0,-177,39823
2024-01-05,6494,-45000,0,821,-44179
2024-01-08,6494,82000,0,-651,81349
2024-01-09,6494,-124000,0,378,-123622
2024-01-10,6494,49000,0,-329,48671
2024-01-11,6494,15000,0,666,15666
2024-01-12,6494,-5000,0,-109,-5109
2024-01-15,6494,132000,0,-228,131772
2024-01-16,6494,-170000,0,-215,-170215
2024-01-17,6494,150000,0,197,150197
2024-01-18,6494,100000,0,-5,99995
2024-01-19,6494,21000,0,-1,20999
2024-01-22,6494,70000,0,-1,69999
2024-01-23,6494,-11000,0,-1,-11001
2024-01-24,6494,-13000,0,-333,-13333
2024-01-25,6494,-33000,0,237,-32763
2024-01-26,6494,-8000,0,-155,-8155
2024-01-29,6494,27000,0,21,27021
2024-01-30,6494,-276000,0,-182,-276182
2024-01-31,6494,-30000,0,-85,-30085
2024-02-01,6494,-97000,0,389,-96611
2024-02-02,6494,-192000,0,223,-191777
2024-02-05,6494,112000,0,-336,111664
2024-02-15,6494,673000,0,0,673000
2024-02-16,6494,471000,0,-75,470925
2024-02-19,6494,-4000,0,1,-3999
2024-02-20,6494,-66940,0,600,-66340
2024-02-21,6494,35000,0,-494,34506
2024-02-22,6494,33000,0,-253,32747
2024-02-23,6494,127000,0,1793,128793
2024-02-26,6494,141000,0,-27,140973
2024-02-27,6494,-41000,0,-250,-41250
2024-02-29,6494,-14999,0,123,-14876
2024-03-01,6494,169000,0,-232,168768
2024-03-04,6494,28000,0,437,28437
2024-03-05,6494,-173000,0,-602,-173602
2024-03-06,6494,162000,0,220,162220
2024-03-07,6494,-286998,0,-404,-287402
2024-03-08,6494,-103000,0,787,-102213
2024-03-11,6494,55000,0,-465,54535
2024-03-12,6494,-50000,0,-52,-50052
2024-03-13,6494,-170000,0,542,-169458
2024-03-14,6494,-57000,0,-373,-57373
2024-03-15,6494,-87000,0,16,-86984
2024-03-18,6494,-1000,0,-222,-1222
2024-03-19,6494,-44000,0,-219,-44219
2024-03-20,6494,-18000,0,0,-18000
2024-03-21,6494,-24000,0,531,-23469
2024-03-22,6494,-55000,0,-117,-55117
2024-03-25,6494,-39000,0,-131,-39131
2024-03-26,6494,-83000,0,499,-82501
2024-03-27,6494,47000,0,-160,46840
2024-03-28,6494,-58000,0,-194,-58194
2024-03-29,6494,-18000,0,-387,-18387
2024-04-01,6494,39000,0,-153,38847
2024-04-02,6494,-20000,0,-5,-20005
2024-04-03,6494,52000,0,828,52828
2024-04-08,6494,-23000,0,-314,-23314
2024-04-09,6494,-40000,0,-67,-40067
2024-04-10,6494,35000,0,-251,34749
2024-04-11,6494,-31000,0,0,-31000
2024-04-12,6494,-4000,0,-1,-4001
2024-04-15,6494,-71000,0,626,-70374
2024-04-16,6494,33000,0,-880,32120
2024-04-17,6494,45000,0,840,45840
2024-04-18,6494,-3000,0,-508,-3508
2024-04-19,6494,-35000,0,441,-34559
2024-04-22,6494,31000,0,162,31162
2024-04-23,6494,-1000,0,0,-1000
2024-04-24,6494,13000,0,-10,12990
2024-04-25,6494,4000,0,-5,3995
2024-04-26,6494,-26000,0,13,-25987
2024-04-29,6494,27000,0,-1000,26000
2024-04-30,6494,-10000,0,0,-10000
2024-05-02,6494,12000,0,-121,11879
2024-05-03,6494,-136000,0,149,-135851
2024-05-06,6494,-50000,0,-105,-50105
2024-05-07,6494,-18000,0,-800,-18800
2024-05-08,6494,2000,0,185,2185
2024-05-09,6494,-9000,0,0,-9000
2024-05-10,6494,-4000,0,548,-3452
2024-05-13,6494,19000,0,19,19019
2024-05-14,6494,32000,0,181,32181
2024-05-15,6494,-7000,0,0,-7000
2024-05-16,6494,-30000,0,0,-30000
2024-05-17,6494,-4000,0,0,-4000
2024-05-20,6494,37000,0,-961,36039
2024-05-21,6494,-56000,0,0,-56000
2024-05-22,6494,41000,0,758,41758
2024-05-23,6494,-23000,0,-204,-23204
2024-05-24,6494,-8000,0,8,-7992
2024-05-27,6494,46000,0,0,46000
2024-05-28,6494,67000,0,8,67008
2024-05-29,6494,38000,0,36,38036
2024-05-30,6494,-52000,0,361,-51639
2024-05-31,6494,-20000,0,0,-20000
2024-06-03,6494,-14000,0,-35,-14035
2024-06-04,6494,-1000,0,-9,-1009
2024-06-05,6494,3000,0,-916,2084
2024-06-06,6494,-47000,0,3,-46997
2024-06-07,6494,21000,0,1,21001
2024-06-11,6494,37000,0,15,37015
2024-06-12,6494,14000,0,0,14000
2024-06-13,6494,40000,0,159,40159
2024-06-14,6494,-25000,0,0,-25000
2024-06-17,6494,45000,0,679,45679
2024-06-18,6494,-30000,0,-130,-30130
2024-06-19,6494,-57000,0,-179,-57179
2024-06-20,6494,68000,0,-248,67752
2024-06-21,6494,12000,0,468,12468
2024-06-24,6494,-23000,0,0,-23000
2024-06-25,6494,0,0,-428,-428
2024-06-26,6494,22000,0,8,22008
2024-06-27,6494,0,0,0,0
2024-06-28,6494,0,0,-142,-142
2024-07-01,6494,3000,0,-210,2790
2024-07-02,6494,-18000,0,451,-17549
2024-07-03,6494,-2000,0,-4,-2004
2024-07-04,6494,9000,0,0,9000
2024-07-05,6494,68000,0,0,68000
2024-07-08,6494,-98000,0,109,-97891
2024-07-09,6494,-22000,0,-248,-22248
2024-07-10,6494,-1000,0,0,-1000
2024-07-11,6494,1000,0,-223,777
2024-07-12,6494,5000,0,367,5367
2024-07-15,6494,-8000,0,454,-7546
2024-07-16,6494,2000,0,0,2000
2024-07-17,6494,-2000,0,-54,-2054
2024-07-18,6494,-7000,0,-808,-7808
2024-07-19,6494,-32000,0,582,-31418
2024-07-22,6494,-32000,0,-271,-32271
2024-07-23,6494,18000,0,363,18363
2024-07-26,6494,11000,0,175,11175
2024-07-29,6494,-36000,0,-474,-36474
2024-07-30,6494,18000,0,-148,17852
2024-07-31,6494,-1000,0,-162,-1162
2024-08-01,6494,-5000,0,-90,-5090
2024-08-02,6494,-25000,0,907,-24093
2024-08-05,6494,-87000,0,-450,-87450
2024-08-06,6494,6000,0,50,6050
2024-08-07,6494,13000,0,365,13365
2024-08-08,6494,-2000,0,0,-2000
2024-08-09,6494,21000,0,0,21000
2024-08-12,6494,-56000,0,-481,-56481
2024-08-13,6494,3000,0,292,3292
2024-08-14,6494,42000,0,90,42090
2024-08-15,6494,-2000,0,29001,27001
2024-08-16,6494,-19000,0,6000,-13000
2024-08-19,6494,-5000,0,-70,-5070
2024-08-20,6494,-8000,0,0,-8000
2024-08-21,6494,2000,0,-9,1991
2024-08-22,6494,3000,0,-203,2797
2024-08-23,6494,1000,0,-95,905
2024-08-26,6494,18000,0,3000,21000
2024-08-27,6494,3000,0,0,3000
2024-08-28,6494,-3000,0,-415,-3415
2024-08-29,6494,0,0,-31,-31
2024-08-30,6494,-1000,0,0,-1000
2024-09-02,6494,-7000,0,2000,-5000
2024-09-03,6494,-2000,0,6976,4976
2024-09-04,6494,-8000,0,-330,-8330
2024-09-05,6494,-1000,0,3995,2995
2024-09-06,6494,-9000,0,-23,-9023
2024-09-09,6494,3000,0,-153,2847
2024-09-10,6494,-11000,0,4404,-6596
2024-09-11,6494,-1000,0,-9,-1009
2024-09-12,6494,-1000,0,626,-374
2024-09-13,6494,-2000,0,0,-2000
2024-09-16,6494,3000,0,-9,2991
2024-09-18,6494,-2000,0,-438,-2438
2024-09-19,6494,-1000,0,-1000,-2000
2024-09-20,6494,-2000,0,2671,671
2024-09-23,6494,-2000,0,-70,-2070
2024-09-24,6494,1000,0,-19,981
2024-09-25,6494,37000,0,-45,36955
2024-09-26,6494,12000,0,-38,11962
2024-09-27,6494,-51000,0,103,-50897
2024-09-30,6494,-18000,0,-630,-18630
2024-10-01,6494,-6000,0,777,-5223
2024-10-04,6494,-10000,0,-90,-10090
2024-10-07,6494,18000,0,220,18220
2024-10-08,6494,4000,0,0,4000
2024-10-09,6494,-7000,0,-48,-7048
2024-10-11,6494,0,0,-1580,-1580
2024-10-14,6494,12000,0,-177,11823
2024-10-15,6494,-8000,0,390,-7610
2024-10-16,6494,0,0,-56,-56
2024-10-17,6494,-3000,0,152,-2848
2024-10-18,6494,-10000,0,-502,-10502
2024-10-21,6494,-3000,0,829,-2171
2024-10-22,6494,-12000,0,0,-12000
2024-10-23,6494,-12000,0,-849,-12849
2024-10-24,6494,-36000,0,-10,-36010
2024-10-25,6494,-27000,0,645,-26355
2024-10-28,6494,-27000,0,-594,-27594
2024-10-29,6494,-15000,0,-105,-15105
2024-10-30,6494,-10000,0,0,-10000
2024-11-01,6494,6000,0,-14,5986
2024-11-04,6494,-1000,0,996,-4
2024-11-05,6494,1000,0,0,1000
2024-11-06,6494,-2000,0,0,-2000
2024-11-07,6494,-1000,0,0,-1000
2024-11-08,6494,-15000,0,-605,-15605
2024-11-11,6494,-14000,0,146,-13854
2024-11-12,6494,-11000,0,22,-10978
2024-11-13,6494,-17000,0,-26557,-43557
2024-11-14,6494,-10000,0,-10769,-20769
2024-11-15,6494,5000,0,-16600,-11600
2024-11-18,6494,-2000,0,-193,-2193
2024-11-19,6494,12000,0,-123,11877
2024-11-20,6494,0,0,670,670
2024-11-21,6494,5000,0,0,5000
2024-11-22,6494,6000,0,0,6000
2024-11-25,6494,1000,0,8,1008
2024-11-26,6494,6000,0,-9,5991
2024-11-27,6494,-10000,0,-466,-10466
2024-11-28,6494,2000,0,-9,1991
2024-11-29,6494,-5000,0,-214,-5214
2024-12-02,6494,23000,0,-51,22949
2024-12-03,6494,-9000,0,63,-8937
2024-12-04,6494,2000,0,-7,1993
2024-12-05,6494,-2000,0,0,-2000
2024-12-06,6494,2000,0,373,2373
2024-12-09,6494,-46000,0,-511,-46511
2024-12-10,6494,-2000,0,-1000,-3000
2024-12-11,6494,-4999,0,39,-4960
2024-12-12,6494,-5000,0,0,-5000
2024-12-13,6494,-2000,0,0,-2000
2024-12-16,6494,6000,0,473,6473
2024-12-17,6494,2000,0,-58,1942
2024-12-18,6494,1000,0,-44,956
2024-12-19,6494,7000,0,-2,6998
2024-12-20,6494,-12000,0,-552,-12552
2024-12-23,6494,-3000,0,756,-2244
2024-12-24,6494,-1000,0,-353,-1353
2024-12-25,6494,2000,0,483,2483
2024-12-26,6494,-1000,0,-17,-1017
2024-12-27,6494,-2000,0,-211,-2211
2024-12-30,6494,-2000,0,-17,-2017
2024-12-31,6494,-3000,0,-544,-3544
2025-01-02,6494,1000,0,-15,985
2025-01-03,6494,-2000,0,0,-2000
2025-01-06,6494,6000,0,-9,5991
2025-01-07,6494,-1000,0,0,-1000
2025-01-08,6494,0,0,814,814
2025-01-09,6494,-3000,0,-173,-3173
2025-01-10,6494,-6000,0,0,-6000
2025-01-13,6494,-7000,0,-343,-7343
2025-01-14,6494,2000,0,0,2000
2025-01-15,6494,-999,0,0,-999
2025-01-16,6494,3000,0,0,3000
2025-01-17,6494,8000,0,-121,7879
2025-01-20,6494,-1000,0,0,-1000
2025-01-21,6494,1000,0,0,1000
2025-01-22,6494,20000,0,150,20150
2025-02-03,6494,-3000,0,0,-3000
2025-02-04,6494,1,0,0,1
2025-02-05,6494,3000,0,0,3000
2025-02-06,6494,4000,0,-52,3948
2025-02-07,6494,5000,0,0,5000
2025-02-10,6494,-4000,0,-118,-4118
2025-02-11,6494,-2000,0,0,-2000
2025-02-12,6494,-2000,0,0,-2000
2025-02-13,6494,-1000,0,0,-1000
2025-02-14,6494,0,0,0,0
2025-02-17,6494,18000,0,0,18000
2025-02-18,6494,-1000,0,0,-1000
2025-02-19,6494,-7000,0,0,-7000
2025-02-20,6494,-2000,0,0,-2000
2025-02-21,6494,7000,0,0,7000
2025-02-24,6494,1000,0,-239,761
2025-02-25,6494,-5000,0,411,-4589
2025-02-26,6494,0,0,413,413
2025-02-27,6494,-9000,0,0,-9000
2025-03-03,6494,0,0,-111,-111
2025-03-04,6494,0,0,0,0
2025-03-05,6494,2000,0,-26,1974
2025-03-06,6494,-2000,0,-3,-2003
2025-03-07,6494,-999,0,0,-999
2025-03-10,6494,-10000,0,-144,-10144
2025-03-11,6494,-4000,0,0,-4000
2025-03-12,6494,-3000,0,-122,-3122
2025-03-13,6494,-1000,0,-31,-1031
2025-03-14,6494,-2000,0,-13,-2013
2025-03-17,6494,-4000,0,-221,-4221
2025-03-18,6494,2001,0,0,2001
2025-03-19,6494,-6000,0,-77,-6077
2025-03-20,6494,0,0,0,0
2025-03-21,6494,-1000,0,0,-1000
2025-03-24,6494,-3999,0,0,-3999
2025-03-25,6494,-6000,0,0,-6000
2025-03-26,6494,-3000,0,84,-2916
2025-03-27,6494,-8000,0,0,-8000
2025-03-28,6494,-11000,0,0,-11000
2025-03-31,6494,36000,0,444,36444
2025-04-01,6494,-2000,0,-167,-2167
2025-04-02,6494,-1000,0,-9,-1009
2025-04-07,6494,0,0,-51,-51
2025-04-08,6494,-37000,0,-32,-37032
2025-04-09,6494,10000,0,194,10194
2025-04-10,6494,18000,0,0,18000
2025-04-11,6494,5000,0,2000,7000
2025-04-14,6494,0,0,0,0
2025-04-15,6494,5000,0,0,5000
2025-04-16,6494,3000,0,-352,2648
2025-04-17,6494,-2000,0,0,-2000
2025-04-18,6494,4000,0,-147,3853
2025-04-21,6494,-2000,0,-4,-2004
2025-04-22,6494,-2999,0,0,-2999
2025-04-23,6494,14000,0,0,14000
2025-04-24,6494,2000,0,901,2901
2025-04-25,6494,3000,0,0,3000
2025-04-28,6494,2000,0,0,2000
2025-04-29,6494,-1000,0,0,-1000
2025-04-30,6494,1000,0,0,1000
2025-05-02,6494,-1000,0,0,-1000
2025-05-05,6494,-17000,0,-27,-17027
2025-05-06,6494,3000,0,0,3000
2025-05-07,6494,0,0,0,0
2025-05-08,6494,1000,0,0,1000
2025-05-09,6494,-1000,0,-1000,-2000
2025-05-12,6494,9000,0,0,9000
2025-05-13,6494,-3000,0,0,-3000
2025-05-14,6494,2000,0,0,2000
2025-05-15,6494,-7000,0,0,-7000
2025-05-16,6494,-21000,0,0,-21000
2025-05-19,6494,0,0,0,0
2025-05-20,6494,-12000,0,0,-12000
2025-05-21,6494,7000,0,0,7000
2025-05-22,6494,-1000,0,0,-1000
2025-05-23,6494,-4000,0,0,-4000
2025-05-26,6494,0,0,0,0
2025-05-27,6494,-6000,0,-1000,-7000
2025-05-28,6494,-6000,0,0,-6000
2025-05-29,6494,0,0,0,0
2025-06-02,6494,-12000,0,-33,-12033
2025-06-04,6494,10000,0,0,10000
2025-06-05,6494,3000,0,0,3000
2025-06-06,6494,-3000,0,0,-3000
2025-06-09,6494,-1000,0,-22,-1022
2025-06-10,6494,4000,0,-288,3712
2025-06-11,6494,3000,0,0,3000
2025-06-12,6494,-26000,0,0,-26000
2025-06-13,6494,-1000,0,0,-1000
2025-06-16,6494,-1000,0,0,-1000
2025-06-17,6494,6000,0,0,6000
2025-06-18,6494,3000,0,0,3000
2025-06-19,6494,2000,0,0,2000
2025-06-20,6494,-17000,0,-1,-17001
2025-06-23,6494,1000,0,0,1000
2025-06-24,6494,2000,0,0,2000
2025-06-25,6494,-6000,0,0,-6000
2025-06-26,6494,0,0,0,0
2025-06-27,6494,0,0,0,0
2025-06-30,6494,-10000,0,0,-10000
2025-07-01,6494,7000,0,0,7000
2025-07-02,6494,-17000,0,0,-17000
2025-07-03,6494,5000,0,277,5277
2025-07-04,6494,-3000,0,0,-3000
2025-07-07,6494,-3000,0,0,-3000
2025-07-08,6494,-6000,0,0,-6000
2025-07-09,6494,5000,0,0,5000
2025-07-10,6494,5000,0,0,5000
2025-07-11,6494,18000,0,0,18000
2025-07-14,6494,-11000,0,0,-11000
2025-07-15,6494,5000,0,0,5000
2025-07-16,6494,7000,0,0,7000
2025-07-17,6494,23000,0,8,23008
2025-07-18,6494,-14000,0,0,-14000
2025-07-21,6494,11000,0,-759,10241
2025-07-22,6494,-17000,0,0,-17000
2025-07-23,6494,3000,0,0,3000
2025-07-24,6494,-7000,0,3000,-4000
2025-07-25,6494,-3000,0,0,-3000
2025-07-28,6494,0,0,0,0
2025-07-29,6494,-11000,0,0,-11000
2025-07-30,6494,2000,0,0,2000
2025-07-31,6494,-1000,0,0,-1000
2025-08-01,6494,-6000,0,1833,-4167
2025-08-04,6494,0,0,-2000,-2000
2025-08-05,6494,16000,0,0,16000
2025-08-06,6494,-12400,0,0,-12400
2025-08-07,6494,-6000,0,0,-6000
2025-08-08,6494,-6000,0,28,-5972
2025-08-11,6494,6000,0,-426,5574
2025-08-12,6494,-3000,0,326,-2674
2025-08-13,6494,-4000,0,-664,-4664
2025-08-14,6494,-13000,0,195,-12805
2025-08-15,6494,-4000,0,-279,-4279
2025-08-18,6494,-25000,0,398,-24602
2025-08-19,6494,1000,0,0,1000
2025-08-20,6494,-4001,0,-9,-4010
2025-08-21,6494,-1000,0,-18,-1018
2025-08-22,6494,-3000,0,-372,-3372
2025-08-25,6494,-25000,0,863,-24137
2025-08-26,6494,13000,0,-120,12880
2025-08-27,6494,-1000,0,-195,-1195
2025-08-28,6494,4000,0,-200,3800
2025-08-29,6494,-3000,0,-195,-3195
2025-09-01,6494,-7000,0,276,-6724
2025-09-02,6494,1000,0,-170,830
2025-09-03,6494,8000,0,-261,7739
2025-09-04,6494,43000,0,146,43146
2025-09-05,6494,-31000,0,392,-30608
2025-09-08,6494,0,0,0,0
2025-09-09,6494,-3000,0,-59,-3059
2025-09-10,6494,-3000,0,0,-3000
2025-09-11,6494,-11000,0,-146,-11146
2025-09-12,6494,-4000,0,44,-3956
2025-09-15,6494,7000,0,139,7139
2025-09-16,6494,-10000,0,0,-10000
2025-09-17,6494,-10000,0,-106,-10106
2025-09-18,6494,56000,0,-104,55896
2025-09-19,6494,-21000,0,0,-21000
2025-09-22,6494,-17000,0,0,-17000
2025-09-23,6494,1000,0,524,1524
2025-09-24,6494,1000,0,0,1000
2025-09-25,6494,2000,0,-106,1894
2025-09-26,6494,1000,0,0,1000
2025-09-30,6494,3000,0,0,3000
2025-10-01,6494,5000,0,0,5000
2025-10-02,6494,-1000,0,0,-1000
2025-10-03,6494,-5000,0,0,-5000
2025-10-07,6494,-3000,0,-5,-3005
2025-10-08,6494,-3000,0,0,-3000
2025-10-09,6494,-6000,0,5000,-1000
2025-10-13,6494,-11000,0,3000,-8000
2025-10-14,6494,-11000,0,1000,-10000
2025-10-15,6494,1000,0,0,1000
2025-10-16,6494,4000,0,0,4000
2025-10-17,6494,3000,0,0,3000
2025-10-20,6494,1000,0,-3000,-2000
2025-10-21,6494,7000,0,0,7000
2025-10-22,6494,15000,0,0,15000
2025-10-23,6494,14000,0,0,14000
2025-10-27,6494,30000,0,-7978,22022
2025-10-28,6494,-124000,0,0,-124000
2025-10-29,6494,-34000,0,2001,-31999
2025-10-30,6494,-3000,0,5999,2999
2025-10-31,6494,25000,0,16,25016
2025-11-03,6494,16000,0,-16,15984
2025-11-04,6494,2000,0,0,2000
2025-11-05,6494,9000,0,0,9000
2025-11-06,6494,-24000,0,0,-24000
2025-11-07,6494,10000,0,0,10000
2025-11-10,6494,26000,0,-3998,22002
2025-11-11,6494,5000,0,-2,4998
2025-11-12,6494,59000,0,495,59495
2025-11-13,6494,-18000,0,9000,-9000
2025-11-14,6494,-10000,0,17000,7000
2025-11-17,6494,-25000,0,4000,-21000
2025-11-18,6494,18000,0,1996,19996
2025-11-19,6494,-11000,0,-3,-11003
2025-11-20,6494,1000,0,9,1009
2025-11-21,6494,6000,0,-1003,4997
2025-11-24,6494,2000,0,-2000,0
2025-11-25,6494,6000,0,0,6000
2025-11-26,6494,12000,0,0,12000
2025-11-27,6494,1000,0,0,1000
2025-11-28,6494,6000,0,0,6000
2025-12-01,6494,-14000,0,-9,-14009
2025-12-02,6494,2000,0,-2000,0
2025-12-03,6494,15000,0,-30981,-15981
2025-12-04,6494,3000,0,0,3000
2025-12-05,6494,-15000,0,0,-15000
2025-12-08,6494,-4000,0,0,-4000
2025-12-09,6494,3000,0,0,3000
2025-12-10,6494,4000,0,0,4000
2025-12-11,6494,6000,0,-1000,5000
2025-12-12,6494,-6000,0,0,-6000
2025-12-15,6494,-4000,0,0,-4000
2025-12-16,6494,-6000,0,0,-6000
2025-12-17,6494,4000,0,0,4000
2025-12-18,6494,-8000,0,0,-8000
2025-12-19,6494,18000,0,0,18000
2025-12-22,6494,3000,0,0,3000
2025-12-23,6494,-2000,0,0,-2000
2025-12-24,6494,11000,0,0,11000
2025-12-26,6494,-4000,0,0,-4000
2025-12-29,6494,-7000,0,0,-7000
2025-12-30,6494,6000,0,0,6000
2025-12-31,6494,-1000,0,0,-1000
2026-01-02,6494,8000,0,0,8000
2026-01-05,6494,-38000,0,0,-38000
2026-01-06,6494,38000,0,0,38000
2026-01-07,6494,0,0,0,0
2026-01-08,6494,-7000,0,0,-7000
2026-01-09,6494,2000,0,0,2000
2026-01-12,6494,-3000,0,0,-3000
2026-01-13,6494,-6000,0,0,-6000
2026-01-14,6494,15000,0,0,15000
2026-01-15,6494,1000,0,0,1000
2026-01-16,6494,7000,0,17,7017
2026-01-19,6494,6000,0,216,6216
2026-01-20,6494,1000,0,-340,660
2026-01-21,6494,-3000,0,112,-2888
2026-01-22,6494,10000,0,0,10000
2026-01-23,6494,10000,0,-235,9765
2026-01-26,6494,7000,0,8,7008
2026-01-27,6494,-61000,0,8,-60992
2026-01-28,6494,65000,0,825,65825
2026-01-29,6494,-18000,0,1612,-16388
2026-01-30,6494,14000,0,0,14000
2026-02-02,6494,-33000,0,0,-33000
2026-02-03,6494,13000,0,0,13000
2026-02-04,6494,11000,0,-289,10711
2026-02-05,6494,4000,0,-2000,2000
2026-02-06,6494,31000,0,188,31188
2026-02-09,6494,-37000,0,0,-37000
2026-02-10,6494,85000,0,317,85317
2026-02-11,6494,-136000,0,-190,-136190
2026-02-23,6494,100000,0,675,100675
2026-02-24,6494,-202000,0,18000,-184000
2026-02-25,6494,19000,0,7083,26083
2026-02-26,6494,-16000,0,0,-16000
2026-03-02,6494,54000,0,0,54000
2026-03-03,6494,-7000,0,3000,-4000
2026-03-04,6494,19000,0,-8000,11000
2026-03-05,6494,24000,0,0,24000
2026-03-06,6494,32000,0,-147,31853
2026-03-09,6494,33000,0,1960,34960
2026-03-10,6494,16001,0,-4000,12001
2026-03-11,6494,21000,0,0,21000
2026-03-12,6494,5001,0,0,5001
2026-03-13,6494,28000,0,0,28000
2026-03-16,6494,-30998,0,15,-30983
2026-03-17,6494,24000,0,0,24000
2026-03-18,6494,15000,0,0,15000
2026-03-19,6494,-20000,0,0,-20000
2026-03-20,6494,48000,0,-679,47321
2026-03-23,6494,-55000,0,20000,-35000
2026-03-24,6494,-1001,0,1000,-1
2026-03-25,6494,19000,0,0,19000
2026-03-26,6494,14000,0,0,14000
2026-03-27,6494,6000,0,1000,7000
2026-03-30,6494,-10000,0,-3022,-13022
2026-03-31,6494,23000,0,3000,26000
2026-04-01,6494,9000,0,4,9004
2026-04-02,6494,-7000,0,0,-7000
2026-04-07,6494,16000,0,134,16134
2026-04-08,6494,50000,0,9278,59278
2026-04-09,6494,47000,0,-278,46722
2026-04-10,6494,133000,0,15084,148084
2026-04-13,6494,-44000,0,3004,-40996
2026-04-14,6494,-68000,0,27307,-40693
2026-04-15,6494,51000,0,47000,98000
2026-04-16,6494,81000,0,1000,82000
2026-04-17,6494,19000,0,1000,20000
2026-04-20,6494,-8000,0,-2000,-10000
2026-04-21,6494,69000,0,0,69000
2026-04-22,6494,-10000,0,-17567,-27567
2026-04-23,6494,-29000,0,-30316,-59316
2026-04-24,6494,14000,0,-6116,7884
2026-04-27,6494,-140000,0,-17000,-157000
2026-04-28,6494,-18000,0,-1000,-19000
2026-04-29,6494,-9000,0,1000,-8000
2026-04-30,6494,58000,0,0,58000
2026-05-04,6494,-12000,0,23000,11000
2026-05-05,6494,97000,0,0,97000
2026-05-06,6494,-42000,0,-9000,-51000
2026-05-07,6494,89999,0,0,89999
2026-05-08,6494,156000,0,19000,175000
2026-05-11,6494,30000,0,-16000,14000
2026-05-12,6494,-162000,0,-47000,-209000
2026-05-13,6494,74000,0,3000,77000
2026-05-14,6494,66000,0,0,66000
2026-05-15,6494,108000,0,3000,111000
2026-05-18,6494,-8000,0,0,-8000
2026-05-19,6494,-106000,0,0,-106000
2026-05-20,6494,129000,0,0,129000
2026-05-21,6494,117000,0,2000,119000
2026-05-22,6494,144000,0,0,144000
2026-05-25,6494,55000,0,8000,63000
2026-05-26,6494,22000,0,1000,23000
2026-05-27,6494,102000,0,-5994,96006
2026-05-28,6494,-63000,0,0,-63000
2026-05-29,6494,-57920,0,-7000,-64920
2026-06-01,6494,-57916,0,0,-57916
2026-06-02,6494,2000,0,-5000,-3000
2026-06-03,6494,-636,0,-2000,-2636
2026-06-04,6494,-1000,0,1000,0
2026-06-05,6494,-45900,0,0,-45900
2026-06-08,6494,-119000,0,-9000,-128000
2026-06-09,6494,-21000,0,0,-21000
2026-06-10,6494,17000,0,-3000,14000
2026-06-11,6494,68810,0,1033,69843
2026-06-12,6494,115873,0,0,115873
2026-06-15,6494,387272,0,798,388070
2026-06-16,6494,-202019,0,8000,-194019
2026-06-17,6494,-477595,0,202,-477393
2026-06-18,6494,64792,0,3000,67792
2026-06-22,6494,-213442,0,0,-213442
2026-06-23,6494,-75235,0,0,-75235
2026-06-24,6494,-29700,0,0,-29700
2026-06-25,6494,-57274,0,-4000,-61274
2026-06-26,6494,54075,0,0,54075
2026-06-29,6494,-37979,0,0,-37979
2026-06-30,6494,-2045,0,0,-2045
2026-07-01,6494,-48900,0,0,-48900
2026-07-02,6494,94003,0,0,94003
2026-07-03,6494,-13000,0,0,-13000
2026-07-06,6494,181041,0,-7000,174041
2026-07-07,6494,12122,0,-20000,-7878
2026-07-08,6494,-24911,0,0,-24911
2026-07-09,6494,79170,0,0,79170
2026-07-13,6494,-9000,0,7000,-2000
2026-07-14,6494,-42000,0,-2000,-44000
2026-07-15,6494,-17869,0,-5000,-22869
2026-07-16,6494,-121000,0,-2000,-123000
2026-07-17,6494,-35000,0,743,-34257
2026-07-20,6494,-21340,0,6000,-15340
2026-07-21,6494,-10000,0,-6000,-16000
2026-07-22,6494,-37899,0,0,-37899
2026-07-23,6494,-60030,0,-1000,-61030
2026-07-24,6494,-6000,0,0,-6000
2026-07-27,6494,-18000,0,0,-18000
2026-07-28,6494,-11000,0,-9,-11009
2026-07-29,6494,-54000,0,5000,-49000
2026-07-30,6494,0,0,2,2
2026-07-31,6494,35000,0,-2,34998
2026-08-03,6494,-1000,0,11905,10905
2026-08-04,6494,-14000,0,-19,-14019
2026-08-05,6494,-17000,0,-5145,-22145
2026-08-06,6494,-14000,0,-3950,-17950
2026-08-07,6494,21125,0,-3533,17592
2026-08-10,6494,34000,0,383,34383
2026-08-11,6494,3000,0,-5000,-2000
2026-08-12,6494,45000,0,-413,44587
2026-08-13,6494,-18216,0,5528,-12688
2026-08-14,6494,-12635,0,-1161,-13796
2026-08-17,6494,5000,0,3000,8000
2026-08-18,6494,76718,0,-810,75908
2026-08-19,6494,-10000,0,88,-9912
2026-08-20,6494,-25000,0,82,-24918
2026-08-21,6494,-4960,0,1,-4959
2026-08-24,6494,-31000,0,-113,-31113
2026-08-25,6494,-13003,0,-3000,-16003
2026-08-26,6494,26000,0,-2549,23451
2026-08-27,6494,21000,0,1000,22000
2026-08-28,6494,4003,0,1,4004
2026-08-31,6494,-20899,0,0,-20899
2026-09-01,6494,32000,0,78,32078
2026-09-02,6494,13000,0,453,13453
2026-09-03,6494,42000,0,155,42155
2026-09-04,6494,29050,0,206,29256
