date,stock_id,m_buy,m_sell,m_balance,m_limit,s_buy,s_sell,s_balance
2025-06-11,0050,0,0,2161,871875,0,0,0
2025-06-11,0051,0,0,0,6500,0,0,0
2025-06-11,0052,228,4,386,20625,0,0,16
2025-06-11,0053,0,0,0,1372,0,0,0
2025-06-11,0055,1,1,16,14538,0,0,0
2025-06-11,0056,10,177,6249,3285383,0,5,153
2025-06-11,0057,0,0,0,381,0,0,0
2025-06-11,0061,12,6,831,36154,0,0,0
2025-06-11,006203,0,0,0,2554,0,0,0
2025-06-11,006204,0,0,0,375,0,0,0
2025-06-11,006205,0,27,784,34109,0,0,1
2025-06-11,006206,0,0,51,10569,0,0,0
2025-06-11,006207,0,0,610,7723,0,0,0
2025-06-11,006208,54,556,1092,528760,2,5,36
2025-06-11,00631L,726,398,7651,77271,40,360,2958
2025-06-11,00632R,12141,5582,193741,553801,975,100,2875
2025-06-11,00633L,538,864,27647,65989,0,18,934
2025-06-11,00634R,10,0,1521,11439,0,0,65
2025-06-11,00635U,7,169,2610,31753,0,1,209
2025-06-11,00636,0,0,1254,45956,0,0,2
2025-06-11,00637L,3630,4651,232831,458776,59,574,2679
2025-06-11,00638R,0,3,406,11737,0,0,9
2025-06-11,00639,3,2,3686,47600,0,0,21
2025-06-11,00640L,813,0,1548,4104,0,0,98
2025-06-11,00641R,10,8,8257,15939,6,0,182
2025-06-11,00642U,47,32,2062,37205,5,41,128
2025-06-11,00643,0,0,3763,29268,0,0,4
2025-06-11,00645,0,0,30,13124,0,0,0
2025-06-11,00646,3,3,313,143871,0,0,64
2025-06-11,00647L,2,4,116,3479,0,0,4
2025-06-11,00648R,35,75,10836,41672,0,2,173
2025-06-11,00650L,517,1708,25683,49334,31,370,6089
2025-06-11,00651R,85,363,4627,10673,0,0,3
2025-06-11,00652,0,0,46,26258,0,0,0
2025-06-11,00653L,3,20,887,4975,0,0,24
2025-06-11,00654R,3,1,1641,5741,0,0,160
2025-06-11,00655L,131,214,11794,34364,2,31,344
2025-06-11,00656R,0,0,482,5214,0,0,2
2025-06-11,00657,0,0,1,2021,0,0,0
2025-06-11,00660,0,0,15,2382,0,0,0
2025-06-11,00661,0,3,33,7481,0,0,0
2025-06-11,00662,2,0,413,158132,0,0,10
2025-06-11,00663L,1510,33,1685,2415,0,29,29
2025-06-11,00664R,2382,884,101103,169143,0,41,637
2025-06-11,00665L,6120,4017,99385,146616,89,1252,8558
2025-06-11,00666R,101,45,1558,4031,0,1,2
2025-06-11,00668,0,0,29,2758,0,0,0
2025-06-11,00669R,198,11,18077,54029,0,0,85
2025-06-11,00670L,43,73,2877,22036,43,5,956
2025-06-11,00671R,482,880,110511,145096,7,10,1722
2025-06-11,00673R,3191,1723,39007,121925,4,0,129
2025-06-11,00674R,87,865,8866,26900,2,0,349
2025-06-11,00675L,306,452,6431,56321,29,198,2635
2025-06-11,00676R,1135,415,12305,24083,20,12,41
2025-06-11,00678,0,0,55,2237,0,0,0
2025-06-11,00680L,344,2611,306965,909019,49,73,2464
2025-06-11,00681R,0,0,26,2148,0,0,0
2025-06-11,00682U,0,0,23,1411,0,0,0
2025-06-11,00683L,3,0,672,2983,0,0,128
2025-06-11,00684R,0,12,1588,2672,0,0,0
2025-06-11,00685L,67,111,781,7284,8,5,251
2025-06-11,00686R,203,50,16610,28819,0,7,7
2025-06-11,00688L,255,1888,157685,402403,20,0,1135
2025-06-11,00689R,0,0,23,1847,0,0,0
2025-06-11,00690,0,2,47,21457,0,0,0
2025-06-11,00692,0,5,62,177945,0,0,5
2025-06-11,00693U,2,1,1206,11166,0,0,2
2025-06-11,00700,7,21,381,15995,0,0,0
2025-06-11,00701,0,0,189,52222,0,0,0
2025-06-11,00702,0,0,0,1547,0,0,0
2025-06-11,00703,0,0,117,4387,0,0,0
2025-06-11,00706L,0,8,3806,0,0,0,0
2025-06-11,00707R,0,0,0,1588,0,0,0
2025-06-11,00708L,171,465,8545,18393,14,6,684
2025-06-11,00709,0,0,30,3490,0,0,0
2025-06-11,00710B,0,0,2,51565,0,0,0
2025-06-11,00711B,0,0,2,251565,0,0,0
2025-06-11,00712,170,1498,19627,1072877,3,0,0
2025-06-11,00713,0,73,1338,724628,0,0,23
2025-06-11,00714,0,0,1,7016,0,0,0
2025-06-11,00715L,2382,4183,53614,174846,497,174,11787
2025-06-11,00717,0,0,3,39401,0,0,0
2025-06-11,00728,0,1,35,12480,0,0,0
2025-06-11,00730,0,2,58,23261,0,0,0
2025-06-11,00731,0,2,143,13900,0,0,0
2025-06-11,00733,27,70,388,42491,12,0,16
2025-06-11,00735,0,0,17,4322,0,0,0
2025-06-11,00736,0,0,1,1556,0,0,0
2025-06-11,00737,0,0,83,5509,0,0,0
2025-06-11,00738U,0,1,21322,23824,0,1,59
2025-06-11,00739,0,0,17,7997,0,0,0
2025-06-11,00752,3,14,1069,88054,0,0,34
2025-06-11,00753L,5339,7830,103283,239789,13,1224,8987
2025-06-11,00757,20,19,1720,125623,0,0,166
2025-06-11,00762,0,3,146,13687,0,0,0
2025-06-11,00763U,627,0,853,7516,0,0,4
2025-06-11,00770,0,0,551,31489,0,0,0
2025-06-11,00771,0,0,5,4056,0,0,0
2025-06-11,00775B,0,0,0,58275,0,0,0
2025-06-11,00783,0,0,548,3132,0,0,0
2025-06-11,00830,56,353,2855,252241,5,27,747
2025-06-11,00850,0,0,52,116486,0,0,0
2025-06-11,00851,0,0,5,2381,0,0,0
2025-06-11,00852L,5,0,654,4716,14,2,170
2025-06-11,00861,2,0,6,21603,0,0,0
2025-06-11,00865B,0,0,0,7436,0,0,0
2025-06-11,00875,0,2,13,4372,0,0,0
2025-06-11,00876,0,0,4,27006,0,0,0
2025-06-11,00878,21,522,10070,5268197,21,17,133
2025-06-11,00881,15,30,1218,629475,0,0,35
2025-06-11,00882,412,278,10981,702962,0,0,36
2025-06-11,00885,544,26,2812,329684,4,0,5
2025-06-11,00891,30,50,1140,295772,0,16,36
2025-06-11,00892,8,5,106,80323,0,0,6
2025-06-11,00893,4,53,661,129846,0,1,9
2025-06-11,00894,121,55,468,35377,0,2,15
2025-06-11,00895,9,19,494,61229,10,2,10
2025-06-11,00896,5,13,115,59595,0,0,0
2025-06-11,00897,1,8,183,50503,0,0,2
2025-06-11,00898,0,0,283,53744,0,0,0
2025-06-11,00899,0,2,73,6783,0,0,0
2025-06-11,00900,51,41,2645,546006,0,0,0
2025-06-11,00901,0,0,12,18712,0,0,0
2025-06-11,00902,117,38,2478,122874,1,0,8
2025-06-11,00903,0,3,44,30055,0,0,3
2025-06-11,00904,1,7,101,22903,0,0,0
2025-06-11,00905,19,2,800,127956,0,2,14
2025-06-11,00907,0,6,578,66283,0,0,0
2025-06-11,00908,0,0,2,9979,0,0,0
2025-06-11,00909,60,64,1202,45551,0,4,58
2025-06-11,00910,3,59,307,10234,0,0,0
2025-06-11,00911,10,46,58,6850,0,0,0
2025-06-11,00912,0,0,421,20813,0,0,0
2025-06-11,00913,0,0,3,2941,0,0,0
2025-06-11,00915,26,20,1374,370620,6,0,0
2025-06-11,00916,0,1,71,21979,0,0,0
2025-06-11,00917,0,0,44,9994,0,0,0
2025-06-11,00918,351,173,8525,907191,0,0,4
2025-06-11,00919,923,1831,27571,4393908,50,0,0
2025-06-11,00920,0,0,16,3320,0,0,0
2025-06-11,00921,0,0,72,33942,0,0,0
2025-06-11,00922,45,200,1139,407546,0,0,24
2025-06-11,00923,2,3,492,231105,0,0,0
2025-06-11,00924,2,9,707,130900,0,0,1
2025-06-11,00926,0,0,243,30995,0,0,0
2025-06-11,00927,1,7,989,190224,0,0,4
2025-06-11,00929,10,44,8853,2372159,3,0,0
2025-06-11,00930,1,2,823,94569,0,0,0
2025-06-11,00932,3,0,195,80195,0,0,0
2025-06-11,00934,20,4,2153,216631,0,0,0
2025-06-11,00935,0,14,916,103751,0,0,19
2025-06-11,00936,1,0,1635,209449,0,0,0
2025-06-11,00938,0,12,106,48254,0,0,0
2025-06-11,00939,3,17,1264,654369,0,0,0
2025-06-11,00940,46,107,5082,3521591,0,1,8
2025-06-11,00941,0,0,782,259197,0,1,1
2025-06-11,00943,0,0,36,20097,0,0,0
2025-06-11,00944,30,1,100,38145,0,0,0
2025-06-11,00945B,10,0,2741,251704,0,0,0
2025-06-11,00946,0,41,1078,277311,0,0,0
2025-06-11,00947,30,159,510,48966,0,0,0
2025-06-11,00949,15,42,550,75357,0,0,1
2025-06-11,00951,72,28,1404,87010,0,2,9
2025-06-11,00952,0,45,389,82818,0,0,0
2025-06-11,00953B,166,48,20800,939918,0,0,0
2025-06-11,00954,0,15,174,25186,0,0,0
2025-06-11,00956,0,7,28,9407,0,0,0
2025-06-11,00960,1,0,2108,46248,0,1,5
2025-06-11,00961,8,0,18,13627,0,0,0
2025-06-11,00962,10,0,226,22730,0,0,2
2025-06-11,00963,1,0,22,19608,0,0,0
2025-06-11,00964,0,0,1,4156,0,0,0
2025-06-11,00965,225,48,1990,137998,4,8,37
2025-06-11,00971,0,10,243,35294,0,0,1
2025-06-11,00972,0,0,133,7418,0,0,0
2025-06-11,009800,0,4,869,98722,0,0,6
2025-06-11,009801,5,90,1658,66029,0,1,3
2025-06-11,009802,2,30,2603,351623,0,0,39
2025-06-11,009803,0,25,107,40707,0,0,0
2025-06-11,009804,200,10,240,27723,0,0,0
2025-06-11,009805,0,0,283,14579,0,0,0
2025-06-11,009808,1,21,7,20877,0,0,0
2025-06-11,00980A,14,560,1778,49432,0,2,17
2025-06-11,00981A,158,76,1053,68052,0,5,7
2025-06-11,00982A,469,31,2741,82109,0,9,23
2025-06-11,1101,513,517,16628,1887795,20,0,320
2025-06-11,1102,20,4,364,886640,0,0,24
2025-06-11,1103,11,0,2577,197561,6,0,0
2025-06-11,1104,10,41,1254,171670,0,0,1
2025-06-11,1108,4,0,753,101184,0,0,0
2025-06-11,1109,1,0,682,85289,0,0,10
2025-06-11,1110,49,10,2959,143000,0,0,1
2025-06-11,1201,23,1,1434,126515,0,0,0
2025-06-11,1203,0,0,19,60000,0,0,0
2025-06-11,1210,73,17,1218,223691,2,0,16
2025-06-11,1213,0,0,0,0,0,0,0
2025-06-11,1215,84,114,1190,73697,0,0,11
2025-06-11,1216,45,6,1313,1420503,1,1,25
2025-06-11,1217,10,1,2184,123628,0,0,0
2025-06-11,1218,39,34,2581,124999,0,0,1
2025-06-11,1219,1,9,1686,85400,0,0,0
2025-06-11,1220,1,0,1295,44269,0,0,0
2025-06-11,1225,0,0,5562,0,0,0,0
2025-06-11,1227,1,1,1987,228772,0,0,0
2025-06-11,1229,8,4,782,427609,0,0,2
2025-06-11,1231,0,4,311,67830,0,0,1
2025-06-11,1232,7,12,23,39993,0,0,0
2025-06-11,1233,0,0,92,22647,0,0,0
2025-06-11,1234,0,5,303,100467,0,0,0
2025-06-11,1235,1,1,1172,39287,0,0,0
2025-06-11,1236,0,0,183,21668,0,0,0
2025-06-11,1256,0,2,73,8460,0,0,0
2025-06-11,1301,289,135,22113,1591435,81,23,493
2025-06-11,1303,223,364,14885,1982705,74,7,1284
2025-06-11,1304,101,51,6712,297190,47,2,40
2025-06-11,1305,60,2,2444,145262,0,1,22
2025-06-11,1307,34,46,1809,99454,3,0,10
2025-06-11,1308,2,0,2368,148435,20,1,9
2025-06-11,1309,45,1,3019,99396,3,2,5
2025-06-11,1310,52,35,3228,131967,5,0,0
2025-06-11,1312,474,106,17380,276655,1,10,105
2025-06-11,1313,86,24,5426,342088,0,0,11
2025-06-11,1314,359,175,36119,946212,44,11,217
2025-06-11,1315,1,0,50,24774,0,0,0
2025-06-11,1316,140,143,22405,91690,9,11,156
2025-06-11,1319,53,38,1659,147869,18,4,198
2025-06-11,1321,6,8,2976,56807,0,0,0
2025-06-11,1323,0,0,210,22818,0,0,0
2025-06-11,1324,0,0,2281,18780,0,0,0
2025-06-11,1325,331,492,2979,21320,81,39,1168
2025-06-11,1326,227,155,21592,1465296,23,11,289
2025-06-11,1337,1,0,19330,67238,0,0,0
2025-06-11,1338,15,34,2184,20960,0,0,1
2025-06-11,1339,3,0,1524,18534,0,0,2
2025-06-11,1340,0,7,312,38230,0,0,0
2025-06-11,1342,1,10,528,19653,1,0,2
2025-06-11,1402,42,58,1619,1338218,0,0,42
2025-06-11,1409,48,32,6172,404602,8,0,7
2025-06-11,1410,0,0,257,15750,0,0,0
2025-06-11,1413,0,0,0,0,0,0,0
2025-06-11,1414,10,0,2782,55000,0,0,0
2025-06-11,1416,19,17,4278,46335,0,0,0
2025-06-11,1417,0,5,1009,47485,0,0,0
2025-06-11,1418,2,0,624,11708,0,0,4
2025-06-11,1419,264,207,2586,75010,72,26,146
2025-06-11,1423,0,0,228,24912,0,0,0
2025-06-11,1432,0,0,0,0,0,0,0
2025-06-11,1434,20,6,1438,421166,0,0,0
2025-06-11,1435,0,0,0,0,0,0,0
2025-06-11,1436,5,6,1252,32994,0,0,4
2025-06-11,1437,5,2,3243,50842,0,0,0
2025-06-11,1438,0,1,603,22801,0,0,0
2025-06-11,1439,1,0,806,23000,0,0,0
2025-06-11,1440,5,34,5115,414203,17,0,16
2025-06-11,1441,0,0,0,0,0,0,0
2025-06-11,1442,6,28,330,91552,4,7,53
2025-06-11,1443,0,0,107,33835,0,0,0
2025-06-11,1444,44,14,3700,248898,0,0,10
2025-06-11,1445,0,5,1433,32666,0,0,0
2025-06-11,1446,85,26,2687,34427,0,1,116
2025-06-11,1447,0,22,9280,227517,0,2,24
2025-06-11,1449,1,11,4101,25773,0,0,0
2025-06-11,1451,0,1,1219,49500,0,0,0
2025-06-11,1452,0,0,525,33160,0,0,0
2025-06-11,1453,51,0,1110,27486,0,0,3
2025-06-11,1454,0,0,2064,32458,0,0,0
2025-06-11,1455,21,0,4140,132922,13,0,0
2025-06-11,1456,14,0,553,23430,0,0,0
2025-06-11,1457,0,0,595,79182,0,0,0
2025-06-11,1459,0,0,0,0,0,0,0
2025-06-11,1460,0,0,0,0,0,0,0
2025-06-11,1463,28,63,1563,43317,0,0,0
2025-06-11,1464,45,8,2836,101909,0,0,0
2025-06-11,1465,17,18,3536,25901,0,0,0
2025-06-11,1466,23,135,4920,27789,8,4,67
2025-06-11,1467,10,15,4994,42052,0,0,0
2025-06-11,1468,0,0,0,0,0,0,0
2025-06-11,1470,0,0,28,21441,0,0,0
2025-06-11,1471,0,0,0,0,0,0,0
2025-06-11,1472,28,126,3851,5158,2,7,12
2025-06-11,1473,7,12,1142,36538,0,0,0
2025-06-11,1474,12,16,3981,32474,1,0,1
2025-06-11,1475,21,6,403,16504,0,1,1
2025-06-11,1476,11,2,253,68591,5,1,11
2025-06-11,1477,38,133,883,61673,2,1,33
2025-06-11,1503,513,454,5822,130243,33,9,167
2025-06-11,1504,39,37,7317,534699,5,0,116
2025-06-11,1506,0,0,0,0,0,0,0
2025-06-11,1512,0,0,0,0,0,0,0
2025-06-11,1513,835,601,11040,125778,28,1,231
2025-06-11,1514,1694,1617,9146,66938,19,32,407
2025-06-11,1515,36,85,2689,45368,0,0,0
2025-06-11,1516,0,0,359,0,0,0,0
2025-06-11,1517,48,13,1496,56421,0,0,0
2025-06-11,1519,298,222,4925,71791,35,3,262
2025-06-11,1521,1,0,366,19057,0,0,0
2025-06-11,1522,63,72,7155,78224,3,48,150
2025-06-11,1524,404,739,7571,41327,98,27,881
2025-06-11,1525,1,0,447,18350,0,0,0
2025-06-11,1526,53,0,1117,15000,0,0,0
2025-06-11,1527,0,0,438,34642,0,0,0
2025-06-11,1528,68,51,9211,47832,0,5,22
2025-06-11,1529,255,423,3427,38773,4,67,118
2025-06-11,1530,0,4,142,24148,0,0,1
2025-06-11,1531,4,0,1767,45527,0,0,0
2025-06-11,1532,16,106,5017,105651,0,0,26
2025-06-11,1533,20,38,832,24636,3,1,2
2025-06-11,1535,0,0,148,30935,0,0,0
2025-06-11,1536,390,358,11185,69879,64,49,4338
2025-06-11,1537,3,1,128,20515,0,0,0
2025-06-11,1538,0,0,0,0,0,0,0
2025-06-11,1539,4,7,1616,16342,0,0,0
2025-06-11,1540,7,10,2590,21368,0,2,48
2025-06-11,1541,13,19,122,19700,0,0,0
2025-06-11,1558,0,1,681,16633,0,0,0
2025-06-11,1560,207,150,2902,36569,37,19,441
2025-06-11,1563,5,5,350,59446,0,0,0
2025-06-11,1568,5,14,1475,25771,0,0,6
2025-06-11,1582,59,9,3301,36067,0,0,0
2025-06-11,1583,1,0,93,27600,0,0,0
2025-06-11,1587,9,21,2181,20013,2,0,1
2025-06-11,1589,36,49,2210,33283,0,0,6
2025-06-11,1590,3,1,144,49999,0,0,5
2025-06-11,1597,94,201,3202,22315,54,21,517
2025-06-11,1598,24,10,3282,44785,6,0,0
2025-06-11,1603,13,26,2342,47922,0,0,4
2025-06-11,1604,15,4,356,96050,0,0,0
2025-06-11,1605,336,244,29820,1007833,11,521,1101
2025-06-11,1608,99,32,5581,158193,0,0,15
2025-06-11,1609,98,67,15582,193414,1,1,173
2025-06-11,1611,0,0,3506,80683,0,0,9
2025-06-11,1612,657,297,3018,79020,0,7,63
2025-06-11,1614,10,1,673,67278,0,0,1
2025-06-11,1615,5,3,525,46824,0,0,0
2025-06-11,1616,2421,1241,4752,48537,17,174,278
2025-06-11,1617,2,5,1659,42378,0,0,5
2025-06-11,1618,159,297,6976,48172,32,39,133
2025-06-11,1626,1,0,2128,37455,0,0,0
2025-06-11,1702,8,10,435,73533,0,0,0
2025-06-11,1707,5,0,391,37034,0,0,0
2025-06-11,1708,16,39,2515,62250,0,2,3
2025-06-11,1709,2,6,2091,119254,0,0,4
2025-06-11,1710,64,338,3860,221425,0,1,6
2025-06-11,1711,55,158,10015,136938,2,0,12
2025-06-11,1712,151,3,853,105123,0,0,2
2025-06-11,1713,14,10,3001,37737,0,0,2
2025-06-11,1714,138,27,5895,254206,0,0,3
2025-06-11,1717,41,8,6621,294566,6,0,31
2025-06-11,1718,44,60,23551,421476,0,9,9
2025-06-11,1720,2,7,180,44674,0,0,0
2025-06-11,1721,10,31,4333,41428,0,6,116
2025-06-11,1722,4,82,2925,245000,1,0,5
2025-06-11,1723,6,11,265,59226,0,0,0
2025-06-11,1725,0,0,342,45457,0,0,6
2025-06-11,1726,0,0,0,40500,0,0,0
2025-06-11,1727,18,64,1952,31341,0,1,28
2025-06-11,1730,0,2,42,15808,0,0,0
2025-06-11,1731,4,3,153,33228,0,0,0
2025-06-11,1732,44,233,997,10610,2,2,366
2025-06-11,1733,11,6,1116,24987,0,0,0
2025-06-11,1734,16,13,1492,45284,0,0,1
2025-06-11,1735,0,0,358,24847,0,0,0
2025-06-11,1736,24,2,987,75848,4,4,39
2025-06-11,1737,12,1,123,50000,0,0,0
2025-06-11,1752,42,21,783,25247,0,0,0
2025-06-11,1760,19,13,1688,21434,0,0,0
2025-06-11,1762,19,1,849,19390,0,0,0
2025-06-11,1773,16,47,578,62500,0,0,0
2025-06-11,1776,1,5,702,15026,0,0,0
2025-06-11,1783,17,9,568,20243,0,0,1
2025-06-11,1786,38,11,10854,18047,0,0,34
2025-06-11,1789,61,54,2022,197684,0,0,0
2025-06-11,1795,365,220,5953,66453,5,4,9
2025-06-11,1802,1074,1566,21359,727015,321,263,1450
2025-06-11,1805,10,0,111,30242,0,0,0
2025-06-11,1806,17,40,3396,97600,4,0,181
2025-06-11,1808,9,19,5874,248064,0,1,2
2025-06-11,1809,79,29,5267,41760,8,3,39
2025-06-11,1810,26,14,17782,75575,0,0,7
2025-06-11,1817,2,0,79,18150,0,0,0
2025-06-11,1903,61,90,5771,65009,22,5,158
2025-06-11,1904,3,0,1731,277068,0,0,2
2025-06-11,1905,38,16,6168,275708,0,1,39
2025-06-11,1906,0,0,4444,37750,0,0,0
2025-06-11,1907,22,2,25538,415092,0,1,21
2025-06-11,1909,77,5,4011,331921,0,0,32
2025-06-11,2002,130,143,18083,3933715,0,19,325
2025-06-11,2006,5,4,585,182553,0,160,173
2025-06-11,2007,0,0,1616,0,0,0,0
2025-06-11,2008,1,0,275,47713,0,0,0
2025-06-11,2009,9,21,4981,89905,5,0,10
2025-06-11,2010,321,176,2079,161913,1,5,8
2025-06-11,2012,1,0,94,75540,0,0,0
2025-06-11,2013,0,12,1627,50000,0,0,0
2025-06-11,2014,38,23,7275,358886,4,13,340
2025-06-11,2015,1,16,1109,145399,0,0,0
2025-06-11,2017,1,9,3662,111718,0,0,0
2025-06-11,2020,43,82,1289,66757,0,44,44
2025-06-11,2022,10,25,2494,84292,0,0,2
2025-06-11,2023,7,87,3134,487999,0,15,23
2025-06-11,2024,0,0,11,24375,0,0,0
2025-06-11,2025,0,0,0,0,0,0,0
2025-06-11,2027,953,1523,21527,608565,106,45,108
2025-06-11,2028,6,0,1176,81428,0,0,3
2025-06-11,2029,13,0,715,80295,0,0,0
2025-06-11,2030,28,13,1222,70131,0,0,0
2025-06-11,2031,13,2,2974,80286,0,0,10
2025-06-11,2032,9,5,1859,32630,2,0,5
2025-06-11,2033,33,30,7607,20173,0,0,2
2025-06-11,2034,27,25,3600,130886,2,0,50
2025-06-11,2038,1,11,4218,47581,0,0,1
2025-06-11,2049,136,190,5904,88448,19,45,262
2025-06-11,2059,57,16,565,23824,4,0,38
2025-06-11,2062,20,3,3601,49998,0,0,9
2025-06-11,2069,4,5,661,41596,0,0,0
2025-06-11,2101,270,114,29507,208483,2,0,192
2025-06-11,2102,0,12,3725,118332,0,0,19
2025-06-11,2103,57,10,4458,206427,0,0,0
2025-06-11,2104,24,10,10772,246183,0,0,11
2025-06-11,2105,186,89,1828,810353,0,0,0
2025-06-11,2106,3,50,1998,238722,0,0,0
2025-06-11,2107,3,31,764,75898,0,0,0
2025-06-11,2108,30,3,2940,123104,0,0,46
2025-06-11,2109,7,56,1352,69837,0,0,0
2025-06-11,2114,1,0,28,19497,0,0,0
2025-06-11,2115,0,0,270,26093,0,0,0
2025-06-11,2201,33,84,8771,267500,8,0,435
2025-06-11,2204,4,12,4307,138405,10,0,80
2025-06-11,2206,159,38,22639,199372,0,2,14
2025-06-11,2207,2,1,37,139275,0,0,0
2025-06-11,2208,0,0,0,0,0,0,0
2025-06-11,2211,51,44,727,104272,0,0,21
2025-06-11,2228,4,20,1214,19882,5,0,30
2025-06-11,2231,13,35,1717,35229,4,0,83
2025-06-11,2233,10,31,1755,15072,4,0,13
2025-06-11,2236,15,23,3424,13377,0,0,10
2025-06-11,2239,8,12,1312,30086,0,0,0
2025-06-11,2241,1,6,4947,26150,0,0,16
2025-06-11,2243,4,3,801,17343,0,0,1
2025-06-11,2247,0,1,73,20177,0,0,0
2025-06-11,2250,20,29,2228,8651,0,3,5
2025-06-11,2254,0,0,4711,15976,0,0,0
2025-06-11,2301,157,2947,7543,585294,35,5,659
2025-06-11,2302,11,4,3090,41575,1,0,0
2025-06-11,2303,221,1682,29182,3139126,171,58,2901
2025-06-11,2305,9,80,1876,51415,5,0,14
2025-06-11,2308,53,467,2113,649385,99,0,22
2025-06-11,2312,281,239,46127,376209,6,48,459
2025-06-11,2313,373,575,22875,297955,11,72,279
2025-06-11,2314,0,0,0,0,0,0,0
2025-06-11,2316,17,17,3089,45685,1,0,59
2025-06-11,2317,653,872,62633,3472925,117,18,1824
2025-06-11,2321,0,0,0,0,0,0,0
2025-06-11,2323,146,4,20487,272337,17,2,203
2025-06-11,2324,1910,525,17683,1101786,11,4,559
2025-06-11,2327,232,163,6794,129560,0,0,0
2025-06-11,2328,659,1083,20424,129586,2,8,97
2025-06-11,2329,738,1738,27881,140057,525,192,1036
2025-06-11,2330,571,794,19280,6483183,0,0,0
2025-06-11,2331,281,198,10683,139350,11,33,115
2025-06-11,2332,270,231,17874,150592,7,0,102
2025-06-11,2337,562,603,21491,463942,100,34,3983
2025-06-11,2338,53,161,6659,64114,21,7,188
2025-06-11,2340,23,50,6748,94655,2,2,29
2025-06-11,2342,5,42,3945,39347,0,0,1
2025-06-11,2344,2199,5151,50728,1125000,93,77,3627
2025-06-11,2345,394,367,2875,140279,7,18,376
2025-06-11,2347,2,8,462,416986,3,0,18
2025-06-11,2348,60,53,1270,37974,4,2,277
2025-06-11,2349,0,0,0,0,0,0,0
2025-06-11,2351,31,48,4302,45535,2,0,128
2025-06-11,2352,74,271,13433,481861,0,0,58
2025-06-11,2353,166,218,21233,761963,26,1,192
2025-06-11,2354,1247,1116,25713,353621,87,51,331
2025-06-11,2355,23,192,4191,99373,0,0,10
2025-06-11,2356,301,319,27710,896868,50,1,662
2025-06-11,2357,55,68,994,185690,15,4,55
2025-06-11,2359,311,271,9059,42867,32,16,1148
2025-06-11,2360,47,94,925,106330,0,6,14
2025-06-11,2362,22,65,3537,155565,2,0,17
2025-06-11,2363,133,448,18400,128747,3,10,287
2025-06-11,2364,148,37,725,10074,0,2,3
2025-06-11,2365,133,149,11818,55382,24,19,652
2025-06-11,2367,123,307,28320,177351,12,4,103
2025-06-11,2368,776,807,5057,122959,61,40,1411
2025-06-11,2369,659,800,6343,95025,4,51,118
2025-06-11,2371,1797,517,79818,584884,0,0,0
2025-06-11,2373,0,0,55,59050,0,0,0
2025-06-11,2374,2297,1780,15096,72344,433,342,777
2025-06-11,2375,13,19,2513,27168,0,0,7
2025-06-11,2376,524,682,9133,167472,46,61,352
2025-06-11,2377,373,447,5391,211214,13,40,84
2025-06-11,2379,15,43,3153,128215,2,1,53
2025-06-11,2380,0,0,0,0,0,0,0
2025-06-11,2382,648,439,16126,965656,74,14,2068
2025-06-11,2383,507,270,2838,86693,12,71,1016
2025-06-11,2385,107,74,1924,190013,3,0,0
2025-06-11,2387,50,56,1995,48812,0,0,1
2025-06-11,2388,154,392,12301,138900,26,30,73
2025-06-11,2390,15,3,2201,48154,0,0,2
2025-06-11,2392,399,292,12348,128081,17,9,87
2025-06-11,2393,70,27,1067,110848,1,6,90
2025-06-11,2395,3,17,489,216041,0,0,3
2025-06-11,2397,8,2,1405,28672,0,0,0
2025-06-11,2399,32,47,7710,44525,0,0,159
2025-06-11,2401,85,55,10365,147998,1,0,37
2025-06-11,2402,74,84,8593,76884,5,5,51
2025-06-11,2404,391,389,1337,47646,6,3,191
2025-06-11,2405,35,138,12714,85856,22,0,9
2025-06-11,2406,46,23,10175,87726,8,8,114
2025-06-11,2408,8079,6451,29009,774656,706,122,16050
2025-06-11,2409,865,422,59610,1916970,36,14,571
2025-06-11,2412,10,15,674,1939361,18,0,140
2025-06-11,2413,9,1,2609,31839,1,0,10
2025-06-11,2414,11,205,493,40433,0,1,2
2025-06-11,2415,5,0,2224,22500,0,0,0
2025-06-11,2417,26,16,5017,39404,4,0,29
2025-06-11,2419,222,210,5460,80329,22,24,213
2025-06-11,2420,4,0,548,38162,0,0,3
2025-06-11,2421,311,252,6802,68360,0,0,0
2025-06-11,2423,6,0,98,36261,0,0,0
2025-06-11,2424,0,0,0,0,0,0,0
2025-06-11,2425,110,100,3759,24124,0,1,93
2025-06-11,2426,96,19,4694,75155,0,0,14
2025-06-11,2427,1139,655,5661,49204,11,180,339
2025-06-11,2428,35,14,2403,32028,0,0,2
2025-06-11,2429,1230,702,11231,13075,847,161,1501
2025-06-11,2430,1,0,184,29200,0,0,0
2025-06-11,2431,44,23,4261,27731,0,0,5
2025-06-11,2432,0,0,22,15465,0,0,0
2025-06-11,2433,0,0,5,36124,0,0,0
2025-06-11,2434,0,0,4,2377,0,0,0
2025-06-11,2436,351,211,4230,44502,42,20,134
2025-06-11,2438,0,0,0,0,0,0,0
2025-06-11,2439,206,258,3897,63372,5,0,35
2025-06-11,2440,0,0,0,0,0,0,0
2025-06-11,2441,15,3,616,142211,0,0,16
2025-06-11,2442,2,2,10299,63294,2,0,473
2025-06-11,2444,0,0,0,0,0,0,0
2025-06-11,2449,1510,1229,13359,305686,147,34,297
2025-06-11,2450,1,0,63,64563,0,0,0
2025-06-11,2451,222,75,2590,107460,1,7,9
2025-06-11,2453,22,85,3345,25000,1,0,42
2025-06-11,2454,535,238,6210,400414,4,50,177
2025-06-11,2455,1051,1059,9213,46226,63,117,235
2025-06-11,2457,88,121,9366,98422,0,2,13
2025-06-11,2458,123,7,1776,75970,1,4,76
2025-06-11,2459,2,0,151,26398,0,0,0
2025-06-11,2460,12,2,5350,42300,0,0,0
2025-06-11,2461,14,51,2724,43504,0,22,30
2025-06-11,2462,74,22,1809,30326,0,6,8
2025-06-11,2464,134,198,9524,51132,26,3,152
2025-06-11,2465,0,0,633,0,0,0,0
2025-06-11,2466,71,67,5730,40952,7,31,212
2025-06-11,2467,542,212,2033,39188,19,8,89
2025-06-11,2468,189,210,5714,17490,130,58,578
2025-06-11,2471,20,19,2373,11813,4,0,51
2025-06-11,2472,47,28,6690,41183,0,0,13
2025-06-11,2474,44,63,1750,162286,5,6,53
2025-06-11,2476,174,219,15394,52724,2,11,155
2025-06-11,2477,7,0,1487,39643,0,0,1
2025-06-11,2478,59,126,1027,36182,0,0,0
2025-06-11,2480,10,25,273,26590,0,0,3
2025-06-11,2481,69,92,4536,95528,6,3,106
2025-06-11,2482,8,10,1916,19470,0,0,56
2025-06-11,2483,0,0,949,27273,0,0,0
2025-06-11,2484,17,6,2298,39855,0,0,0
2025-06-11,2485,4,6,6481,79422,0,0,16
2025-06-11,2486,352,326,19642,58489,92,14,752
2025-06-11,2488,5,1,1200,19999,0,0,3
2025-06-11,2489,53,158,15999,170000,0,2,79
2025-06-11,2491,0,0,80,0,0,0,0
2025-06-11,2492,16,43,5884,121451,0,0,24
2025-06-11,2493,50,40,1365,28609,0,0,8
2025-06-11,2495,160,82,5878,68387,12,0,0
2025-06-11,2496,5,8,189,4775,0,0,0
2025-06-11,2497,11,5,2399,30699,0,0,0
2025-06-11,2498,214,421,22352,208799,55,60,928
2025-06-11,2501,28,2,8607,289890,0,0,214
2025-06-11,2504,42,50,4083,295000,2,1,232
2025-06-11,2505,3,0,3616,95000,0,0,9
2025-06-11,2506,2,17,2400,75125,0,0,0
2025-06-11,2509,0,3,669,56137,0,0,0
2025-06-11,2511,62,2,3896,405831,0,0,0
2025-06-11,2514,0,1,21480,98682,0,0,1
2025-06-11,2515,251,261,25468,382724,39,0,195
2025-06-11,2516,0,0,0,0,0,0,0
2025-06-11,2520,265,807,4562,138542,40,7,147
2025-06-11,2524,100,313,4231,92354,3,0,59
2025-06-11,2527,0,2,714,67576,0,0,0
2025-06-11,2528,27,5,2594,103339,0,0,28
2025-06-11,2530,27,92,4697,193580,10,0,15
2025-06-11,2534,24,79,7938,118556,0,0,1
2025-06-11,2535,17,9,300,67698,0,0,0
2025-06-11,2536,1,0,3876,83202,0,0,0
2025-06-11,2537,329,837,8607,75139,0,16,55
2025-06-11,2538,27,5,4464,111256,1,0,2
2025-06-11,2539,10,12,3519,248563,1,0,7
2025-06-11,2540,26,94,4249,168727,5,6,102
2025-06-11,2542,33,26,11770,517638,4,0,37
2025-06-11,2543,1137,1089,29986,113757,67,28,1805
2025-06-11,2545,81,30,2411,81933,0,0,0
2025-06-11,2546,9,2,360,30784,0,0,0
2025-06-11,2547,304,233,25335,258773,0,0,21
2025-06-11,2548,24,11,1931,76123,0,0,41
2025-06-11,2597,47,68,534,64732,0,15,15
2025-06-11,2601,15,33,7815,206194,0,0,0
2025-06-11,2603,1015,871,17739,541260,289,26,925
2025-06-11,2605,55,141,11490,146338,8,0,94
2025-06-11,2606,89,291,5706,211263,97,1,104
2025-06-11,2607,239,60,3523,266785,0,0,0
2025-06-11,2608,12,1,1011,116750,0,0,0
2025-06-11,2609,2263,1334,43941,873026,811,35,2267
2025-06-11,2610,1641,1156,50141,1520980,39,1,302
2025-06-11,2611,1,72,3092,47250,0,0,8
2025-06-11,2612,15,19,1159,49371,0,0,0
2025-06-11,2613,81,97,3565,37105,0,3,139
2025-06-11,2614,17,8,4766,75060,0,0,9
2025-06-11,2615,1344,1409,13283,701536,331,257,3026
2025-06-11,2616,0,0,164,34320,0,0,0
2025-06-11,2617,17,26,1840,104323,0,0,0
2025-06-11,2618,4639,1332,49040,1350111,46,49,1150
2025-06-11,2633,20,35,2529,657073,4,5,23
2025-06-11,2634,199,97,20660,235466,2,1,821
2025-06-11,2636,28,52,1095,35847,0,4,4
2025-06-11,2637,277,346,10624,186602,0,0,0
2025-06-11,2642,0,0,456,23866,0,1,8
2025-06-11,2645,102,139,1545,93642,0,0,21
2025-06-11,2646,1281,0,1281,752183,0,0,0
2025-06-11,2701,0,0,1024,112491,0,0,0
2025-06-11,2702,1,61,418,39153,0,0,0
2025-06-11,2704,17,0,721,91730,0,0,0
2025-06-11,2705,44,2,982,46634,1,0,13
2025-06-11,2706,0,10,823,124999,0,0,0
2025-06-11,2707,12,5,503,31850,0,0,2
2025-06-11,2712,0,0,20,0,0,0,0
2025-06-11,2722,0,1,713,35792,0,1,3
2025-06-11,2723,3,5,2636,45000,0,0,15
2025-06-11,2727,15,10,410,21112,0,1,42
2025-06-11,2731,578,222,1996,23319,12,36,248
2025-06-11,2739,2,4,1382,22881,0,0,2
2025-06-11,2748,2,4,1834,26444,0,0,0
2025-06-11,2753,31,172,3072,16661,2,0,3
2025-06-11,2762,1,1,222,28125,0,0,0
2025-06-11,2801,99,47,10154,2801439,0,0,25
2025-06-11,2809,196,7,1334,277808,0,0,51
2025-06-11,2812,25,39,3394,1379689,0,0,3
2025-06-11,2816,3,0,719,55902,0,0,0
2025-06-11,2820,7,5,483,335740,0,0,0
2025-06-11,2832,124,44,1255,90550,0,0,0
2025-06-11,2834,32,89,7791,2291995,2,0,32
2025-06-11,2836,2,1,4497,446581,0,0,4
2025-06-11,2838,2,0,784,1012518,0,0,1
2025-06-11,2845,8,2,4781,1068849,0,0,95
2025-06-11,2849,0,0,342,223623,0,0,0
2025-06-11,2850,2,2,63,78990,0,0,0
2025-06-11,2851,4,51,1489,200097,0,0,17
2025-06-11,2852,0,0,495,75290,0,0,0
2025-06-11,2855,10,11,3881,363957,10,3,32
2025-06-11,2867,0,0,0,0,0,0,0
2025-06-11,2880,133,11,1216,3444793,0,0,44
2025-06-11,2881,668,524,10831,3416430,459,1045,3226
2025-06-11,2882,293,905,8104,3667302,361,1526,4911
2025-06-11,2883,4490,773,39027,4201982,2869,15,481
2025-06-11,2884,6,41,3136,3998950,0,26,183
2025-06-11,2885,191,87,2408,3235716,2,2,33
2025-06-11,2886,9,14,1331,3708344,0,0,54
2025-06-11,2887,287,348,37618,3244036,4,430,35181
2025-06-11,2888,322,309,165669,4428119,4,7,503
2025-06-11,2889,1282,712,4598,883047,137,373,462
2025-06-11,2890,48,388,4909,3171462,75,0,361
2025-06-11,2891,421,202,10285,4913319,93,43,2042
2025-06-11,2892,1,48,3660,3507187,0,0,28
2025-06-11,2897,1,20,3625,701339,3,0,4
2025-06-11,2901,4,0,683,18260,0,0,0
2025-06-11,2903,12,64,2268,354235,30,0,25
2025-06-11,2904,1,0,34,19458,0,0,0
2025-06-11,2905,31,54,10493,280623,0,0,65
2025-06-11,2906,1,27,1382,52279,0,0,0
2025-06-11,2908,12,0,7979,127471,0,0,0
2025-06-11,2910,0,0,64,43850,0,0,0
2025-06-11,2911,0,0,0,0,0,0,0
2025-06-11,2912,4,8,563,259905,0,0,15
2025-06-11,2913,131,289,10461,176687,0,0,11
2025-06-11,2915,78,159,7115,276079,0,1,29
2025-06-11,2929,6,1,1151,27373,0,0,0
2025-06-11,2939,0,0,524,11387,0,0,0
2025-06-11,3002,9,8,2313,25500,0,0,0
2025-06-11,3003,15,11,4707,38913,0,10,26
2025-06-11,3004,200,264,3762,13921,117,32,417
2025-06-11,3005,37,157,2689,155053,6,0,84
2025-06-11,3006,744,365,10585,71543,10,42,195
2025-06-11,3008,5,12,674,33367,0,4,31
2025-06-11,3010,14,38,1488,64859,0,4,51
2025-06-11,3011,6,0,2432,28179,0,0,4
2025-06-11,3013,3498,4051,14041,41284,74,345,1280
2025-06-11,3014,15,30,1315,41508,0,4,29
2025-06-11,3015,410,466,2796,46815,0,39,39
2025-06-11,3016,28,27,2782,72135,9,1,42
2025-06-11,3017,1333,1015,8705,97041,12,169,1149
2025-06-11,3018,0,0,6,0,0,0,0
2025-06-11,3019,1297,1414,14077,69810,145,131,437
2025-06-11,3021,1,5,1006,23972,0,0,0
2025-06-11,3022,103,111,5425,44149,5,3,114
2025-06-11,3023,150,30,2472,60017,1,0,24
2025-06-11,3024,123,45,11582,69289,0,0,0
2025-06-11,3025,3,3,2283,14184,0,1,31
2025-06-11,3026,14,1,349,41472,0,0,0
2025-06-11,3027,75,99,5706,25259,27,22,98
2025-06-11,3028,6,10,626,59310,0,0,0
2025-06-11,3029,111,281,4901,38751,10,34,129
2025-06-11,3030,1009,474,7200,59054,0,0,0
2025-06-11,3031,8,16,1803,43300,0,2,6
2025-06-11,3032,1507,848,7676,25821,57,110,539
2025-06-11,3033,28,119,4627,119673,0,15,544
2025-06-11,3034,18,41,1656,152127,2,3,38
2025-06-11,3035,166,602,12269,65137,415,0,3
2025-06-11,3036,194,225,3110,280317,2,9,253
2025-06-11,3037,1621,1334,30295,382419,141,234,1042
2025-06-11,3038,7,44,1536,39351,0,0,1
2025-06-11,3040,54,197,5637,15750,0,4,65
2025-06-11,3041,63,24,4025,29268,18,8,99
2025-06-11,3042,111,7,1687,79498,0,0,0
2025-06-11,3043,1,3,1024,9743,0,0,0
2025-06-11,3044,108,112,4869,131401,21,2,36
2025-06-11,3045,0,79,292,930815,0,15,57
2025-06-11,3046,110,91,2313,19612,7,0,8
2025-06-11,3047,49,66,9780,55925,3,19,716
2025-06-11,3048,193,42,4097,61207,8,7,16
2025-06-11,3049,0,1,3283,0,0,0,0
2025-06-11,3050,30,4,5535,38746,15,0,0
2025-06-11,3051,11,2,2979,34659,0,0,30
2025-06-11,3052,821,145,3477,58811,3,4,13
2025-06-11,3054,0,0,0,0,0,0,0
2025-06-11,3055,64,74,6654,25610,0,21,150
2025-06-11,3056,130,61,8510,88991,12,2,30
2025-06-11,3057,0,0,0,0,0,0,0
2025-06-11,3058,0,0,2621,0,0,0,0
2025-06-11,3059,936,628,12194,76436,5,45,159
2025-06-11,3060,11,61,6828,34390,0,0,18
2025-06-11,3062,1200,851,12207,82574,0,65,157
2025-06-11,3090,136,168,3333,45649,0,1,95
2025-06-11,3092,14,6,1552,26638,6,0,22
2025-06-11,3094,13,41,1888,20779,0,2,5
2025-06-11,3130,1,0,12,8297,0,0,0
2025-06-11,3138,22,17,896,12577,0,0,6
2025-06-11,3149,0,209,11664,0,0,0,60
2025-06-11,3150,0,0,89,11094,0,0,0
2025-06-11,3164,0,0,508,21627,0,0,0
2025-06-11,3167,3317,1519,10502,22063,266,226,1520
2025-06-11,3168,0,0,16,19524,0,0,0
2025-06-11,3189,2272,1268,9979,114151,26,204,408
2025-06-11,3209,32,31,2556,58678,0,0,20
2025-06-11,3229,0,0,0,0,0,0,0
2025-06-11,3231,1784,1125,44234,723608,74,96,882
2025-06-11,3257,701,560,4852,19955,16,63,155
2025-06-11,3266,0,4,976,88078,0,0,3
2025-06-11,3296,1,0,2069,24181,0,0,0
2025-06-11,3305,79,9,3959,33559,17,6,48
2025-06-11,3308,4,2,625,15000,2,0,0
2025-06-11,3311,2,2,4040,17000,0,0,0
2025-06-11,3312,364,152,6237,40656,3,12,67
2025-06-11,3321,0,0,0,0,0,0,0
2025-06-11,3338,38,34,2893,21977,1,3,9
2025-06-11,3346,8,0,2674,30307,0,0,4
2025-06-11,3356,9,16,3179,19985,3,0,20
2025-06-11,3376,1648,918,10263,48937,72,34,843
2025-06-11,3380,317,523,4932,135429,15,14,184
2025-06-11,3406,22,35,3606,28185,8,2,250
2025-06-11,3413,44,36,1420,24976,1,0,15
2025-06-11,3416,114,27,831,19936,0,0,9
2025-06-11,3419,0,4,4150,0,0,0,0
2025-06-11,3432,0,0,0,0,0,0,0
2025-06-11,3437,5,3,2719,36137,0,0,6
2025-06-11,3443,31,147,1759,33502,7,2,52
2025-06-11,3447,30,30,3095,19332,6,5,129
2025-06-11,3450,1553,1061,13058,36420,72,128,1006
2025-06-11,3454,9,5,1052,21641,0,0,3
2025-06-11,3481,1077,1181,172970,1997299,13,7,150
2025-06-11,3494,0,0,0,0,0,0,0
2025-06-11,3501,13,1,411,29564,0,0,0
2025-06-11,3504,24,10,1557,28514,0,2,91
2025-06-11,3515,265,183,1340,30893,3,8,15
2025-06-11,3518,1,10,4020,23265,0,0,0
2025-06-11,3528,217,246,2995,16659,60,3,201
2025-06-11,3530,7,3,1075,19368,0,0,0
2025-06-11,3532,4,12,2167,96962,2,0,13
2025-06-11,3533,109,101,1661,28133,0,6,17
2025-06-11,3535,406,748,4477,19763,363,210,661
2025-06-11,3543,12,8,1865,22315,0,0,0
2025-06-11,3545,35,23,5870,55354,0,2,42
2025-06-11,3550,125,63,6701,21887,0,1,22
2025-06-11,3557,8,11,641,17142,0,0,0
2025-06-11,3563,667,585,5739,11182,0,0,0
2025-06-11,3576,0,0,0,0,0,0,0
2025-06-11,3583,232,149,2692,20082,4,11,106
2025-06-11,3588,4,2,1606,15106,0,0,0
2025-06-11,3591,6,52,18993,36402,4,0,1
2025-06-11,3592,7,10,756,18963,0,2,20
2025-06-11,3593,0,0,0,0,0,0,0
2025-06-11,3596,68,21,1110,55088,1,0,18
2025-06-11,3605,958,1017,7639,38327,5,77,141
2025-06-11,3607,16,54,3796,30415,0,0,5
2025-06-11,3617,11,57,2129,23541,1,1,8
2025-06-11,3622,5,10,1714,37831,0,1,19
2025-06-11,3645,188,436,9226,33196,3,10,270
2025-06-11,3652,52,30,963,18774,0,0,0
2025-06-11,3653,147,139,941,35730,0,10,107
2025-06-11,3661,371,169,4835,19662,9,16,164
2025-06-11,3665,644,538,3443,47525,52,17,307
2025-06-11,3669,0,0,856,23229,0,0,0
2025-06-11,3673,230,127,10071,101665,0,0,12
2025-06-11,3679,51,41,174,15755,0,0,0
2025-06-11,3686,0,0,0,0,0,0,0
2025-06-11,3694,937,1406,5895,38119,39,14,101
2025-06-11,3701,24,50,3064,53881,0,0,2
2025-06-11,3702,2,39,1444,419764,0,1,99
2025-06-11,3703,1,0,1552,205803,0,0,1
2025-06-11,3704,70,156,10119,103141,2,2,272
2025-06-11,3705,23,31,1440,66605,4,0,10
2025-06-11,3706,1458,3605,39583,301639,30,50,822
2025-06-11,3708,144,430,7653,27584,6,1,21
2025-06-11,3711,71,276,4500,1105441,23,356,409
2025-06-11,3712,324,496,5843,61560,36,103,123
2025-06-11,3714,218,85,10889,166985,8,2,20
2025-06-11,3715,91,284,13198,69418,7,1,40
2025-06-11,3716,7,9,920,37260,0,0,2
2025-06-11,4104,2,4,116,40849,0,0,0
2025-06-11,4106,0,1,531,25227,0,0,0
2025-06-11,4108,0,0,0,0,0,0,0
2025-06-11,4119,2,0,728,29877,2,0,6
2025-06-11,4133,17,39,1045,15138,0,0,0
2025-06-11,4137,1,1,973,20623,0,0,0
2025-06-11,4142,51,20,4737,107376,2,3,37
2025-06-11,4148,0,0,569,16008,0,0,0
2025-06-11,4155,0,1,812,36764,0,0,1
2025-06-11,4164,469,682,10217,45247,18,65,80
2025-06-11,4190,0,0,606,15488,0,0,0
2025-06-11,4306,159,171,5534,169802,8,1,12
2025-06-11,4414,0,0,0,0,0,0,0
2025-06-11,4426,1,1,1456,43169,0,0,0
2025-06-11,4438,7,32,664,25856,0,0,0
2025-06-11,4439,1,1,327,9508,0,0,0
2025-06-11,4440,4,0,401,16899,0,0,0
2025-06-11,4526,419,83,8077,63706,12,17,527
2025-06-11,4532,502,235,5753,126228,3,20,49
2025-06-11,4536,203,57,726,22705,0,1,1
2025-06-11,4540,37,142,5346,27284,64,28,266
2025-06-11,4545,8,2,1214,19250,1,1,1
2025-06-11,4551,10,1,763,28805,0,0,1
2025-06-11,4552,6,12,1834,29000,0,0,0
2025-06-11,4555,2,1,1870,17496,0,0,11
2025-06-11,4557,13,5,279,11992,0,0,0
2025-06-11,4560,13,3,534,17024,0,0,10
2025-06-11,4562,525,481,3262,21886,55,36,810
2025-06-11,4564,21,27,6644,58197,0,0,4
2025-06-11,4566,23,35,5772,27452,1,0,3
2025-06-11,4569,1,2,679,7750,0,0,2
2025-06-11,4571,160,77,2294,13254,2,1,9
2025-06-11,4572,12,51,794,9750,0,0,13
2025-06-11,4576,200,128,3554,29950,6,9,361
2025-06-11,4581,0,0,77,8474,0,0,0
2025-06-11,4583,109,90,1460,20042,11,1,214
2025-06-11,4588,11,6,251,10746,0,0,0
2025-06-11,4720,12,8,2731,28629,0,0,0
2025-06-11,4722,1449,1608,3221,25264,36,169,266
2025-06-11,4736,41,16,481,23843,0,0,4
2025-06-11,4737,23,9,572,15272,0,10,10
2025-06-11,4739,27,21,1073,28969,0,0,11
2025-06-11,4746,52,28,3045,30063,0,1,12
2025-06-11,4755,1,7,344,25176,0,0,0
2025-06-11,4763,134,228,5184,24728,7,0,14
2025-06-11,4764,0,0,110,21385,0,0,0
2025-06-11,4766,12,4,166,30142,0,0,0
2025-06-11,4770,153,83,850,19994,2,3,13
2025-06-11,4771,2,0,737,14511,0,0,0
2025-06-11,4807,15,28,651,9599,7,1,11
2025-06-11,4904,0,12,898,878066,0,0,43
2025-06-11,4906,48,54,11350,106935,6,0,152
2025-06-11,4912,32,26,2577,15548,1,0,5
2025-06-11,4915,31,68,1652,116850,0,0,4
2025-06-11,4916,267,270,17095,27650,146,42,836
2025-06-11,4919,241,322,4823,104941,4,12,91
2025-06-11,4927,30,40,12701,54984,1,0,226
2025-06-11,4930,0,0,2856,20000,0,0,0
2025-06-11,4934,0,0,67,0,0,0,0
2025-06-11,4935,0,0,494,32216,0,0,0
2025-06-11,4938,38,66,1766,665789,10,0,0
2025-06-11,4942,0,0,842,35591,0,0,0
2025-06-11,4943,0,0,0,0,0,0,0
2025-06-11,4949,1008,914,3706,16762,57,458,1432
2025-06-11,4952,0,4,1592,27203,0,0,1
2025-06-11,4956,275,248,7210,25102,2,26,74
2025-06-11,4958,189,324,6377,239163,0,0,0
2025-06-11,4960,113,200,14005,142926,0,0,17
2025-06-11,4961,4,32,1027,30313,0,1,53
2025-06-11,4967,55,66,5281,21240,17,1,78
2025-06-11,4968,91,107,5742,23052,6,8,113
2025-06-11,4976,13,8,3005,35352,0,0,126
2025-06-11,4977,1769,1286,7922,20047,93,74,214
2025-06-11,4989,0,0,1065,34444,0,0,13
2025-06-11,4994,0,0,2519,16595,0,0,0
2025-06-11,4999,1,3,305,18604,0,0,0
2025-06-11,5007,2,0,83,73735,0,0,0
2025-06-11,5203,20,59,2677,19774,4,1,5
2025-06-11,5215,13,1,676,16084,0,0,0
2025-06-11,5222,1,25,2308,20378,1,0,16
2025-06-11,5225,26,21,2895,19604,0,5,106
2025-06-11,5234,142,239,2991,25678,65,53,387
2025-06-11,5243,230,153,4025,42132,0,25,51
2025-06-11,5244,341,173,3025,17060,2,85,375
2025-06-11,5258,67,50,5731,27591,0,0,26
2025-06-11,5269,47,51,532,18665,1,1,32
2025-06-11,5283,0,4,49,18250,0,0,0
2025-06-11,5284,540,321,3062,12732,29,171,691
2025-06-11,5285,2,11,845,25510,0,0,0
2025-06-11,5288,38,68,805,17287,0,0,1
2025-06-11,5292,4,0,396,9570,0,0,0
2025-06-11,5306,6,9,414,31500,0,0,0
2025-06-11,5388,45,42,2627,75012,8,0,86
2025-06-11,5434,26,19,546,47833,0,0,2
2025-06-11,5469,482,583,9282,121541,9,24,275
2025-06-11,5471,14,5,2226,41969,1,0,0
2025-06-11,5484,0,0,0,0,0,0,0
2025-06-11,5515,6,17,1537,50400,0,0,2
2025-06-11,5519,25,12,1941,54799,3,0,0
2025-06-11,5521,385,312,9465,123070,80,0,115
2025-06-11,5522,26,28,1421,195399,26,51,185
2025-06-11,5525,1,0,317,74323,0,0,0
2025-06-11,5531,45,17,5529,244397,0,0,30
2025-06-11,5533,0,1,413,71311,0,0,0
2025-06-11,5534,9,10,2496,72581,1,0,14
2025-06-11,5538,0,0,97,50300,0,0,0
2025-06-11,5546,0,1,23,20588,0,0,0
2025-06-11,5607,11,24,1913,90821,0,0,0
2025-06-11,5608,26,39,7828,97317,0,0,59
2025-06-11,5706,24,9,1190,20216,0,0,31
2025-06-11,5871,34,134,6851,419465,4,24,143
2025-06-11,5876,7,2,582,1215400,0,0,56
2025-06-11,5880,1,6,2056,3806052,0,0,18
2025-06-11,5906,1,0,280,8760,0,0,0
2025-06-11,5907,66,5,1981,48882,0,1,3
2025-06-11,6005,331,45,1940,542727,3,0,0
2025-06-11,6024,0,1,142,62484,0,0,0
2025-06-11,6108,0,5,2337,39974,1,0,2
2025-06-11,6112,151,177,5095,30589,42,3,281
2025-06-11,6115,1,0,22,46915,0,0,0
2025-06-11,6116,119,479,29360,735082,4,43,172
2025-06-11,6117,865,1038,5526,22879,162,38,1684
2025-06-11,6120,55,32,8844,166388,1,10,15
2025-06-11,6128,0,0,249,31897,0,0,0
2025-06-11,6133,23,23,2124,29251,0,0,0
2025-06-11,6136,49,45,3823,28884,0,0,0
2025-06-11,6139,698,572,7878,58329,115,15,249
2025-06-11,6141,143,30,1733,28338,0,0,0
2025-06-11,6142,0,0,0,0,0,0,0
2025-06-11,6152,0,0,0,0,0,0,0
2025-06-11,6153,80,3,15029,137337,0,13,55
2025-06-11,6155,2,5,1115,21952,0,0,0
2025-06-11,6164,29,10,5763,20000,0,0,4
2025-06-11,6165,156,44,17241,19438,2,7,166
2025-06-11,6166,15,8,3500,50697,0,0,10
2025-06-11,6168,3,1,2385,51517,0,0,0
2025-06-11,6176,20,92,943,116256,2,1,12
2025-06-11,6177,70,93,3241,112213,9,0,190
2025-06-11,6183,1,0,44,37500,0,0,0
2025-06-11,6184,2,0,6,39565,0,0,0
2025-06-11,6189,11,6,2395,54758,0,21,74
2025-06-11,6191,1832,2042,16971,118575,59,57,569
2025-06-11,6192,39,13,300,24038,0,0,0
2025-06-11,6196,60,86,1564,50551,0,7,380
2025-06-11,6197,47,105,3693,30521,14,17,133
2025-06-11,6201,0,1,53,22300,0,0,0
2025-06-11,6202,11,21,2743,56542,0,0,39
2025-06-11,6205,11,25,2424,20558,0,0,1
2025-06-11,6206,727,429,4155,35765,1,21,75
2025-06-11,6209,26,15,5635,43607,0,0,41
2025-06-11,6213,1536,1873,10411,90739,24,169,1314
2025-06-11,6214,11,8,1783,68060,0,0,12
2025-06-11,6215,397,787,6746,20697,80,69,1454
2025-06-11,6216,26,1,1025,24047,17,2,55
2025-06-11,6224,13,11,832,21411,0,0,3
2025-06-11,6225,0,0,0,0,0,0,0
2025-06-11,6226,0,0,0,0,0,0,0
2025-06-11,6230,12,9,501,21585,0,0,2
2025-06-11,6235,34,30,5445,49976,16,1,187
2025-06-11,6239,126,707,2939,189786,2,34,152
2025-06-11,6243,31,10,2045,11317,2,0,4
2025-06-11,6257,49,131,4973,120978,0,1,54
2025-06-11,6269,23,23,5044,80791,4,29,592
2025-06-11,6271,17,21,3689,52264,0,0,0
2025-06-11,6277,1,0,188,29867,0,0,0
2025-06-11,6278,267,40,2690,73099,17,1,64
2025-06-11,6281,0,0,4,24793,0,0,0
2025-06-11,6282,156,98,18284,214659,0,17,82
2025-06-11,6283,16,6,1546,20363,1,1,1
2025-06-11,6285,46,78,5349,121038,7,2,61
2025-06-11,6288,48,90,10041,53711,0,0,9
2025-06-11,6405,293,271,2451,16450,2,0,72
2025-06-11,6409,6,4,53,21928,0,0,0
2025-06-11,6412,45,73,744,100192,0,58,128
2025-06-11,6414,68,26,1102,33164,0,0,13
2025-06-11,6415,96,172,2170,96868,4,2,42
2025-06-11,6416,12,4,4380,18337,0,0,1
2025-06-11,6423,9,0,58,7356,0,0,0
2025-06-11,6426,9,16,1395,9627,1,0,14
2025-06-11,6431,0,0,0,0,0,0,0
2025-06-11,6438,334,430,6690,20551,4,1,47
2025-06-11,6442,407,203,2873,19000,10,6,214
2025-06-11,6443,131,104,15403,128199,5,6,1028
2025-06-11,6446,274,113,5438,83709,0,13,158
2025-06-11,6449,143,165,2110,22988,1,0,27
2025-06-11,6451,216,271,4374,26813,3,54,117
2025-06-11,6456,112,2,3473,84484,8,2,33
2025-06-11,6464,0,0,11,31403,0,0,0
2025-06-11,6472,87,104,3530,25864,4,10,122
2025-06-11,6477,11,16,2782,30946,5,0,102
2025-06-11,6491,26,6,1127,19500,0,0,0
2025-06-11,6504,0,1,31,18150,0,0,3
2025-06-11,6505,224,91,6543,2381489,13,5,213
2025-06-11,6515,70,128,1052,8962,0,1,263
2025-06-11,6525,40,9,631,32261,0,0,0
2025-06-11,6526,25,26,1027,41876,0,0,2
2025-06-11,6531,634,749,9693,40623,21,16,127
2025-06-11,6533,18,71,1963,12662,17,12,83
2025-06-11,6534,11,0,320,25700,0,0,0
2025-06-11,6541,11,0,286,59652,0,0,0
2025-06-11,6550,0,32,816,0,0,0,0
2025-06-11,6552,1,13,2014,20750,0,0,8
2025-06-11,6558,126,173,4498,21612,118,24,657
2025-06-11,6573,0,0,0,0,0,0,0
2025-06-11,6579,4,3,635,42362,0,0,0
2025-06-11,6581,0,1,48,27817,0,0,0
2025-06-11,6582,0,0,233,26543,0,0,1
2025-06-11,6585,28,35,1129,18033,0,0,1
2025-06-11,6591,611,479,4096,9474,60,23,254
2025-06-11,6592,3,0,473,155787,0,0,1
2025-06-11,6598,0,0,0,0,0,0,0
2025-06-11,6605,125,15,1670,41454,0,1,9
2025-06-11,6606,0,0,810,27575,0,0,0
2025-06-11,6625,211,315,1694,14493,0,0,5
2025-06-11,6641,0,0,36,9125,0,0,0
2025-06-11,6645,0,0,49,0,0,0,0
2025-06-11,6655,0,0,4,20545,0,0,0
2025-06-11,6657,127,31,959,22164,8,2,4
2025-06-11,6658,827,1179,2414,9092,39,113,358
2025-06-11,6666,6,0,295,11847,0,0,0
2025-06-11,6668,178,224,4792,19957,22,29,162
2025-06-11,6669,376,215,2160,46460,0,11,153
2025-06-11,6670,43,33,881,34846,0,0,0
2025-06-11,6671,0,0,32,15187,0,0,0
2025-06-11,6672,21,19,1943,17858,0,1,2
2025-06-11,6674,17,51,378,16833,1,7,12
2025-06-11,6689,30,18,1174,17000,0,0,0
2025-06-11,6691,99,177,661,26439,0,1,84
2025-06-11,6695,93,113,3806,21627,2,13,36
2025-06-11,6698,5,9,1352,16597,0,0,1
2025-06-11,6706,313,314,6211,19644,26,50,217
2025-06-11,6715,0,0,2520,16592,0,0,2
2025-06-11,6719,10,5,2680,21096,0,0,16
2025-06-11,6742,17,235,2069,17816,0,5,19
2025-06-11,6743,8,2,1025,37500,0,0,0
2025-06-11,6753,63,21,2190,28284,0,0,2
2025-06-11,6754,1,0,159,16500,0,0,0
2025-06-11,6756,7,7,787,17467,0,0,2
2025-06-11,6757,787,78,7661,114882,42,25,718
2025-06-11,6768,91,122,2207,50023,0,1,15
2025-06-11,6770,279,851,33334,1047016,39,36,1704
2025-06-11,6771,0,0,68,7794,0,0,0
2025-06-11,6776,3,16,430,20395,0,0,0
2025-06-11,6781,108,101,1626,21354,9,0,61
2025-06-11,6782,3,0,766,15750,0,0,6
2025-06-11,6789,351,70,3052,79382,5,6,13
2025-06-11,6790,1,0,424,66782,0,0,0
2025-06-11,6792,21,3,671,11968,0,0,0
2025-06-11,6796,2,5,187,8689,0,0,0
2025-06-11,6799,145,184,3443,10764,0,0,24
2025-06-11,6805,380,651,2741,17138,24,67,239
2025-06-11,6806,288,146,5933,68660,2,18,42
2025-06-11,6807,2,3,96,13500,0,0,0
2025-06-11,6830,15,8,1598,12945,0,1,11
2025-06-11,6834,8,7,1707,22117,0,0,0
2025-06-11,6835,8,26,486,16543,0,0,0
2025-06-11,6838,186,237,1019,37744,9,5,70
2025-06-11,6854,28,61,4502,29419,0,1,39
2025-06-11,6861,1,2,317,10382,0,0,0
2025-06-11,6862,1,3,205,12500,0,0,0
2025-06-11,6863,16,14,962,18722,1,2,3
2025-06-11,6869,226,133,4758,34457,10,1,78
2025-06-11,6873,140,159,2668,29690,6,12,184
2025-06-11,6890,123,110,1331,62350,1,1,33
2025-06-11,6901,74,86,2025,212950,0,2,7
2025-06-11,6906,9,18,695,8384,0,0,0
2025-06-11,6914,10,0,415,16556,0,0,0
2025-06-11,6916,8,39,1008,16875,0,0,6
2025-06-11,6923,0,0,38,22972,0,0,0
2025-06-11,6928,7,0,365,21500,0,0,0
2025-06-11,6933,4,29,523,10534,0,0,6
2025-06-11,6937,55,42,1079,16897,2,2,9
2025-06-11,6951,0,0,54,11500,0,0,0
2025-06-11,6952,7,0,64,17086,0,0,0
2025-06-11,6957,3,10,516,13878,0,0,2
2025-06-11,6958,3,0,26,93354,0,0,0
2025-06-11,6962,1423,0,1423,123099,0,0,0
2025-06-11,7722,0,0,0,17000,0,0,0
2025-06-11,8011,76,41,5329,41480,7,0,0
2025-06-11,8016,15,29,1553,30034,0,0,0
2025-06-11,8021,873,85,2304,35545,0,3,10
2025-06-11,8028,1623,1459,7915,43157,205,20,389
2025-06-11,8033,207,78,1310,36239,0,0,9
2025-06-11,8039,24,55,4019,64162,3,1,8
2025-06-11,8046,150,482,6022,161541,59,26,392
2025-06-11,8070,134,488,7266,181412,8,2,42
2025-06-11,8072,303,266,3011,20000,27,31,1005
2025-06-11,8081,24,16,1194,21543,0,0,2
2025-06-11,8101,0,0,0,0,0,0,0
2025-06-11,8103,14,18,1616,23069,10,0,10
2025-06-11,8104,166,159,2677,22912,5,4,40
2025-06-11,8105,7,11,9763,72140,18,5,79
2025-06-11,8110,109,36,9693,129434,1,0,7
2025-06-11,8112,53,67,4869,131322,12,0,158
2025-06-11,8114,162,334,952,19096,0,19,73
2025-06-11,8131,13,0,698,110555,0,0,0
2025-06-11,8150,47,121,3310,181810,1,1,7
2025-06-11,8163,19,1,1340,70000,0,0,2
2025-06-11,8201,0,0,0,0,0,0,0
2025-06-11,8210,235,445,1671,30246,19,26,293
2025-06-11,8213,17,0,2670,67810,0,0,0
2025-06-11,8215,5,21,1185,80168,0,0,3
2025-06-11,8222,167,153,4931,17143,31,35,670
2025-06-11,8249,298,337,4161,28587,44,8,89
2025-06-11,8261,88,34,3186,20958,3,0,28
2025-06-11,8271,385,344,2944,27922,2,4,25
2025-06-11,8341,0,1,271,32500,0,0,0
2025-06-11,8367,0,0,197,23043,0,0,0
2025-06-11,8374,84,88,2800,22312,4,1,320
2025-06-11,8404,3,5,4973,99984,3,0,2
2025-06-11,8411,0,0,81,54601,0,0,0
2025-06-11,8422,20,17,1317,28019,0,0,9
2025-06-11,8429,55,9,7415,46436,0,0,0
2025-06-11,8438,3,5,613,17485,0,0,0
2025-06-11,8442,8,1,622,16869,0,0,234
2025-06-11,8443,4,0,123,16700,0,0,0
2025-06-11,8454,29,10,765,63089,0,0,0
2025-06-11,8462,5,63,945,19826,0,0,6
2025-06-11,8463,2,9,828,37500,0,0,0
2025-06-11,8464,8,14,2341,73255,0,0,2
2025-06-11,8466,4,0,880,19956,0,0,5
2025-06-11,8467,27,36,743,12957,0,0,0
2025-06-11,8473,7,15,2196,42544,0,0,0
2025-06-11,8476,0,0,4948,41556,0,0,0
2025-06-11,8478,63,45,1024,23721,0,6,20
2025-06-11,8481,0,0,11,16650,0,0,0
2025-06-11,8482,2,0,168,26861,0,0,4
2025-06-11,8487,0,0,2,6633,0,0,0
2025-06-11,8488,0,0,35,18375,0,0,0
2025-06-11,8499,5,3,417,10371,0,0,0
2025-06-11,8926,41,26,1175,182570,0,0,13
2025-06-11,8940,0,2,119,16872,0,0,0
2025-06-11,8996,968,611,6077,22867,20,15,100
2025-06-11,9103,2,23,2703,51382,0,11,109
2025-06-11,910322,0,0,0,0,0,0,0
2025-06-11,9105,1058,959,42459,413841,76,11,175
2025-06-11,910861,0,0,0,0,0,0,0
2025-06-11,911868,0,0,0,0,0,0,0
2025-06-11,912000,35,0,4414,39775,0,0,0
2025-06-11,9136,22,3,10471,40000,0,0,0
2025-06-11,9802,234,479,2160,50247,9,13,36
2025-06-11,9902,41,42,3417,24512,17,17,343
2025-06-11,9904,108,57,19759,736696,0,0,59
2025-06-11,9905,10,0,189,76250,0,0,0
2025-06-11,9906,3,1,431,22594,0,0,1
2025-06-11,9907,710,359,5244,394786,76,1,93
2025-06-11,9908,0,2,15,129089,0,0,0
2025-06-11,9910,8,2,526,246870,0,0,0
2025-06-11,9911,0,0,415,55280,0,0,0
2025-06-11,9912,0,0,0,0,0,0,0
2025-06-11,9914,152,13,1418,74745,33,3,53
2025-06-11,9917,1,1,29,112799,0,0,0
2025-06-11,9918,0,0,2,45134,0,0,0
2025-06-11,9919,288,93,9924,48840,18,6,766
2025-06-11,9921,22,6,1262,98016,8,2,30
2025-06-11,9924,44,13,703,47113,0,0,0
2025-06-11,9925,0,0,4,96872,0,0,0
2025-06-11,9926,0,0,1,44876,0,0,0
2025-06-11,9927,0,1,304,41829,0,0,0
2025-06-11,9928,5,0,496,15481,0,0,0
2025-06-11,9929,0,0,0,0,0,0,0
2025-06-11,9930,4,17,76,62135,0,0,0
2025-06-11,9931,0,0,21,30092,0,0,0
2025-06-11,9933,83,73,4237,203944,4,11,376
2025-06-11,9934,30,0,6035,102754,2,0,0
2025-06-11,9935,126,147,3599,44459,3,0,0
2025-06-11,9937,3,0,244,77260,0,0,0
2025-06-11,9938,34,61,2659,74490,40,1,45
2025-06-11,9939,4,57,482,73946,1,0,23
2025-06-11,9940,2,21,125,184211,0,0,0
2025-06-11,9941,17,9,531,137056,0,0,4
2025-06-11,9942,0,0,279,20790,0,0,0
2025-06-11,9943,0,0,65,31304,0,0,0
2025-06-11,9944,0,0,6289,26477,0,0,0
2025-06-11,9945,174,820,19481,711056,3,1,35
2025-06-11,9946,10,23,3185,81638,0,0,8
2025-06-11,9955,35,37,2128,26128,2,2,159
2025-06-11,9958,1354,710,19889,64224,35,59,1010
