date,stock_id,m_buy,m_sell,m_balance,m_limit,s_buy,s_sell,s_balance
2025-05-02,00980A,0,0,0,34557,0,0,0
2025-05-05,00980A,86,0,86,34557,0,0,0
2025-05-06,00980A,354,31,409,32682,0,0,0
2025-05-07,00980A,174,121,462,32682,0,1,1
2025-05-08,00980A,517,68,911,32682,0,0,1
2025-05-09,00980A,433,59,1285,32682,0,0,1
2025-05-12,00980A,680,232,1733,34682,1,0,0
2025-05-13,00980A,475,543,1665,42807,0,0,0
2025-05-14,00980A,590,192,2063,43432,0,2,2
2025-05-15,00980A,597,106,2554,45057,0,0,2
2025-05-16,00980A,109,274,2389,48682,0,0,2
2025-05-19,00980A,367,503,2253,49182,0,0,2
2025-05-20,00980A,94,57,2289,49182,0,0,2
2025-05-21,00980A,161,127,2323,49182,0,0,2
2025-05-22,00980A,17,102,2238,49182,0,0,2
2025-05-23,00980A,22,75,2185,49182,0,0,2
2025-05-26,00980A,132,35,2281,49182,0,0,2
2025-05-27,00980A,24,145,2160,49182,0,0,2
2025-05-28,00980A,5,20,2145,49182,0,0,2
2025-05-29,00980A,247,142,2250,49182,0,0,2
2025-06-02,00980A,116,67,2299,49182,2,0,0
2025-06-03,00980A,171,316,2149,49182,0,3,3
2025-06-04,00980A,225,133,2241,49432,0,0,3
2025-06-05,00980A,29,154,2116,49432,0,2,5
2025-06-06,00980A,25,9,2131,49432,0,0,5
2025-06-09,00980A,54,52,2133,49432,0,4,9
2025-06-10,00980A,229,38,2324,49432,0,6,15
2025-06-11,00980A,14,560,1778,49432,0,2,17
2025-06-12,00980A,44,104,1718,49432,0,0,17
2025-06-13,00980A,62,71,1709,49432,0,0,17
2025-06-16,00980A,46,144,1611,49432,0,0,17
2025-06-17,00980A,84,8,1687,49432,0,0,17
2025-06-18,00980A,25,31,1681,49807,0,0,17
2025-06-19,00980A,24,226,1479,49807,0,0,17
2025-06-20,00980A,20,61,1438,49807,12,0,5
2025-06-23,00980A,21,257,1202,49807,0,0,5
2025-06-24,00980A,57,18,1241,49807,0,0,5
2025-06-25,00980A,51,31,1261,49807,0,2,7
2025-06-26,00980A,3,134,1130,49807,0,0,7
2025-06-27,00980A,43,29,1144,49807,0,0,7
2025-06-30,00980A,50,30,1164,49807,0,0,7
2025-07-01,00980A,124,103,1185,49932,0,0,7
2025-07-02,00980A,49,50,1184,50057,0,0,7
2025-07-03,00980A,63,33,1214,50182,0,0,7
2025-07-04,00980A,41,67,1188,50432,2,0,5
2025-07-07,00980A,33,43,1178,50557,0,0,5
2025-07-08,00980A,74,77,1175,50557,0,0,5
2025-07-09,00980A,35,21,1189,50557,0,0,5
2025-07-10,00980A,171,38,1322,50682,0,0,5
2025-07-11,00980A,228,88,1462,52307,0,0,5
2025-07-14,00980A,39,236,1265,52307,0,0,5
2025-07-15,00980A,69,40,1294,52307,0,0,5
2025-07-16,00980A,79,142,1231,52307,0,0,5
2025-07-17,00980A,76,38,1269,52432,0,0,5
2025-07-18,00980A,94,41,1322,52432,0,0,5
2025-07-21,00980A,13,129,1206,52807,0,2,7
2025-07-22,00980A,148,71,1283,54307,2,0,5
2025-07-23,00980A,82,14,1349,54307,0,0,5
2025-07-24,00980A,16,10,1355,54432,0,0,5
2025-07-25,00980A,77,243,1189,54557,0,0,5
2025-07-28,00980A,87,20,1256,55057,0,0,5
2025-07-29,00980A,39,20,1274,56182,0,0,5
2025-07-30,00980A,37,11,1300,56182,0,0,5
2025-07-31,00980A,1048,146,2202,56182,0,0,5
2025-08-01,00980A,91,7,2286,56432,0,0,5
2025-08-04,00980A,174,46,2414,57307,0,0,5
2025-08-05,00980A,191,89,2516,58182,0,2,7
2025-08-06,00980A,85,68,2533,58807,0,2,9
2025-08-07,00980A,59,57,2535,61557,0,0,9
2025-08-08,00980A,164,120,2579,62807,0,0,9
2025-08-11,00980A,52,172,2459,63057,0,0,9
2025-08-12,00980A,60,126,1443,63432,0,0,9
2025-08-13,00980A,378,27,1789,65057,0,2,11
2025-08-14,00980A,41,22,1798,65807,0,0,11
2025-08-15,00980A,119,30,1887,67807,0,2,13
2025-08-18,00980A,1698,118,3467,71807,0,2,15
2025-08-19,00980A,303,49,3721,77057,0,0,15
2025-08-20,00980A,252,564,3409,77057,10,0,5
2025-08-21,00980A,42,11,3440,79182,0,0,5
2025-08-22,00980A,9,145,3259,79182,0,0,5
2025-08-25,00980A,285,105,3439,79432,0,0,5
2025-08-26,00980A,37,60,3416,79432,0,0,5
2025-08-27,00980A,146,159,3403,79432,0,0,5
2025-08-28,00980A,86,9,3480,79432,0,0,5
2025-08-29,00980A,165,197,3448,79432,0,0,5
2025-09-01,00980A,173,170,3451,79432,0,0,5
2025-09-02,00980A,47,79,3419,79682,0,0,5
2025-09-03,00980A,196,180,3435,79932,0,1,6
2025-09-04,00980A,238,220,3453,80807,0,0,6
2025-09-05,00980A,456,170,3739,80807,1,0,5
2025-09-08,00980A,215,96,3857,81807,0,0,5
2025-09-09,00980A,998,1330,3515,83432,0,0,5
2025-09-10,00980A,1440,109,4846,83557,0,10,15
2025-09-11,00980A,114,230,4730,83682,0,0,15
2025-09-12,00980A,327,97,4960,83682,10,11,16
2025-09-15,00980A,102,81,4981,83682,11,4,9
2025-09-16,00980A,74,36,4219,83432,0,0,9
2025-09-17,00980A,109,205,4123,83307,0,3,12
2025-09-18,00980A,206,128,3661,83307,7,2,7
2025-09-19,00980A,61,196,3526,83307,2,0,5
2025-09-22,00980A,1028,88,3756,84932,0,0,5
2025-09-23,00980A,75,28,3803,84932,0,0,5
2025-09-24,00980A,72,169,3706,84932,0,0,5
2025-09-25,00980A,50,518,3238,84932,0,0,5
2025-09-26,00980A,86,235,2539,84932,0,0,5
2025-09-30,00980A,17,75,2481,85307,0,0,5
2025-10-01,00980A,121,106,2046,85307,0,0,5
2025-10-02,00980A,54,78,2022,85307,0,7,12
2025-10-03,00980A,365,222,2163,85182,0,0,12
2025-10-07,00980A,211,73,2301,85182,0,5,17
2025-10-08,00980A,31,32,2300,84557,0,0,17
2025-10-09,00980A,68,26,2342,84307,0,0,17
2025-10-13,00980A,247,330,2259,84307,0,0,17
2025-10-14,00980A,48,196,2091,84307,0,0,17
2025-10-15,00980A,26,287,1830,84307,0,0,17
2025-10-16,00980A,73,63,1840,84307,0,0,17
2025-10-17,00980A,41,33,1848,84432,0,0,17
2025-10-20,00980A,21,14,1855,84432,0,0,17
2025-10-21,00980A,38,86,1807,84432,0,0,17
2025-10-22,00980A,41,27,1821,84807,0,0,17
2025-10-23,00980A,63,285,1599,85057,0,0,17
2025-10-27,00980A,40,29,1610,85057,0,0,17
2025-10-28,00980A,73,42,1641,85057,0,0,17
2025-10-29,00980A,72,46,1667,85307,0,0,17
2025-10-30,00980A,147,104,1710,85557,0,0,17
2025-10-31,00980A,27,124,1613,86932,0,0,17
2025-11-03,00980A,509,12,2110,99307,5,0,12
2025-11-04,00980A,296,89,2317,100932,0,0,12
2025-11-05,00980A,408,256,2469,103557,5,1,8
2025-11-06,00980A,470,62,2877,108057,1,0,7
2025-11-07,00980A,403,42,3238,110182,0,0,7
2025-11-10,00980A,62,188,3112,112307,7,0,0
2025-11-11,00980A,600,168,3544,123057,0,0,0
2025-11-12,00980A,440,60,3924,127307,0,0,0
2025-11-13,00980A,135,162,3897,130682,0,0,0
2025-11-14,00980A,325,211,4009,136307,0,0,0
2025-11-17,00980A,463,141,4331,138932,0,0,0
2025-11-18,00980A,1048,353,5026,146057,0,0,0
2025-11-19,00980A,113,901,4228,147932,0,0,0
2025-11-20,00980A,89,242,4075,149932,0,1,1
2025-11-21,00980A,909,137,4847,152182,1,0,0
2025-11-24,00980A,29,835,4041,154682,0,0,0
2025-11-25,00980A,801,222,4620,154682,0,0,0
2025-11-26,00980A,119,859,3869,154682,0,0,0
2025-11-27,00980A,49,225,3693,154682,0,2,2
2025-11-28,00980A,433,113,4013,154682,0,2,4
2025-12-01,00980A,28,20,4021,154682,0,0,4
2025-12-02,00980A,15,588,3448,154682,0,0,4
2025-12-03,00980A,25,103,3370,155057,1,0,3
2025-12-04,00980A,43,212,3201,155057,0,0,3
2025-12-05,00980A,6,170,3037,155057,0,0,3
2025-12-08,00980A,184,263,2958,155057,0,0,3
2025-12-09,00980A,25,303,2680,154682,0,0,3
2025-12-10,00980A,37,65,2652,154682,0,0,3
2025-12-11,00980A,49,268,2432,154682,0,2,5
2025-12-12,00980A,53,30,2455,154682,0,0,5
2025-12-15,00980A,80,11,2524,154807,2,0,3
2025-12-16,00980A,291,38,2776,155557,2,0,1
2025-12-17,00980A,154,12,2918,155807,0,0,1
2025-12-18,00980A,53,9,2962,156432,0,0,1
2025-12-19,00980A,32,96,2898,156932,0,0,1
2025-12-22,00980A,324,92,3129,156932,0,2,3
2025-12-23,00980A,1,532,2598,156932,0,2,5
2025-12-24,00980A,111,119,2582,156932,0,4,9
2025-12-26,00980A,70,99,2553,156057,0,3,12
2025-12-29,00980A,152,38,2667,156057,0,1,13
2025-12-30,00980A,87,85,2669,155432,1,0,12
2025-12-31,00980A,191,39,2821,155432,0,0,12
2026-01-02,00980A,203,120,2904,155432,3,0,9
2026-01-05,00980A,194,192,2906,155432,0,0,9
2026-01-06,00980A,49,188,2767,154557,0,0,9
2026-01-07,00980A,46,46,2767,154557,0,0,9
2026-01-08,00980A,214,60,2921,154557,0,0,9
2026-01-09,00980A,129,23,3027,154557,0,0,9
2026-01-12,00980A,7,0,3034,154557,0,0,9
2026-01-13,00980A,102,12,3124,154057,1,0,8
2026-01-14,00980A,24,145,3003,153432,0,0,8
2026-01-15,00980A,137,65,3075,153432,0,0,8
2026-01-16,00980A,930,115,3890,152557,0,0,8
2026-01-19,00980A,119,20,3989,151807,0,0,8
2026-01-20,00980A,10,180,3819,151432,0,0,8
2026-01-21,00980A,120,75,3864,150807,0,0,8
2026-01-22,00980A,59,177,3746,150057,0,0,8
2026-01-23,00980A,5,44,3707,149307,0,0,8
2026-01-26,00980A,25,22,3710,148932,0,0,8
2026-01-27,00980A,25,9,3726,148932,0,0,8
2026-01-28,00980A,146,48,3824,148932,0,0,8
2026-01-29,00980A,35,46,3813,149182,0,0,8
2026-01-30,00980A,103,200,3716,149182,8,2,2
2026-02-02,00980A,61,171,3606,149182,0,0,2
2026-02-03,00980A,321,86,3841,149182,0,0,2
2026-02-04,00980A,508,28,4321,157307,0,0,2
2026-02-05,00980A,458,123,4656,162182,0,0,2
2026-02-06,00980A,731,102,5285,166307,2,0,0
2026-02-09,00980A,48,76,5257,166932,0,0,0
2026-02-10,00980A,37,188,5101,167557,0,0,0
2026-02-11,00980A,193,77,5213,167557,0,0,0
2026-02-23,00980A,178,1057,4334,168307,0,0,0
2026-02-24,00980A,120,42,4412,171932,0,0,0
2026-02-25,00980A,348,97,4663,175932,0,0,0
2026-02-26,00980A,60,71,4652,175932,0,0,0
2026-03-02,00980A,101,236,4517,175932,0,2,2
2026-03-03,00980A,115,88,4544,175932,2,10,10
2026-03-04,00980A,580,544,4580,175932,0,0,10
2026-03-05,00980A,81,523,4138,175932,0,0,10
2026-03-06,00980A,48,157,4029,175932,0,0,10
2026-03-09,00980A,662,506,4185,176182,0,10,20
2026-03-10,00980A,59,102,4142,176307,0,0,20
2026-03-11,00980A,114,79,4177,176182,10,0,10
2026-03-12,00980A,108,60,4222,175807,5,0,5
2026-03-13,00980A,91,27,4286,175807,0,0,5
2026-03-16,00980A,2,646,3642,175807,0,2,7
2026-03-17,00980A,10,162,3490,175432,0,0,7
2026-03-18,00980A,237,84,3642,174807,0,19,26
2026-03-19,00980A,16,114,3481,173307,20,0,6
2026-03-20,00980A,27,140,3368,173057,2,0,4
2026-03-23,00980A,216,192,3392,173057,0,0,4
2026-03-24,00980A,42,73,3361,173057,0,0,4
2026-03-25,00980A,390,104,3647,172682,0,11,15
2026-03-26,00980A,102,281,3462,172682,11,10,14
2026-03-27,00980A,28,31,3459,172432,11,1,4
2026-03-30,00980A,12,94,3340,172432,0,0,4
2026-03-31,00980A,76,66,3350,172682,0,0,4
2026-04-01,00980A,23,116,3257,172682,0,0,4
2026-04-02,00980A,378,146,3489,172682,0,0,4
2026-04-07,00980A,60,18,3531,172682,0,0,4
2026-04-08,00980A,92,356,3267,171932,0,2,6
2026-04-09,00980A,39,36,3245,169932,0,0,6
2026-04-10,00980A,25,183,3087,169807,1,4,9
2026-04-13,00980A,16,42,3061,168432,0,2,11
2026-04-14,00980A,31,27,3004,168432,1,32,42
2026-04-15,00980A,41,8,2967,168182,0,2,44
2026-04-16,00980A,54,32,2919,168182,2,0,42
2026-04-17,00980A,84,8,2977,168182,0,3,45
2026-04-20,00980A,62,15,3024,168182,8,0,37
2026-04-21,00980A,41,31,3034,167557,0,5,42
2026-04-22,00980A,105,28,3111,167557,6,0,36
2026-04-23,00980A,150,390,2871,167307,36,0,0
2026-04-24,00980A,127,136,2862,166682,0,0,0
2026-04-27,00980A,213,154,2921,166682,0,0,0
2026-04-28,00980A,73,33,2961,166682,0,0,0
2026-04-29,00980A,144,43,3062,166682,0,0,0
2026-04-30,00980A,216,28,3249,166432,0,0,0
2026-05-04,00980A,136,215,3167,166557,0,5,5
2026-05-05,00980A,839,137,3868,173807,0,0,5
2026-05-06,00980A,1275,213,4927,176432,0,0,5
2026-05-07,00980A,308,191,5044,177807,5,0,0
2026-05-08,00980A,185,557,4672,179432,0,0,0
2026-05-11,00980A,271,231,4712,179432,0,1,1
2026-05-12,00980A,178,204,4686,179182,1,0,0
2026-05-13,00980A,433,332,4787,180682,0,0,0
2026-05-14,00980A,224,166,4845,180682,0,0,0
2026-05-15,00980A,511,463,4893,187432,0,0,0
2026-05-18,00980A,375,573,4695,192432,0,0,0
2026-05-19,00980A,143,83,4755,192557,0,53,53
2026-05-20,00980A,43,42,4745,192182,22,4,35
2026-05-21,00980A,217,107,4855,192182,5,1,31
2026-05-22,00980A,383,175,5062,191057,30,1,2
2026-05-25,00980A,101,374,4789,191057,0,0,2
2026-05-26,00980A,200,155,4834,189307,0,0,2
2026-05-27,00980A,127,459,4502,189307,0,30,32
2026-05-28,00980A,130,310,4322,189307,11,0,21
2026-05-29,00980A,178,79,4421,189057,20,32,33
2026-06-01,00980A,277,301,4396,189057,0,10,43
2026-06-02,00980A,31,215,4212,188057,0,0,43
2026-06-03,00980A,54,763,3482,185557,1,6,48
2026-06-04,00980A,93,90,3485,185557,16,0,32
2026-06-05,00980A,84,151,3418,185557,32,9,9
2026-06-08,00980A,90,120,3388,185057,9,35,35
2026-06-09,00980A,16,125,3254,184057,0,25,60
2026-06-10,00980A,136,125,3264,182807,27,357,390
2026-06-11,00980A,847,46,4065,182807,378,11,23
2026-06-12,00980A,77,99,4043,182807,12,19,30
2026-06-15,00980A,132,78,4097,182807,6,1,25
2026-06-16,00980A,5,74,4028,182307,0,231,256
2026-06-17,00980A,40,932,3136,180557,235,0,21
2026-06-18,00980A,24,44,3116,180057,4,10,27
2026-06-22,00980A,69,134,3051,179307,5,5,27
2026-06-23,00980A,79,50,3080,178057,23,0,4
2026-06-24,00980A,66,176,2970,178057,0,1,5
2026-06-25,00980A,110,59,3021,177682,1,1,5
2026-06-26,00980A,146,219,2948,177682,2,2,5
2026-06-29,00980A,2,16,2934,177682,1,2,6
2026-06-30,00980A,46,76,2904,177307,3,1,4
2026-07-01,00980A,24,247,2681,177307,0,1,5
2026-07-02,00980A,29,5,2705,176682,0,0,5
2026-07-03,00980A,67,35,2737,175932,0,0,5
2026-07-06,00980A,117,14,2840,175932,0,0,5
2026-07-07,00980A,172,76,2936,175932,0,0,5
2026-07-08,00980A,40,34,2942,175932,0,0,5
2026-07-09,00980A,34,57,2919,175932,0,0,5
2026-07-13,00980A,22,16,2925,175932,0,11,16
2026-07-14,00980A,217,142,3000,175932,4,1,13
2026-07-15,00980A,14,74,2940,175932,0,1,14
2026-07-16,00980A,53,80,2852,175932,0,0,14
2026-07-17,00980A,176,64,2964,176307,3,1,12
2026-07-20,00980A,41,72,2933,177057,3,4,13
2026-07-21,00980A,92,143,2877,177182,0,3,16
2026-07-22,00980A,8,31,2853,177057,0,0,16
2026-07-23,00980A,86,163,2776,177057,0,0,16
2026-07-24,00980A,40,1,2815,177057,0,5,21
2026-07-27,00980A,175,8,2982,177057,8,1,14
2026-07-28,00980A,73,217,2813,177057,1,5,18
2026-07-29,00980A,266,161,2910,176432,9,0,9
2026-07-30,00980A,113,148,2875,181182,0,1,10
2026-07-31,00980A,1073,197,3750,196682,0,1,11
2026-08-03,00980A,173,562,3361,199182,0,0,11
2026-08-04,00980A,220,146,3435,200807,1,2,12
2026-08-05,00980A,364,285,3513,201807,3,0,9
2026-08-06,00980A,197,192,3518,202432,0,0,9
2026-08-07,00980A,128,126,3520,202682,9,5,5
2026-08-10,00980A,157,248,3398,203307,5,0,0
2026-08-11,00980A,252,86,3564,203307,0,1,1
2026-08-12,00980A,1209,56,4715,203307,1,0,0
2026-08-13,00980A,324,234,4803,203307,0,0,0
2026-08-14,00980A,720,64,5459,204557,0,0,0
2026-08-17,00980A,388,176,5671,204807,0,0,0
2026-08-18,00980A,437,551,5557,205432,0,12,12
2026-08-19,00980A,293,104,5731,206557,2,5,15
2026-08-20,00980A,58,228,5561,206682,5,0,10
2026-08-21,00980A,694,40,6214,207057,0,10,20
2026-08-24,00980A,80,1454,4840,207057,15,4,9
2026-08-25,00980A,111,511,4440,207057,3,10,16
2026-08-26,00980A,276,686,4030,206432,0,1,17
2026-08-27,00980A,277,125,4180,204932,1,1,17
2026-08-28,00980A,117,169,4125,204432,0,15,32
2026-08-31,00980A,132,64,4193,203182,0,0,32
2026-09-01,00980A,175,501,3867,202807,0,1,33
2026-09-02,00980A,194,71,3990,201557,0,6,39
2026-09-03,00980A,94,152,3932,201557,16,1,24
2026-09-04,00980A,29,394,3567,201557,1,8,31
