date,stock_id,m_buy,m_sell,m_balance,m_limit,s_buy,s_sell,s_balance,m_prev,m_ret,s_prev,s_ret,note
2019-03-26,6641,0,0,0,8500,0,0,0,0,0,0,0,X
2019-03-27,6641,2,0,2,8500,0,0,0,0,0,0,0,X
2019-03-28,6641,1,0,3,8500,0,0,0,2,0,0,0,X
2019-03-29,6641,1,0,4,8500,0,0,0,3,0,0,0,X
2019-04-01,6641,1,0,5,8500,0,0,0,4,0,0,0,
2019-04-02,6641,0,0,5,8500,0,0,0,5,0,0,0,
2019-04-03,6641,0,0,5,8500,0,0,0,5,0,0,0,
2019-04-08,6641,7,0,12,8500,0,0,0,5,0,0,0,
2019-04-09,6641,23,0,35,8500,0,0,0,12,0,0,0,
2019-04-10,6641,7,0,42,8500,0,0,0,35,0,0,0,
2019-04-11,6641,0,3,39,8500,0,0,0,42,0,0,0,
2019-04-12,6641,8,0,47,8500,0,0,0,39,0,0,0,
2019-04-15,6641,8,9,46,8500,0,0,0,47,0,0,0,
2019-04-16,6641,7,0,53,8500,0,0,0,46,0,0,0,
2019-04-17,6641,10,10,53,8500,0,0,0,53,0,0,0,
2019-04-18,6641,0,5,48,8500,0,0,0,53,0,0,0,
2019-04-19,6641,1,0,49,8500,0,0,0,48,0,0,0,
2019-04-22,6641,1,0,50,8500,0,0,0,49,0,0,0,
2019-04-23,6641,0,3,47,8500,0,0,0,50,0,0,0,
2019-04-24,6641,5,0,52,8500,0,0,0,47,0,0,0,
2019-04-25,6641,3,6,49,8500,0,0,0,52,0,0,0,
2019-04-26,6641,0,5,44,8500,0,0,0,49,0,0,0,
2019-04-29,6641,0,4,40,8500,0,0,0,44,0,0,0,
2019-04-30,6641,0,0,40,8500,0,0,0,40,0,0,0,
2019-05-02,6641,0,0,40,8500,0,0,0,40,0,0,0,
2019-05-03,6641,1,1,40,8500,0,0,0,40,0,0,0,
2019-05-06,6641,11,4,47,8500,0,0,0,40,0,0,0,
2019-05-07,6641,3,1,49,8500,0,0,0,47,0,0,0,
2019-05-08,6641,0,0,49,8500,0,0,0,49,0,0,0,
2019-05-09,6641,0,2,47,8500,0,0,0,49,0,0,0,
2019-05-10,6641,5,0,52,8500,0,0,0,47,0,0,0,
2019-05-13,6641,0,3,49,8500,0,0,0,52,0,0,0,
2019-05-14,6641,10,21,38,8500,0,0,0,49,0,0,0,
2019-05-15,6641,0,0,38,8500,0,0,0,38,0,0,0,
2019-05-16,6641,0,0,38,8500,0,0,0,38,0,0,0,
2019-05-17,6641,0,0,38,8500,0,0,0,38,0,0,0,
2019-05-20,6641,0,5,33,8500,0,0,0,38,0,0,0,
2019-05-21,6641,0,0,33,8500,0,0,0,33,0,0,0,
2019-05-22,6641,22,1,54,8500,0,0,0,33,0,0,0,
2019-05-23,6641,20,0,74,8500,0,0,0,54,0,0,0,
2019-05-24,6641,0,0,74,8500,0,0,0,74,0,0,0,
2019-05-27,6641,0,0,74,8500,0,0,0,74,0,0,0,
2019-05-28,6641,0,0,74,8500,0,0,0,74,0,0,0,
2019-05-29,6641,0,0,74,8500,0,0,0,74,0,0,0,
2019-05-30,6641,0,0,74,8500,0,0,0,74,0,0,0,
2019-05-31,6641,0,0,74,8500,0,0,0,74,0,0,0,
2019-06-03,6641,0,1,73,8500,0,0,0,74,0,0,0,
2019-06-04,6641,0,0,73,8500,0,0,0,73,0,0,0,
2019-06-05,6641,4,0,77,8500,0,0,0,73,0,0,0,
2019-06-06,6641,0,0,77,8500,0,0,0,77,0,0,0,
2019-06-10,6641,0,0,77,8500,0,0,0,77,0,0,0,
2019-06-11,6641,0,3,74,8500,0,0,0,77,0,0,0,
2019-06-12,6641,0,0,74,8500,0,0,0,74,0,0,0,
2019-06-13,6641,0,0,74,8500,0,0,0,74,0,0,0,
2019-06-14,6641,0,1,73,8500,0,0,0,74,0,0,0,
2019-06-17,6641,0,0,73,8500,0,0,0,73,0,0,0,X
2019-06-18,6641,0,0,73,8500,0,0,0,73,0,0,0,X
2019-06-19,6641,10,9,74,8500,0,0,0,73,0,0,0,X
2019-06-20,6641,8,9,73,8500,0,0,0,74,0,0,0,X
2019-06-21,6641,2,11,64,8500,0,0,0,73,0,0,0,
2019-06-24,6641,8,0,72,8500,0,0,0,64,0,0,0,
2019-06-25,6641,0,0,72,8500,0,0,0,72,0,0,0,
2019-06-26,6641,0,0,72,8500,0,0,0,72,0,0,0,
2019-06-27,6641,0,0,72,8500,0,0,0,72,0,0,0,
2019-06-28,6641,0,0,72,8500,0,0,0,72,0,0,0,
2019-07-01,6641,0,1,71,8500,0,0,0,72,0,0,0,
2019-07-02,6641,0,0,71,8500,0,0,0,71,0,0,0,
2019-07-03,6641,0,4,67,8500,0,0,0,71,0,0,0,
2019-07-04,6641,0,0,67,8500,0,0,0,67,0,0,0,
2019-07-05,6641,0,6,61,8500,0,0,0,67,0,0,0,
2019-07-08,6641,0,2,59,8500,0,0,0,61,0,0,0,
2019-07-09,6641,0,0,59,8500,0,0,0,59,0,0,0,
2019-07-10,6641,1,13,47,8500,0,0,0,59,0,0,0,
2019-07-11,6641,0,1,46,8500,0,0,0,47,0,0,0,
2019-07-12,6641,0,0,46,8500,0,0,0,46,0,0,0,
2019-07-15,6641,0,0,46,8500,0,0,0,46,0,0,0,
2019-07-16,6641,1,0,47,8500,0,0,0,46,0,0,0,
2019-07-17,6641,0,0,47,8500,0,0,0,47,0,0,0,
2019-07-18,6641,0,0,47,8500,0,0,0,47,0,0,0,
2019-07-19,6641,0,1,46,8500,0,0,0,47,0,0,0,
2019-07-22,6641,0,0,46,8500,0,0,0,46,0,0,0,
2019-07-23,6641,0,0,46,8500,0,0,0,46,0,0,0,
2019-07-24,6641,0,0,46,8500,0,0,0,46,0,0,0,
2019-07-25,6641,3,1,48,8500,0,0,0,46,0,0,0,
2019-07-26,6641,0,0,48,8500,0,0,0,48,0,0,0,
2019-07-29,6641,0,0,48,8500,0,0,0,48,0,0,0,
2019-07-30,6641,0,0,48,8500,0,0,0,48,0,0,0,
2019-07-31,6641,0,3,45,8500,0,0,0,48,0,0,0,
2019-08-01,6641,0,0,45,8500,0,0,0,45,0,0,0,
2019-08-02,6641,2,0,47,8500,0,0,0,45,0,0,0,
2019-08-05,6641,16,0,63,8500,0,0,0,47,0,0,0,
2019-08-06,6641,0,1,62,8500,0,0,0,63,0,0,0,
2019-08-07,6641,0,0,62,8500,0,0,0,62,0,0,0,
2019-08-08,6641,0,15,47,8500,0,0,0,62,0,0,0,
2019-08-12,6641,33,3,77,8500,0,0,0,47,0,0,0,
2019-08-13,6641,16,7,86,8500,0,0,0,77,0,0,0,
2019-08-14,6641,23,10,99,8500,0,0,0,86,0,0,0,
2019-08-15,6641,59,11,147,8500,0,0,0,99,0,0,0,
2019-08-16,6641,73,31,189,8500,0,0,0,147,0,0,0,
2019-08-19,6641,53,21,221,8500,0,0,0,189,0,0,0,
2019-08-20,6641,54,4,271,8500,0,10,10,221,0,0,0,
2019-08-21,6641,42,44,269,8500,0,0,10,271,0,10,0,
2019-08-22,6641,22,19,272,8500,0,0,10,269,0,10,0,
2019-08-23,6641,16,25,263,8500,10,0,0,272,0,10,0,
2019-08-26,6641,2,8,257,8500,0,0,0,263,0,0,0,
2019-08-27,6641,2,22,237,8500,0,0,0,257,0,0,0,
2019-08-28,6641,20,8,249,8500,0,0,0,237,0,0,0,
2019-08-29,6641,3,6,246,8500,0,0,0,249,0,0,0,
2019-08-30,6641,1,4,243,8500,0,0,0,246,0,0,0,
2019-09-02,6641,1,3,241,8500,0,0,0,243,0,0,0,
2019-09-03,6641,1,2,240,8500,0,0,0,241,0,0,0,
2019-09-04,6641,5,0,245,8500,0,0,0,240,0,0,0,
2019-09-05,6641,12,19,238,8500,0,0,0,245,0,0,0,
2019-09-06,6641,3,5,236,8500,0,0,0,238,0,0,0,
2019-09-09,6641,1,4,233,8500,0,0,0,236,0,0,0,
2019-09-10,6641,1,2,232,8500,0,0,0,233,0,0,0,
2019-09-11,6641,1,0,233,8500,0,0,0,232,0,0,0,
2019-09-12,6641,8,7,234,8500,0,0,0,233,0,0,0,
2019-09-16,6641,1,2,233,8500,0,0,0,234,0,0,0,
2019-09-17,6641,2,0,235,8500,0,0,0,233,0,0,0,
2019-09-18,6641,1,5,231,8500,0,0,0,235,0,0,0,
2019-09-19,6641,7,8,230,8500,0,0,0,231,0,0,0,
2019-09-20,6641,0,4,226,8500,0,0,0,230,0,0,0,
2019-09-23,6641,1,3,224,8500,0,0,0,226,0,0,0,
2019-09-24,6641,3,9,218,8500,0,0,0,224,0,0,0,
2019-09-25,6641,3,3,218,8500,0,0,0,218,0,0,0,
2019-09-26,6641,1,0,219,8500,0,0,0,218,0,0,0,
2019-09-27,6641,8,14,213,8500,0,0,0,219,0,0,0,
2019-10-01,6641,4,12,205,8500,0,0,0,213,0,0,0,
2019-10-02,6641,2,1,206,8500,0,0,0,205,0,0,0,
2019-10-03,6641,2,0,208,8500,0,0,0,206,0,0,0,
2019-10-04,6641,4,0,212,8500,0,0,0,208,0,0,0,
2019-10-07,6641,3,2,213,8500,0,0,0,212,0,0,0,
2019-10-08,6641,0,0,213,8500,0,0,0,213,0,0,0,
2019-10-09,6641,11,19,205,8500,0,0,0,213,0,0,0,
2019-10-14,6641,7,16,196,8500,0,0,0,205,0,0,0,
2019-10-15,6641,1,0,197,8500,0,0,0,196,0,0,0,
2019-10-16,6641,3,5,195,8500,0,0,0,197,0,0,0,
2019-10-17,6641,1,10,186,8500,0,0,0,195,0,0,0,
2019-10-18,6641,20,7,199,8500,0,0,0,186,0,0,0,
2019-10-21,6641,4,0,203,8500,0,0,0,199,0,0,0,
2019-10-22,6641,17,0,220,8500,0,0,0,203,0,0,0,
2019-10-23,6641,8,1,227,8500,0,0,0,220,0,0,0,
2019-10-24,6641,10,1,236,8500,0,0,0,227,0,0,0,
2019-10-25,6641,2,0,238,8500,0,0,0,236,0,0,0,
2019-10-28,6641,1,3,236,8500,0,0,0,238,0,0,0,
2019-10-29,6641,8,5,239,8500,0,0,0,236,0,0,0,
2019-10-30,6641,4,5,238,8500,0,0,0,239,0,0,0,
2019-10-31,6641,14,0,252,8500,0,0,0,238,0,0,0,
2019-11-01,6641,52,20,284,8500,0,0,0,252,0,0,0,
2019-11-04,6641,19,19,284,8500,0,0,0,284,0,0,0,
2019-11-05,6641,14,0,298,8500,0,0,0,284,0,0,0,
2019-11-06,6641,2,2,298,8500,0,0,0,298,0,0,0,
2019-11-07,6641,1,2,297,8500,0,0,0,298,0,0,0,
2019-11-08,6641,22,5,314,8500,0,0,0,297,0,0,0,
2019-11-11,6641,1,9,306,8500,0,0,0,314,0,0,0,
2019-11-12,6641,0,19,287,8500,0,0,0,306,0,0,0,
2019-11-13,6641,1,3,285,8500,0,0,0,287,0,0,0,
2019-11-14,6641,9,31,263,8500,0,0,0,285,0,0,0,
2019-11-15,6641,0,0,263,8500,0,0,0,263,0,0,0,
2019-11-18,6641,41,41,263,8500,0,0,0,263,0,0,0,
2019-11-19,6641,0,1,262,8500,0,0,0,263,0,0,0,
2019-11-20,6641,4,1,265,8500,0,0,0,262,0,0,0,
2019-11-21,6641,4,2,267,8500,0,0,0,265,0,0,0,
2019-11-22,6641,1,1,267,8500,0,0,0,267,0,0,0,
2019-11-25,6641,1,3,265,8500,0,0,0,267,0,0,0,
2019-11-26,6641,3,8,260,8500,0,0,0,265,0,0,0,
2019-11-27,6641,0,0,260,8500,0,0,0,260,0,0,0,
2019-11-28,6641,1,10,251,8500,0,0,0,260,0,0,0,
2019-11-29,6641,7,19,239,8500,0,0,0,251,0,0,0,
2019-12-02,6641,4,2,241,8500,0,0,0,239,0,0,0,
2019-12-03,6641,4,0,245,8500,0,0,0,241,0,0,0,
2019-12-04,6641,5,2,248,8500,0,0,0,245,0,0,0,
2019-12-05,6641,277,51,474,8500,0,0,0,248,0,0,0,
2019-12-06,6641,167,199,442,8500,0,0,0,474,0,0,0,
2019-12-09,6641,44,93,393,8500,0,0,0,442,0,0,0,
2019-12-10,6641,16,52,357,8500,0,0,0,393,0,0,0,
2019-12-11,6641,9,50,316,8500,0,0,0,357,0,0,0,
2019-12-12,6641,24,12,328,8500,0,0,0,316,0,0,0,
2019-12-13,6641,17,14,331,8500,0,0,0,328,0,0,0,
2019-12-16,6641,0,5,326,8500,0,0,0,331,0,0,0,
2019-12-17,6641,1,6,321,8500,0,0,0,326,0,0,0,
2019-12-18,6641,0,23,298,8500,0,0,0,321,0,0,0,
2019-12-19,6641,8,4,302,8500,0,0,0,298,0,0,0,
2019-12-20,6641,5,6,299,8500,0,0,0,302,2,0,0,
2019-12-23,6641,0,3,296,8500,0,0,0,299,0,0,0,
2019-12-24,6641,8,17,287,8500,0,0,0,296,0,0,0,
2019-12-25,6641,7,17,277,8500,0,0,0,287,0,0,0,
2019-12-26,6641,5,1,281,8500,0,0,0,277,0,0,0,
2019-12-27,6641,7,9,279,8500,0,0,0,281,0,0,0,
2019-12-30,6641,3,21,261,8500,0,0,0,279,0,0,0,
2019-12-31,6641,5,25,241,8500,0,0,0,261,0,0,0,
2020-01-02,6641,3,7,237,8500,0,0,0,241,0,0,0,
2020-01-03,6641,1,8,230,8500,0,0,0,237,0,0,0,
2020-01-06,6641,18,20,228,8500,0,0,0,230,0,0,0,
2020-01-07,6641,16,7,237,8500,0,0,0,228,0,0,0,
2020-01-08,6641,2,0,239,8500,0,0,0,237,0,0,0,
2020-01-09,6641,1,6,234,8500,0,0,0,239,0,0,0,
2020-01-10,6641,0,5,229,8500,0,0,0,234,0,0,0,
2020-01-13,6641,0,21,208,8500,0,0,0,229,0,0,0,
2020-01-14,6641,3,33,178,8500,0,0,0,208,0,0,0,
2020-01-15,6641,7,3,182,8500,0,0,0,178,0,0,0,
2020-01-16,6641,0,12,170,8500,0,0,0,182,0,0,0,
2020-01-17,6641,6,9,167,8500,0,0,0,170,0,0,0,
2020-01-20,6641,12,21,158,8500,0,0,0,167,0,0,0,
2020-01-30,6641,4,18,142,8500,0,0,0,158,2,0,0,
2020-01-31,6641,0,9,133,8500,0,0,0,142,0,0,0,
2020-02-03,6641,0,0,133,8500,0,0,0,133,0,0,0,
2020-02-04,6641,1,0,134,8500,0,0,0,133,0,0,0,
2020-02-05,6641,25,8,151,8500,0,0,0,134,0,0,0,
2020-02-06,6641,0,3,148,8500,0,0,0,151,0,0,0,
2020-02-07,6641,0,10,138,8500,0,0,0,148,0,0,0,
2020-02-10,6641,10,18,130,8500,0,0,0,138,0,0,0,
2020-02-11,6641,0,8,122,8500,0,0,0,130,0,0,0,
2020-02-12,6641,3,17,108,8500,0,0,0,122,0,0,0,
2020-02-13,6641,0,5,103,8500,0,0,0,108,0,0,0,
2020-02-14,6641,0,4,99,8500,0,0,0,103,0,0,0,
2020-02-17,6641,0,0,99,8500,0,0,0,99,0,0,0,
2020-02-18,6641,0,0,99,8500,0,0,0,99,0,0,0,
2020-02-19,6641,1,0,98,8500,0,0,0,99,2,0,0,
2020-02-20,6641,0,0,98,8500,0,0,0,98,0,0,0,
2020-02-21,6641,0,0,98,8500,0,0,0,98,0,0,0,
2020-02-24,6641,0,0,98,8500,0,0,0,98,0,0,0,
2020-02-25,6641,0,0,98,8500,0,0,0,98,0,0,0,
2020-02-26,6641,0,0,98,8500,0,0,0,98,0,0,0,
2020-02-27,6641,0,0,98,8500,0,0,0,98,0,0,0,
2020-03-02,6641,2,2,98,8500,0,0,0,98,0,0,0,
2020-03-03,6641,3,1,100,8500,0,0,0,98,0,0,0,
2020-03-04,6641,0,1,99,8500,0,0,0,100,0,0,0,
2020-03-05,6641,2,0,101,8500,0,0,0,99,0,0,0,
2020-03-06,6641,1,3,99,8500,0,0,0,101,0,0,0,
2020-03-09,6641,16,3,112,8500,0,0,0,99,0,0,0,
2020-03-10,6641,3,1,114,8500,0,0,0,112,0,0,0,
2020-03-11,6641,0,0,114,8500,0,0,0,114,0,0,0,
2020-03-12,6641,6,1,119,8500,0,0,0,114,0,0,0,
2020-03-13,6641,6,38,87,8500,0,0,0,119,0,0,0,
2020-03-16,6641,3,4,86,8500,0,0,0,87,0,0,0,
2020-03-17,6641,5,0,91,8500,0,0,0,86,0,0,0,
2020-03-18,6641,0,0,91,8500,0,0,0,91,0,0,0,
2020-03-19,6641,0,1,90,8500,0,0,0,91,0,0,0,
2020-03-20,6641,4,1,92,8500,0,0,0,90,1,0,0,
2020-03-23,6641,1,0,92,8500,0,0,0,92,1,0,0,
2020-03-24,6641,1,1,92,8500,0,0,0,92,0,0,0,
2020-03-25,6641,10,1,101,8500,0,0,0,92,0,0,0,
2020-03-26,6641,1,1,101,8500,0,0,0,101,0,0,0,
2020-03-27,6641,3,0,104,8500,0,0,0,101,0,0,0,
2020-03-30,6641,1,1,104,8500,0,0,0,104,0,0,0,
2020-03-31,6641,1,2,103,8500,0,0,0,104,0,0,0,
2020-04-01,6641,0,6,97,8500,0,0,0,103,0,0,0,
2020-04-06,6641,0,2,95,8500,0,0,0,97,0,0,0,
2020-04-07,6641,1,1,95,8500,0,0,0,95,0,0,0,
2020-04-08,6641,0,2,93,8500,0,0,0,95,0,0,0,
2020-04-09,6641,0,2,91,8500,0,0,0,93,0,0,0,
2020-04-10,6641,0,2,89,8500,0,0,0,91,0,0,0,
2020-04-13,6641,0,3,86,8500,0,0,0,89,0,0,0,
2020-04-14,6641,0,2,84,8500,0,0,0,86,0,0,0,
2020-04-15,6641,0,3,81,8500,0,0,0,84,0,0,0,
2020-04-16,6641,0,3,78,8500,0,0,0,81,0,0,0,X
2020-04-17,6641,0,2,76,8500,0,0,0,78,0,0,0,X
2020-04-20,6641,0,0,76,8500,0,0,0,76,0,0,0,X
2020-04-21,6641,0,1,75,8500,0,0,0,76,0,0,0,X
2020-04-22,6641,0,1,74,8500,0,0,0,75,0,0,0,
2020-04-23,6641,1,4,71,8500,0,0,0,74,0,0,0,
2020-04-24,6641,0,2,69,8500,0,0,0,71,0,0,0,
2020-04-27,6641,0,3,66,8500,0,0,0,69,0,0,0,
2020-04-28,6641,0,0,66,8500,0,0,0,66,0,0,0,
2020-04-29,6641,0,0,66,8500,0,0,0,66,0,0,0,
2020-04-30,6641,0,0,66,8500,0,0,0,66,0,0,0,
2020-05-04,6641,0,1,65,8500,0,0,0,66,0,0,0,
2020-05-05,6641,2,0,67,8500,0,0,0,65,0,0,0,
2020-05-06,6641,0,3,64,8500,0,0,0,67,0,0,0,
2020-05-07,6641,0,0,64,8500,0,0,0,64,0,0,0,
2020-05-08,6641,6,2,68,8500,0,0,0,64,0,0,0,
2020-05-11,6641,0,1,67,8500,0,0,0,68,0,0,0,
2020-05-12,6641,0,2,65,8500,0,0,0,67,0,0,0,
2020-05-13,6641,0,25,40,8500,0,0,0,65,0,0,0,
2020-05-14,6641,0,16,24,8500,0,0,0,40,0,0,0,
2020-05-15,6641,3,0,27,8500,0,0,0,24,0,0,0,
2020-05-18,6641,0,0,27,8500,0,0,0,27,0,0,0,
2020-05-19,6641,0,5,22,8500,0,0,0,27,0,0,0,
2020-05-20,6641,0,6,16,8500,0,0,0,22,0,0,0,
2020-05-21,6641,0,0,16,8500,0,0,0,16,0,0,0,
2020-05-22,6641,0,0,16,8500,0,0,0,16,0,0,0,
2020-05-25,6641,0,0,16,8500,0,0,0,16,0,0,0,
2020-05-26,6641,1,0,17,8500,0,0,0,16,0,0,0,
2020-05-27,6641,0,2,15,8500,0,0,0,17,0,0,0,
2020-05-28,6641,0,0,15,8500,0,0,0,15,0,0,0,
2020-05-29,6641,0,0,15,8500,0,0,0,15,0,0,0,
2020-06-01,6641,0,1,14,8500,0,0,0,15,0,0,0,
2020-06-02,6641,1,0,15,8500,0,0,0,14,0,0,0,
2020-06-03,6641,0,0,15,8500,0,0,0,15,0,0,0,
2020-06-04,6641,0,0,15,8500,0,0,0,15,0,0,0,
2020-06-05,6641,1,0,16,8500,0,0,0,15,0,0,0,
2020-06-08,6641,0,3,13,8500,0,0,0,16,0,0,0,
2020-06-09,6641,0,0,13,8500,0,0,0,13,0,0,0,
2020-06-10,6641,0,0,13,8500,0,0,0,13,0,0,0,
2020-06-11,6641,0,0,13,8500,0,0,0,13,0,0,0,
2020-06-12,6641,0,0,13,8500,0,0,0,13,0,0,0,
2020-06-15,6641,0,0,13,8500,0,0,0,13,0,0,0,
2020-06-16,6641,1,0,14,8500,0,0,0,13,0,0,0,
2020-06-17,6641,0,0,14,8500,0,0,0,14,0,0,0,
2020-06-18,6641,0,2,12,8500,0,0,0,14,0,0,0,
2020-06-19,6641,0,0,12,8500,0,0,0,12,0,0,0,
2020-06-22,6641,1,0,13,8500,0,0,0,12,0,0,0,
2020-06-23,6641,0,0,13,8500,0,0,0,13,0,0,0,
2020-06-24,6641,0,0,13,8500,0,0,0,13,0,0,0,
2020-06-29,6641,0,0,13,8500,0,0,0,13,0,0,0,
2020-06-30,6641,0,1,12,8500,0,0,0,13,0,0,0,
2020-07-01,6641,0,0,12,8500,0,0,0,12,0,0,0,
2020-07-02,6641,1,0,13,8500,0,0,0,12,0,0,0,
2020-07-03,6641,0,0,13,8500,0,0,0,13,0,0,0,
2020-07-06,6641,4,1,16,8500,0,0,0,13,0,0,0,X
2020-07-07,6641,8,1,23,8500,0,0,0,16,0,0,0,X
2020-07-08,6641,18,2,39,8500,0,0,0,23,0,0,0,X
2020-07-09,6641,4,16,27,8500,0,0,0,39,0,0,0,X
2020-07-10,6641,5,0,32,8500,0,0,0,27,0,0,0,
2020-07-13,6641,3,0,35,8500,0,0,0,32,0,0,0,
2020-07-14,6641,1,1,35,8500,0,0,0,35,0,0,0,
2020-07-15,6641,8,2,41,8500,0,0,0,35,0,0,0,
2020-07-16,6641,1,0,42,8500,0,0,0,41,0,0,0,
2020-07-17,6641,4,2,44,8500,0,0,0,42,0,0,0,
2020-07-20,6641,0,0,44,8500,0,0,0,44,0,0,0,
2020-07-21,6641,1,1,44,8500,0,0,0,44,0,0,0,
2020-07-22,6641,0,0,44,8500,0,0,0,44,0,0,0,
2020-07-23,6641,0,0,44,8500,0,0,0,44,0,0,0,
2020-07-24,6641,1,0,45,8500,0,0,0,44,0,0,0,
2020-07-27,6641,0,0,40,8500,0,0,0,45,5,0,0,
2020-07-28,6641,0,0,40,8500,0,0,0,40,0,0,0,
2020-07-29,6641,0,0,40,8500,0,0,0,40,0,0,0,
2020-07-30,6641,0,0,40,8500,0,0,0,40,0,0,0,
2020-07-31,6641,0,0,40,8500,0,0,0,40,0,0,0,
2020-08-03,6641,0,0,40,8500,0,0,0,40,0,0,0,
2020-08-04,6641,0,0,40,8500,0,0,0,40,0,0,0,
2020-08-05,6641,1,1,39,8500,0,0,0,40,1,0,0,
2020-08-06,6641,0,0,39,8500,0,0,0,39,0,0,0,
2020-08-07,6641,1,0,40,8500,0,0,0,39,0,0,0,
2020-08-10,6641,4,0,44,8500,0,0,0,40,0,0,0,
2020-08-11,6641,0,0,41,8500,0,0,0,44,3,0,0,
2020-08-12,6641,0,0,41,8500,0,0,0,41,0,0,0,
2020-08-13,6641,1,2,40,8500,0,0,0,41,0,0,0,
2020-08-14,6641,0,2,38,8500,0,0,0,40,0,0,0,
2020-08-17,6641,0,1,37,8500,0,0,0,38,0,0,0,
2020-08-18,6641,0,0,37,8500,0,0,0,37,0,0,0,
2020-08-19,6641,0,0,37,8500,0,0,0,37,0,0,0,
2020-08-20,6641,0,0,37,8500,0,0,0,37,0,0,0,
2020-08-21,6641,0,1,36,8500,0,0,0,37,0,0,0,
2020-08-24,6641,0,0,36,8500,0,0,0,36,0,0,0,
2020-08-25,6641,0,2,34,8500,0,0,0,36,0,0,0,
2020-08-26,6641,0,0,34,8500,0,0,0,34,0,0,0,
2020-08-27,6641,0,1,33,8500,0,0,0,34,0,0,0,
2020-08-28,6641,0,0,33,8500,0,0,0,33,0,0,0,
2020-08-31,6641,0,1,32,8500,0,0,0,33,0,0,0,
2020-09-01,6641,1,1,32,8500,0,0,0,32,0,0,0,
2020-09-02,6641,0,0,32,8500,0,0,0,32,0,0,0,
2020-09-03,6641,0,0,32,8500,0,0,0,32,0,0,0,
2020-09-04,6641,0,0,32,8500,0,0,0,32,0,0,0,
2020-09-07,6641,0,0,32,8500,0,0,0,32,0,0,0,
2020-09-08,6641,0,1,31,8500,0,0,0,32,0,0,0,
2020-09-09,6641,0,0,31,8500,0,0,0,31,0,0,0,
2020-09-10,6641,0,0,31,8500,0,0,0,31,0,0,0,
2020-09-11,6641,0,0,31,8500,0,0,0,31,0,0,0,
2020-09-14,6641,0,0,31,8500,0,0,0,31,0,0,0,
2020-09-15,6641,0,0,31,8500,0,0,0,31,0,0,0,
2020-09-16,6641,0,0,31,8500,0,0,0,31,0,0,0,
2020-09-17,6641,0,0,31,8500,0,0,0,31,0,0,0,
2020-09-18,6641,0,0,31,8500,0,0,0,31,0,0,0,
2020-09-21,6641,0,1,30,8500,0,0,0,31,0,0,0,
2020-09-22,6641,0,0,29,8500,0,0,0,30,1,0,0,
2020-09-23,6641,0,0,29,8500,0,0,0,29,0,0,0,
2020-09-24,6641,0,0,29,8500,0,0,0,29,0,0,0,
2020-09-25,6641,0,1,28,8500,0,0,0,29,0,0,0,
2020-09-28,6641,0,0,28,8500,0,0,0,28,0,0,0,
2020-09-29,6641,0,0,28,8500,0,0,0,28,0,0,0,
2020-09-30,6641,0,0,28,8500,0,0,0,28,0,0,0,
2020-10-05,6641,0,0,28,8500,0,0,0,28,0,0,0,
2020-10-06,6641,1,0,29,8500,0,0,0,28,0,0,0,
2020-10-07,6641,0,0,29,8500,0,0,0,29,0,0,0,
2020-10-08,6641,0,0,29,8500,0,0,0,29,0,0,0,
2020-10-12,6641,0,0,29,8500,0,0,0,29,0,0,0,
2020-10-13,6641,0,1,28,8500,0,0,0,29,0,0,0,
2020-10-14,6641,3,1,30,8500,0,0,0,28,0,0,0,
2020-10-15,6641,2,0,32,8500,0,0,0,30,0,0,0,
2020-10-16,6641,0,0,32,8500,0,0,0,32,0,0,0,
2020-10-19,6641,0,0,32,8500,0,0,0,32,0,0,0,
2020-10-20,6641,0,0,32,8500,0,0,0,32,0,0,0,
2020-10-21,6641,0,0,32,8500,0,0,0,32,0,0,0,
2020-10-22,6641,0,0,32,8500,0,0,0,32,0,0,0,
2020-10-23,6641,0,0,32,8500,0,0,0,32,0,0,0,
2020-10-26,6641,0,0,32,8500,0,0,0,32,0,0,0,
2020-10-27,6641,0,0,32,8500,0,0,0,32,0,0,0,
2020-10-28,6641,0,0,32,8500,0,0,0,32,0,0,0,
2020-10-29,6641,0,0,32,8500,0,0,0,32,0,0,0,
2020-10-30,6641,0,0,32,8500,0,0,0,32,0,0,0,
2020-11-02,6641,0,0,32,8500,0,0,0,32,0,0,0,
2020-11-03,6641,0,0,32,8500,0,0,0,32,0,0,0,
2020-11-04,6641,0,1,31,8500,0,0,0,32,0,0,0,
2020-11-05,6641,5,2,34,8500,0,0,0,31,0,0,0,
2020-11-06,6641,1,6,29,8500,0,0,0,34,0,0,0,
2020-11-09,6641,0,0,29,8500,0,0,0,29,0,0,0,
2020-11-10,6641,0,0,29,8500,0,0,0,29,0,0,0,
2020-11-11,6641,0,0,29,8500,0,0,0,29,0,0,0,
2020-11-12,6641,0,0,29,8500,0,0,0,29,0,0,0,
2020-11-13,6641,0,0,29,8500,0,0,0,29,0,0,0,
2020-11-16,6641,0,0,29,8500,0,0,0,29,0,0,0,
2020-11-17,6641,0,2,27,8500,0,0,0,29,0,0,0,
2020-11-18,6641,1,0,28,8500,0,0,0,27,0,0,0,
2020-11-19,6641,18,0,46,8500,0,0,0,28,0,0,0,
2020-11-20,6641,11,4,53,8500,0,0,0,46,0,0,0,
2020-11-23,6641,0,16,37,8500,0,0,0,53,0,0,0,
2020-11-24,6641,0,2,35,8500,0,0,0,37,0,0,0,
2020-11-25,6641,1,1,35,8500,0,0,0,35,0,0,0,
2020-11-26,6641,3,0,38,8500,0,0,0,35,0,0,0,
2020-11-27,6641,1,2,37,8500,0,0,0,38,0,0,0,
2020-11-30,6641,1,1,37,8500,0,0,0,37,0,0,0,
2020-12-01,6641,0,0,37,8500,0,0,0,37,0,0,0,
2020-12-02,6641,0,0,37,8500,0,0,0,37,0,0,0,
2020-12-03,6641,0,0,37,8500,0,0,0,37,0,0,0,
2020-12-04,6641,0,0,37,8500,0,0,0,37,0,0,0,
2020-12-07,6641,0,3,34,8500,0,0,0,37,0,0,0,
2020-12-08,6641,0,0,34,8500,0,0,0,34,0,0,0,
2020-12-09,6641,1,0,35,8500,0,0,0,34,0,0,0,
2020-12-10,6641,0,0,35,8500,0,0,0,35,0,0,0,
2020-12-11,6641,0,0,35,8500,0,0,0,35,0,0,0,
2020-12-14,6641,0,0,35,8500,0,0,0,35,0,0,0,
2020-12-15,6641,0,0,35,8500,0,0,0,35,0,0,0,
2020-12-16,6641,3,0,38,8500,0,0,0,35,0,0,0,
2020-12-17,6641,0,0,38,8500,0,0,0,38,0,0,0,
2020-12-18,6641,0,0,38,8500,0,0,0,38,0,0,0,
2020-12-21,6641,2,0,40,8500,0,0,0,38,0,0,0,
2020-12-22,6641,0,0,40,8500,0,0,0,40,0,0,0,
2020-12-23,6641,0,0,40,8500,0,0,0,40,0,0,0,
2020-12-24,6641,0,0,40,8500,0,0,0,40,0,0,0,
2020-12-25,6641,0,0,40,8500,0,0,0,40,0,0,0,
2020-12-28,6641,0,0,40,8500,0,0,0,40,0,0,0,
2020-12-29,6641,0,0,40,8500,0,0,0,40,0,0,0,
2020-12-30,6641,2,0,42,8500,0,0,0,40,0,0,0,
2020-12-31,6641,2,0,43,8500,0,0,0,42,1,0,0,
2021-01-04,6641,0,5,38,8500,0,0,0,43,0,0,0,
2021-01-05,6641,12,0,50,8500,0,0,0,38,0,0,0,
2021-01-06,6641,0,16,34,8500,0,0,0,50,0,0,0,
2021-01-07,6641,0,2,32,8500,0,0,0,34,0,0,0,
2021-01-08,6641,1,0,33,8500,0,0,0,32,0,0,0,
2021-01-11,6641,0,0,33,8500,0,0,0,33,0,0,0,
2021-01-12,6641,0,1,32,8500,0,0,0,33,0,0,0,
2021-01-13,6641,1,0,33,8500,0,0,0,32,0,0,0,
2021-01-14,6641,0,0,33,8500,0,0,0,33,0,0,0,
2021-01-15,6641,0,0,33,8500,0,0,0,33,0,0,0,
2021-01-18,6641,0,0,33,8500,0,0,0,33,0,0,0,
2021-01-19,6641,0,0,33,8500,0,0,0,33,0,0,0,
2021-01-20,6641,0,0,33,8500,0,0,0,33,0,0,0,
2021-01-21,6641,0,0,33,8500,0,0,0,33,0,0,0,
2021-01-22,6641,0,0,33,8500,0,0,0,33,0,0,0,
2021-01-25,6641,0,0,33,8500,0,0,0,33,0,0,0,
2021-01-26,6641,0,0,33,8500,0,0,0,33,0,0,0,
2021-01-27,6641,0,0,33,8500,0,0,0,33,0,0,0,
2021-01-28,6641,0,3,30,8500,0,0,0,33,0,0,0,
2021-01-29,6641,0,1,29,8500,0,0,0,30,0,0,0,
2021-02-01,6641,0,0,29,8500,0,0,0,29,0,0,0,
2021-02-02,6641,0,0,29,8500,0,0,0,29,0,0,0,
2021-02-03,6641,0,0,29,8500,0,0,0,29,0,0,0,
2021-02-04,6641,0,0,29,8500,0,0,0,29,0,0,0,
2021-02-05,6641,0,0,29,8500,0,0,0,29,0,0,0,
2021-02-17,6641,0,0,29,8500,0,0,0,29,0,0,0,
2021-02-18,6641,0,0,29,8500,0,0,0,29,0,0,0,
2021-02-19,6641,1,0,30,8500,0,0,0,29,0,0,0,
2021-02-22,6641,0,0,30,8500,0,0,0,30,0,0,0,
2021-02-23,6641,5,0,35,8500,0,0,0,30,0,0,0,
2021-02-24,6641,0,2,33,8500,0,0,0,35,0,0,0,
2021-02-25,6641,0,0,33,8500,0,0,0,33,0,0,0,
2021-02-26,6641,0,0,33,8500,0,0,0,33,0,0,0,
2021-03-02,6641,0,0,33,8500,0,0,0,33,0,0,0,
2021-03-03,6641,0,0,33,8500,0,0,0,33,0,0,0,
2021-03-04,6641,1,1,33,8500,0,0,0,33,0,0,0,
2021-03-05,6641,0,0,33,8500,0,0,0,33,0,0,0,
2021-03-08,6641,0,0,33,8500,0,0,0,33,0,0,0,
2021-03-09,6641,0,0,33,8500,0,0,0,33,0,0,0,
2021-03-10,6641,0,0,33,8500,0,0,0,33,0,0,0,
2021-03-11,6641,0,0,33,8500,0,0,0,33,0,0,0,
2021-03-12,6641,1,0,34,8500,0,0,0,33,0,0,0,
2021-03-15,6641,0,0,34,8500,0,0,0,34,0,0,0,
2021-03-16,6641,1,0,35,8500,0,0,0,34,0,0,0,
2021-03-17,6641,1,1,35,8500,0,0,0,35,0,0,0,
2021-03-18,6641,0,1,34,8500,0,0,0,35,0,0,0,
2021-03-19,6641,2,0,36,8500,0,0,0,34,0,0,0,
2021-03-22,6641,116,4,148,8500,0,0,0,36,0,0,0,
2021-03-23,6641,25,22,151,8500,0,0,0,148,0,0,0,
2021-03-24,6641,4,2,153,8500,0,0,0,151,0,0,0,
2021-03-25,6641,32,13,172,8500,0,0,0,153,0,0,0,
2021-03-26,6641,0,4,168,8500,0,0,0,172,0,0,0,
2021-03-29,6641,15,8,175,8500,0,0,0,168,0,0,0,
2021-03-30,6641,8,0,183,8500,0,0,0,175,0,0,0,
2021-03-31,6641,3,13,173,8500,0,0,0,183,0,0,0,
2021-04-01,6641,24,13,184,8500,0,0,0,173,0,0,0,
2021-04-06,6641,85,34,235,8500,0,0,0,184,0,0,0,
2021-04-07,6641,34,39,230,8500,0,0,0,235,0,0,0,
2021-04-08,6641,18,4,244,8500,0,0,0,230,0,0,0,X
2021-04-09,6641,13,3,254,8500,0,0,0,244,0,0,0,X
2021-04-12,6641,18,13,259,8500,0,0,0,254,0,0,0,X
2021-04-13,6641,5,39,225,8500,0,0,0,259,0,0,0,X
2021-04-14,6641,28,27,226,8500,0,0,0,225,0,0,0,
2021-04-15,6641,6,2,230,8500,0,0,0,226,0,0,0,
2021-04-16,6641,11,11,230,8500,0,0,0,230,0,0,0,
2021-04-19,6641,28,25,233,8500,0,0,0,230,0,0,0,
2021-04-20,6641,18,9,242,8500,0,0,0,233,0,0,0,
2021-04-21,6641,17,4,255,8500,0,0,0,242,0,0,0,
2021-04-22,6641,7,27,235,8500,0,0,0,255,0,0,0,
2021-04-23,6641,1,1,235,8500,0,0,0,235,0,0,0,
2021-04-26,6641,0,0,235,8500,0,0,0,235,0,0,0,
2021-04-27,6641,26,10,251,8500,0,0,0,235,0,0,0,
2021-04-28,6641,4,6,249,8500,0,0,0,251,0,0,0,
2021-04-29,6641,4,1,252,8500,0,0,0,249,0,0,0,
2021-05-03,6641,1,3,250,8500,0,0,0,252,0,0,0,
2021-05-04,6641,0,9,241,8500,0,0,0,250,0,0,0,
2021-05-05,6641,0,0,241,8500,0,0,0,241,0,0,0,
2021-05-06,6641,0,3,238,8500,0,0,0,241,0,0,0,
2021-05-07,6641,0,3,235,8500,0,0,0,238,0,0,0,
2021-05-10,6641,0,0,235,8500,0,0,0,235,0,0,0,
2021-05-11,6641,3,4,234,8500,0,0,0,235,0,0,0,
2021-05-12,6641,3,22,215,8500,0,0,0,234,0,0,0,
2021-05-13,6641,0,5,210,8500,0,0,0,215,0,0,0,
2021-05-14,6641,0,3,207,8500,0,0,0,210,0,0,0,
2021-05-17,6641,1,3,205,8500,0,0,0,207,0,0,0,
2021-05-18,6641,0,0,204,8500,0,0,0,205,1,0,0,
2021-05-19,6641,1,1,204,8500,0,0,0,204,0,0,0,
2021-05-20,6641,0,0,204,8500,0,0,0,204,0,0,0,
2021-05-21,6641,0,3,201,8500,0,0,0,204,0,0,0,
2021-05-24,6641,0,1,200,8500,0,0,0,201,0,0,0,
2021-05-25,6641,0,0,200,8500,0,0,0,200,0,0,0,
2021-05-26,6641,0,0,200,8500,0,0,0,200,0,0,0,
2021-05-27,6641,0,0,200,8500,0,0,0,200,0,0,0,
2021-05-28,6641,0,0,200,8500,0,0,0,200,0,0,0,
2021-05-31,6641,0,0,200,8500,0,0,0,200,0,0,0,
2021-06-01,6641,1,0,200,8500,0,0,0,200,1,0,0,
2021-06-02,6641,0,0,200,8500,0,0,0,200,0,0,0,
2021-06-03,6641,0,0,200,8500,0,0,0,200,0,0,0,
2021-06-04,6641,20,0,220,8500,0,0,0,200,0,0,0,
2021-06-07,6641,0,1,219,8500,0,0,0,220,0,0,0,
2021-06-08,6641,3,0,222,8500,0,0,0,219,0,0,0,
2021-06-09,6641,0,0,221,8500,0,0,0,222,1,0,0,
2021-06-10,6641,0,3,218,8500,0,0,0,221,0,0,0,
2021-06-11,6641,0,0,218,8500,0,0,0,218,0,0,0,
2021-06-15,6641,0,15,203,8500,0,0,0,218,0,0,0,
2021-06-16,6641,0,6,197,8500,0,0,0,203,0,0,0,
2021-06-17,6641,1,2,196,8500,0,0,0,197,0,0,0,
2021-06-18,6641,0,0,196,8500,0,0,0,196,0,0,0,
2021-06-21,6641,0,1,195,8500,0,0,0,196,0,0,0,
2021-06-22,6641,0,1,194,8500,0,0,0,195,0,0,0,
2021-06-23,6641,0,1,193,8500,0,0,0,194,0,0,0,
2021-06-24,6641,1,1,193,8500,0,0,0,193,0,0,0,
2021-06-25,6641,1,0,194,8500,0,0,0,193,0,0,0,
2021-06-28,6641,0,0,194,8500,0,0,0,194,0,0,0,
2021-06-29,6641,0,0,194,8500,0,0,0,194,0,0,0,
2021-06-30,6641,0,1,193,8500,0,0,0,194,0,0,0,
2021-07-01,6641,0,0,193,8500,0,0,0,193,0,0,0,
2021-07-02,6641,0,0,193,8500,0,0,0,193,0,0,0,
2021-07-05,6641,0,0,193,8500,0,0,0,193,0,0,0,
2021-07-06,6641,0,0,193,8500,0,0,0,193,0,0,0,
2021-07-07,6641,0,0,193,8500,0,0,0,193,0,0,0,
2021-07-08,6641,0,0,193,8500,0,0,0,193,0,0,0,
2021-07-09,6641,0,1,192,8500,0,0,0,193,0,0,0,
2021-07-12,6641,0,0,192,8500,0,0,0,192,0,0,0,
2021-07-13,6641,0,0,192,8500,0,0,0,192,0,0,0,
2021-07-14,6641,0,0,192,8500,0,0,0,192,0,0,0,
2021-07-15,6641,0,0,192,8500,0,0,0,192,0,0,0,
2021-07-16,6641,0,0,192,8500,0,0,0,192,0,0,0,
2021-07-19,6641,0,0,192,8500,0,0,0,192,0,0,0,
2021-07-20,6641,0,0,192,8500,0,0,0,192,0,0,0,
2021-07-21,6641,0,0,192,8500,0,0,0,192,0,0,0,
2021-07-22,6641,0,0,192,8500,0,0,0,192,0,0,0,
2021-07-23,6641,1,0,193,8500,0,0,0,192,0,0,0,
2021-07-26,6641,0,3,190,8500,0,0,0,193,0,0,0,
2021-07-27,6641,0,2,188,8500,0,0,0,190,0,0,0,
2021-07-28,6641,0,0,188,8500,0,0,0,188,0,0,0,X
2021-07-29,6641,0,0,188,8500,0,0,0,188,0,0,0,X
2021-07-30,6641,0,0,188,8500,0,0,0,188,0,0,0,X
2021-08-02,6641,1,0,189,8500,0,0,0,188,0,0,0,X
2021-08-03,6641,3,0,192,8500,0,0,0,189,0,0,0,
2021-08-04,6641,1,3,190,8500,0,0,0,192,0,0,0,
2021-08-05,6641,0,1,189,8500,0,0,0,190,0,0,0,
2021-08-06,6641,1,0,190,8500,0,0,0,189,0,0,0,
2021-08-09,6641,0,0,190,8500,0,0,0,190,0,0,0,
2021-08-10,6641,1,0,191,8500,0,0,0,190,0,0,0,
2021-08-11,6641,0,0,191,8500,0,0,0,191,0,0,0,
2021-08-12,6641,0,0,191,8500,0,0,0,191,0,0,0,
2021-08-13,6641,1,0,192,8500,0,0,0,191,0,0,0,
2021-08-16,6641,1,0,193,8500,0,0,0,192,0,0,0,
2021-08-17,6641,0,0,193,8500,0,0,0,193,0,0,0,
2021-08-18,6641,0,0,193,8500,0,0,0,193,0,0,0,
2021-08-19,6641,1,0,194,8500,0,0,0,193,0,0,0,
2021-08-20,6641,0,1,193,8500,0,0,0,194,0,0,0,
2021-08-23,6641,0,0,193,8500,0,0,0,193,0,0,0,
2021-08-24,6641,0,0,193,8500,0,0,0,193,0,0,0,
2021-08-25,6641,0,0,193,8500,0,0,0,193,0,0,0,
2021-08-26,6641,0,0,193,8500,0,0,0,193,0,0,0,
2021-08-27,6641,0,0,193,8500,0,0,0,193,0,0,0,
2021-08-30,6641,0,0,191,8500,0,0,0,193,2,0,0,
2021-08-31,6641,2,0,193,8500,0,0,0,191,0,0,0,
2021-09-01,6641,1,0,194,8500,0,0,0,193,0,0,0,
2021-09-02,6641,0,0,194,8500,0,0,0,194,0,0,0,
2021-09-03,6641,0,0,194,8500,0,0,0,194,0,0,0,
2021-09-06,6641,2,1,195,8500,0,0,0,194,0,0,0,X
2021-09-07,6641,0,0,195,8500,0,0,0,195,0,0,0,X
2021-09-08,6641,0,2,193,8500,0,0,0,195,0,0,0,X
2021-09-09,6641,0,0,193,8500,0,0,0,193,0,0,0,X
2021-09-10,6641,1,0,194,8500,0,0,0,193,0,0,0,
2021-09-13,6641,0,0,194,8500,0,0,0,194,0,0,0,
2021-09-14,6641,0,0,194,8500,0,0,0,194,0,0,0,
2021-09-15,6641,0,0,194,8500,0,0,0,194,0,0,0,
2021-09-16,6641,1,0,195,8500,0,0,0,194,0,0,0,
2021-09-17,6641,0,0,195,8500,0,0,0,195,0,0,0,
2021-09-22,6641,0,1,194,8500,0,1,1,195,0,0,0,
2021-09-23,6641,0,2,192,8500,0,0,1,194,0,1,0,
2021-09-24,6641,0,0,192,8500,0,0,1,192,0,1,0,
2021-09-27,6641,0,0,192,8500,0,0,1,192,0,1,0,
2021-09-28,6641,0,0,192,8500,0,0,1,192,0,1,0,
2021-09-29,6641,6,0,198,8500,0,0,1,192,0,1,0,
2021-09-30,6641,1,2,197,8500,0,0,1,198,0,1,0,
2021-10-01,6641,0,2,195,8500,0,0,1,197,0,1,0,
2021-10-04,6641,0,4,191,8500,0,0,1,195,0,1,0,
2021-10-05,6641,0,0,191,8500,0,0,1,191,0,1,0,
2021-10-06,6641,5,0,196,8500,0,5,6,191,0,1,0,
2021-10-07,6641,0,5,191,9250,0,0,6,196,0,6,0,
2021-10-08,6641,4,0,195,9250,6,0,0,191,0,6,0,
2021-10-12,6641,0,0,195,9250,0,0,0,195,0,0,0,
2021-10-13,6641,1,0,196,9250,0,0,0,195,0,0,0,
2021-10-14,6641,0,0,196,9250,0,0,0,196,0,0,0,
2021-10-15,6641,1,0,197,9250,0,0,0,196,0,0,0,
2021-10-18,6641,0,0,197,9250,0,0,0,197,0,0,0,
2021-10-19,6641,0,0,197,9250,0,0,0,197,0,0,0,
2021-10-20,6641,0,0,197,9250,0,0,0,197,0,0,0,
2021-10-21,6641,0,2,195,9250,0,0,0,197,0,0,0,
2021-10-22,6641,0,0,195,9250,0,0,0,195,0,0,0,
2021-10-25,6641,0,0,195,9250,0,0,0,195,0,0,0,
2021-10-26,6641,0,0,195,9250,0,0,0,195,0,0,0,
2021-10-27,6641,0,2,193,9250,0,0,0,195,0,0,0,
2021-10-28,6641,0,0,193,9250,0,0,0,193,0,0,0,
2021-10-29,6641,0,0,193,9250,0,0,0,193,0,0,0,
2021-11-01,6641,0,0,193,9250,0,0,0,193,0,0,0,
2021-11-02,6641,0,0,193,9250,0,0,0,193,0,0,0,
2021-11-03,6641,0,0,193,9250,0,0,0,193,0,0,0,
2021-11-04,6641,0,0,193,9250,0,0,0,193,0,0,0,
2021-11-05,6641,0,0,193,9250,0,0,0,193,0,0,0,
2021-11-08,6641,2,0,195,9250,0,0,0,193,0,0,0,
2021-11-09,6641,0,0,195,9250,0,0,0,195,0,0,0,
2021-11-10,6641,1,1,195,9250,0,0,0,195,0,0,0,
2021-11-11,6641,19,40,174,9250,0,0,0,195,0,0,0,
2021-11-12,6641,4,3,175,9250,0,0,0,174,0,0,0,
2021-11-15,6641,0,0,175,9250,0,0,0,175,0,0,0,
2021-11-16,6641,7,1,181,9250,0,0,0,175,0,0,0,
2021-11-17,6641,1,0,182,9250,0,0,0,181,0,0,0,
2021-11-18,6641,1,0,183,9250,0,0,0,182,0,0,0,
2021-11-19,6641,3,0,186,9250,0,0,0,183,0,0,0,
2021-11-22,6641,0,0,186,9250,0,0,0,186,0,0,0,
2021-11-23,6641,1,3,184,9250,0,0,0,186,0,0,0,
2021-11-24,6641,1,0,185,9250,0,0,0,184,0,0,0,
2021-11-25,6641,3,2,186,9250,0,0,0,185,0,0,0,
2021-11-26,6641,0,1,185,9250,0,0,0,186,0,0,0,
2021-11-29,6641,2,0,187,9250,0,0,0,185,0,0,0,
2021-11-30,6641,2,4,185,9250,0,0,0,187,0,0,0,
2021-12-01,6641,0,1,184,9250,0,0,0,185,0,0,0,
2021-12-02,6641,1,0,185,9250,0,0,0,184,0,0,0,
2021-12-03,6641,3,0,188,9250,0,0,0,185,0,0,0,
2021-12-06,6641,0,0,188,9250,0,0,0,188,0,0,0,
2021-12-07,6641,2,4,186,9250,0,0,0,188,0,0,0,
2021-12-08,6641,0,3,183,9250,0,0,0,186,0,0,0,
2021-12-09,6641,0,0,183,9250,0,0,0,183,0,0,0,
2021-12-10,6641,4,0,187,9250,0,0,0,183,0,0,0,
2021-12-13,6641,0,0,187,9250,0,0,0,187,0,0,0,
2021-12-14,6641,0,0,168,9250,0,0,0,187,19,0,0,
2021-12-15,6641,0,0,168,9250,0,0,0,168,0,0,0,
2021-12-16,6641,0,0,168,9250,0,0,0,168,0,0,0,
2021-12-17,6641,0,0,168,9250,0,0,0,168,0,0,0,
2021-12-20,6641,0,0,168,9250,0,0,0,168,0,0,0,
2021-12-21,6641,0,0,168,9250,0,0,0,168,0,0,0,
2021-12-22,6641,0,0,168,9250,0,0,0,168,0,0,0,
2021-12-23,6641,0,1,167,9250,0,0,0,168,0,0,0,
2021-12-24,6641,0,0,167,9250,0,0,0,167,0,0,0,
2021-12-27,6641,0,0,166,9250,0,0,0,167,1,0,0,
2021-12-28,6641,0,0,166,9250,0,0,0,166,0,0,0,
2021-12-29,6641,0,0,166,9250,0,0,0,166,0,0,0,
2021-12-30,6641,0,0,166,9250,0,0,0,166,0,0,0,
2022-01-03,6641,0,0,166,9250,0,0,0,166,0,0,0,
2022-01-04,6641,0,1,165,9250,0,0,0,166,0,0,0,
2022-01-05,6641,0,0,165,9250,0,0,0,165,0,0,0,
2022-01-06,6641,1,0,166,9250,0,0,0,165,0,0,0,
2022-01-07,6641,0,0,166,9250,0,0,0,166,0,0,0,
2022-01-10,6641,0,0,166,9250,0,0,0,166,0,0,0,
2022-01-11,6641,0,0,166,9250,0,0,0,166,0,0,0,
2022-01-12,6641,0,0,166,9250,0,0,0,166,0,0,0,
2022-01-13,6641,0,0,166,9250,0,0,0,166,0,0,0,
2022-01-14,6641,0,1,165,9250,0,0,0,166,0,0,0,
2022-01-17,6641,1,0,166,9250,0,0,0,165,0,0,0,
2022-01-18,6641,0,0,166,9250,0,0,0,166,0,0,0,
2022-01-19,6641,0,0,166,9250,0,0,0,166,0,0,0,
2022-01-20,6641,0,0,166,9250,0,0,0,166,0,0,0,
2022-01-21,6641,0,0,166,9250,0,0,0,166,0,0,0,
2022-01-24,6641,0,0,166,9250,0,0,0,166,0,0,0,
2022-01-25,6641,0,0,166,9250,0,0,0,166,0,0,0,
2022-01-26,6641,0,0,166,9250,0,0,0,166,0,0,0,
2022-02-07,6641,0,0,166,9250,0,0,0,166,0,0,0,
2022-02-08,6641,0,0,166,9250,0,0,0,166,0,0,0,
2022-02-09,6641,2,0,168,9250,0,0,0,166,0,0,0,
2022-02-10,6641,0,1,167,9250,0,0,0,168,0,0,0,
2022-02-11,6641,0,0,167,9250,0,0,0,167,0,0,0,
2022-02-14,6641,0,0,167,9250,0,0,0,167,0,0,0,
2022-02-15,6641,0,0,167,9250,0,0,0,167,0,0,0,
2022-02-16,6641,1,0,168,9250,0,0,0,167,0,0,0,
2022-02-17,6641,0,0,168,9250,0,0,0,168,0,0,0,
2022-02-18,6641,0,14,154,9250,0,0,0,168,0,0,0,
2022-02-21,6641,0,0,154,9250,0,0,0,154,0,0,0,
2022-02-22,6641,0,1,153,9250,0,0,0,154,0,0,0,
2022-02-23,6641,0,0,153,9250,0,0,0,153,0,0,0,
2022-02-24,6641,0,17,136,9250,0,0,0,153,0,0,0,
2022-02-25,6641,4,0,140,9250,0,0,0,136,0,0,0,
2022-03-01,6641,5,0,145,9250,0,0,0,140,0,0,0,
2022-03-02,6641,0,0,145,9250,0,0,0,145,0,0,0,
2022-03-03,6641,0,2,143,9250,0,0,0,145,0,0,0,
2022-03-04,6641,0,0,143,9250,0,0,0,143,0,0,0,
2022-03-07,6641,0,4,139,9250,0,0,0,143,0,0,0,
2022-03-08,6641,6,0,145,9250,0,0,0,139,0,0,0,
2022-03-09,6641,0,0,145,9250,0,0,0,145,0,0,0,
2022-03-10,6641,0,0,145,9250,0,0,0,145,0,0,0,
2022-03-11,6641,0,0,145,9250,0,0,0,145,0,0,0,
2022-03-14,6641,0,0,145,9250,0,0,0,145,0,0,0,
2022-03-15,6641,0,0,145,9250,0,0,0,145,0,0,0,
2022-03-16,6641,0,0,145,9250,0,0,0,145,0,0,0,
2022-03-17,6641,0,0,145,9250,0,0,0,145,0,0,0,
2022-03-18,6641,0,0,145,9250,0,0,0,145,0,0,0,
2022-03-21,6641,0,0,145,9250,0,0,0,145,0,0,0,
2022-03-22,6641,0,0,145,9250,0,0,0,145,0,0,0,
2022-03-23,6641,0,0,145,9250,0,0,0,145,0,0,0,
2022-03-24,6641,0,1,144,9250,0,0,0,145,0,0,0,
2022-03-25,6641,0,5,139,9250,0,0,0,144,0,0,0,
2022-03-28,6641,0,0,139,9250,0,0,0,139,0,0,0,
2022-03-29,6641,0,0,139,9250,0,0,0,139,0,0,0,X
2022-03-30,6641,1,0,140,9250,0,0,0,139,0,0,0,X
2022-03-31,6641,9,0,149,9250,0,0,0,140,0,0,0,X
2022-04-01,6641,0,0,149,9250,0,0,0,149,0,0,0,X
2022-04-06,6641,0,0,149,9250,0,0,0,149,0,0,0,
2022-04-07,6641,0,0,149,9250,0,0,0,149,0,0,0,
2022-04-08,6641,0,0,149,9250,0,0,0,149,0,0,0,
2022-04-11,6641,0,0,149,9250,0,0,0,149,0,0,0,
2022-04-12,6641,0,0,149,9250,0,0,0,149,0,0,0,
2022-04-13,6641,0,0,149,9250,0,0,0,149,0,0,0,
2022-04-14,6641,0,0,149,9250,0,0,0,149,0,0,0,
2022-04-15,6641,5,5,149,9250,0,0,0,149,0,0,0,
2022-04-18,6641,0,0,149,9250,0,0,0,149,0,0,0,
2022-04-19,6641,0,0,149,9250,0,0,0,149,0,0,0,
2022-04-20,6641,0,0,149,9250,0,0,0,149,0,0,0,
2022-04-21,6641,0,0,149,9250,0,0,0,149,0,0,0,
2022-04-22,6641,0,0,149,9250,0,0,0,149,0,0,0,
2022-04-25,6641,0,0,149,9250,0,0,0,149,0,0,0,
2022-04-26,6641,0,0,149,9250,0,0,0,149,0,0,0,
2022-04-27,6641,0,0,149,9250,0,0,0,149,0,0,0,
2022-04-28,6641,0,0,149,9250,0,0,0,149,0,0,0,
2022-04-29,6641,0,0,149,9250,0,0,0,149,0,0,0,
2022-05-03,6641,0,0,149,9250,0,0,0,149,0,0,0,
2022-05-04,6641,0,0,149,9250,0,0,0,149,0,0,0,
2022-05-05,6641,0,0,149,9250,0,0,0,149,0,0,0,
2022-05-06,6641,0,0,149,9250,0,0,0,149,0,0,0,
2022-05-09,6641,0,0,149,9250,0,0,0,149,0,0,0,
2022-05-10,6641,0,0,149,9250,0,0,0,149,0,0,0,
2022-05-11,6641,0,8,141,9250,0,0,0,149,0,0,0,
2022-05-12,6641,0,0,141,9250,0,0,0,141,0,0,0,
2022-05-13,6641,0,0,141,9250,0,0,0,141,0,0,0,
2022-05-16,6641,0,0,141,9250,0,0,0,141,0,0,0,
2022-05-17,6641,0,0,141,9250,0,0,0,141,0,0,0,
2022-05-18,6641,0,0,141,9250,0,0,0,141,0,0,0,
2022-05-19,6641,0,0,141,9250,0,0,0,141,0,0,0,
2022-05-20,6641,0,0,141,9250,0,0,0,141,0,0,0,
2022-05-23,6641,0,0,141,9250,0,0,0,141,0,0,0,
2022-05-24,6641,0,0,141,9250,0,0,0,141,0,0,0,
2022-05-25,6641,0,0,141,9250,0,0,0,141,0,0,0,
2022-05-26,6641,0,0,141,9250,0,0,0,141,0,0,0,
2022-05-27,6641,0,0,141,9250,0,0,0,141,0,0,0,
2022-05-30,6641,0,0,141,9250,0,0,0,141,0,0,0,
2022-05-31,6641,0,0,141,9250,0,0,0,141,0,0,0,
2022-06-01,6641,0,0,141,9250,0,0,0,141,0,0,0,
2022-06-02,6641,0,0,141,9250,0,0,0,141,0,0,0,
2022-06-06,6641,0,0,141,9250,0,0,0,141,0,0,0,
2022-06-07,6641,0,0,141,9250,0,0,0,141,0,0,0,
2022-06-08,6641,0,0,141,9250,0,0,0,141,0,0,0,
2022-06-09,6641,0,0,141,9250,0,0,0,141,0,0,0,
2022-06-10,6641,0,0,141,9250,0,0,0,141,0,0,0,
2022-06-13,6641,0,0,141,9250,0,0,0,141,0,0,0,
2022-06-14,6641,0,0,141,9250,0,0,0,141,0,0,0,
2022-06-15,6641,0,0,141,9250,0,0,0,141,0,0,0,
2022-06-16,6641,0,0,141,9250,0,0,0,141,0,0,0,
2022-06-17,6641,0,5,136,9250,0,0,0,141,0,0,0,
2022-06-20,6641,0,0,136,9250,0,0,0,136,0,0,0,
2022-06-21,6641,0,0,136,9250,0,0,0,136,0,0,0,
2022-06-22,6641,0,0,136,9250,0,0,0,136,0,0,0,
2022-06-23,6641,0,0,136,9250,0,0,0,136,0,0,0,
2022-06-24,6641,0,0,136,9250,0,0,0,136,0,0,0,
2022-06-27,6641,0,0,136,9250,0,0,0,136,0,0,0,
2022-06-28,6641,0,0,136,9250,0,0,0,136,0,0,0,X
2022-06-29,6641,0,0,136,9250,0,0,0,136,0,0,0,X
2022-06-30,6641,0,0,136,9250,0,0,0,136,0,0,0,X
2022-07-01,6641,0,2,134,9250,0,0,0,136,0,0,0,X
2022-07-04,6641,0,0,134,9250,0,0,0,134,0,0,0,
2022-07-05,6641,0,0,134,9250,0,0,0,134,0,0,0,
2022-07-06,6641,0,0,134,9250,0,0,0,134,0,0,0,
2022-07-07,6641,0,0,134,9250,0,0,0,134,0,0,0,
2022-07-08,6641,0,0,134,9250,0,0,0,134,0,0,0,
2022-07-11,6641,0,0,134,9250,0,0,0,134,0,0,0,
2022-07-12,6641,0,0,134,9250,0,0,0,134,0,0,0,
2022-07-13,6641,0,0,134,9250,0,0,0,134,0,0,0,
2022-07-14,6641,0,0,134,9250,0,0,0,134,0,0,0,
2022-07-15,6641,0,0,134,9250,0,0,0,134,0,0,0,
2022-07-18,6641,0,0,134,9250,0,0,0,134,0,0,0,
2022-07-19,6641,0,0,134,9250,0,0,0,134,0,0,0,
2022-07-20,6641,0,0,134,9250,0,0,0,134,0,0,0,
2022-07-21,6641,0,0,134,9250,0,0,0,134,0,0,0,
2022-07-22,6641,3,0,137,9250,0,0,0,134,0,0,0,
2022-07-25,6641,1,0,138,9250,0,0,0,137,0,0,0,
2022-07-26,6641,3,0,141,9250,0,0,0,138,0,0,0,
2022-07-27,6641,0,0,141,9250,0,0,0,141,0,0,0,
2022-07-28,6641,0,0,141,9250,0,0,0,141,0,0,0,
2022-07-29,6641,0,7,134,9250,0,0,0,141,0,0,0,
2022-08-01,6641,0,0,134,9250,0,0,0,134,0,0,0,
2022-08-02,6641,0,0,134,9250,0,0,0,134,0,0,0,
2022-08-03,6641,0,0,134,9250,0,0,0,134,0,0,0,
2022-08-04,6641,0,0,134,9250,0,0,0,134,0,0,0,
2022-08-05,6641,0,0,134,9250,0,0,0,134,0,0,0,
2022-08-08,6641,0,0,68,9250,0,0,0,134,66,0,0,
2022-08-09,6641,0,0,61,9250,0,0,0,68,7,0,0,
2022-08-10,6641,0,0,47,9250,0,0,0,61,14,0,0,
2022-08-11,6641,0,0,47,9250,0,0,0,47,0,0,0,
2022-08-12,6641,0,0,47,9250,0,0,0,47,0,0,0,
2022-08-15,6641,0,0,47,9250,0,0,0,47,0,0,0,
2022-08-16,6641,0,0,47,9250,0,0,0,47,0,0,0,
2022-08-17,6641,0,0,47,9250,0,0,0,47,0,0,0,
2022-08-18,6641,0,0,47,9250,0,0,0,47,0,0,0,
2022-08-19,6641,1,0,48,9250,0,0,0,47,0,0,0,
2022-08-22,6641,0,0,48,9250,0,0,0,48,0,0,0,
2022-08-23,6641,0,0,48,9250,0,0,0,48,0,0,0,
2022-08-24,6641,1,1,48,9250,0,0,0,48,0,0,0,
2022-08-25,6641,0,0,48,9250,0,0,0,48,0,0,0,
2022-08-26,6641,0,0,48,9250,0,0,0,48,0,0,0,
2022-08-29,6641,1,0,49,9250,0,0,0,48,0,0,0,
2022-08-30,6641,1,0,50,9250,0,0,0,49,0,0,0,
2022-08-31,6641,0,0,50,9250,0,0,0,50,0,0,0,
2022-09-01,6641,0,0,50,9250,0,0,0,50,0,0,0,
2022-09-02,6641,0,0,50,9250,0,0,0,50,0,0,0,
2022-09-05,6641,0,0,50,9250,0,0,0,50,0,0,0,
2022-09-06,6641,0,0,50,9250,0,0,0,50,0,0,0,
2022-09-07,6641,0,0,50,9250,0,0,0,50,0,0,0,
2022-09-08,6641,0,0,50,9250,0,0,0,50,0,0,0,
2022-09-12,6641,0,0,50,9250,0,0,0,50,0,0,0,
2022-09-13,6641,0,0,50,9250,0,0,0,50,0,0,0,
2022-09-14,6641,2,0,52,9250,0,0,0,50,0,0,0,
2022-09-15,6641,0,0,52,9250,0,0,0,52,0,0,0,
2022-09-16,6641,0,1,51,9250,0,0,0,52,0,0,0,
2022-09-19,6641,0,0,51,9250,0,0,0,51,0,0,0,
2022-09-20,6641,0,3,48,9250,0,0,0,51,0,0,0,
2022-09-21,6641,0,1,47,9250,0,0,0,48,0,0,0,
2022-09-22,6641,0,2,45,9250,0,0,0,47,0,0,0,
2022-09-23,6641,0,0,44,9250,0,0,0,45,1,0,0,
2022-09-26,6641,2,1,45,9250,0,0,0,44,0,0,0,
2022-09-27,6641,0,3,28,9250,0,0,0,45,14,0,0,
2022-09-28,6641,0,1,27,9250,0,0,0,28,0,0,0,
2022-09-29,6641,0,0,27,9250,0,0,0,27,0,0,0,
2022-09-30,6641,0,0,27,9250,0,0,0,27,0,0,0,
2022-10-03,6641,0,0,27,9250,0,0,0,27,0,0,0,
2022-10-04,6641,0,0,26,9250,0,0,0,27,1,0,0,
2022-10-05,6641,0,0,26,9250,0,0,0,26,0,0,0,
2022-10-06,6641,0,0,26,9250,0,0,0,26,0,0,0,
2022-10-07,6641,0,1,25,9250,0,0,0,26,0,0,0,
2022-10-11,6641,0,0,25,9250,0,0,0,25,0,0,0,
2022-10-12,6641,0,0,23,9250,0,0,0,25,2,0,0,
2022-10-13,6641,0,1,21,9250,0,0,0,23,1,0,0,
2022-10-14,6641,0,0,21,9250,0,0,0,21,0,0,0,
2022-10-17,6641,0,0,21,9250,0,0,0,21,0,0,0,
2022-10-18,6641,1,0,21,9250,0,0,0,21,1,0,0,
2022-10-19,6641,0,0,21,9250,0,0,0,21,0,0,0,
2022-10-20,6641,0,0,21,9250,0,0,0,21,0,0,0,
2022-10-21,6641,0,0,21,9250,0,0,0,21,0,0,0,
2022-10-24,6641,0,0,21,9250,0,0,0,21,0,0,0,
2022-10-25,6641,0,0,21,9250,0,0,0,21,0,0,0,
2022-10-26,6641,0,0,21,9250,0,0,0,21,0,0,0,
2022-10-27,6641,0,0,21,9250,0,0,0,21,0,0,0,
2022-10-28,6641,0,0,21,9250,0,0,0,21,0,0,0,
2022-10-31,6641,0,0,21,9250,0,0,0,21,0,0,0,
2022-11-01,6641,0,0,21,9250,0,0,0,21,0,0,0,
2022-11-02,6641,0,0,21,9250,0,0,0,21,0,0,0,
2022-11-03,6641,0,0,21,9250,0,0,0,21,0,0,0,
2022-11-04,6641,0,0,21,9250,0,0,0,21,0,0,0,
2022-11-07,6641,0,0,21,9250,0,0,0,21,0,0,0,
2022-11-08,6641,0,0,21,9250,0,0,0,21,0,0,0,
2022-11-09,6641,0,0,21,9250,0,0,0,21,0,0,0,
2022-11-10,6641,0,0,21,9250,0,0,0,21,0,0,0,
2022-11-11,6641,0,2,19,9250,0,0,0,21,0,0,0,
2022-11-14,6641,0,0,19,9250,0,0,0,19,0,0,0,
2022-11-15,6641,0,0,19,9250,0,0,0,19,0,0,0,
2022-11-16,6641,0,0,19,9250,0,0,0,19,0,0,0,
2022-11-17,6641,0,0,19,9250,0,0,0,19,0,0,0,
2022-11-18,6641,0,0,19,9250,0,0,0,19,0,0,0,
2022-11-21,6641,1,0,20,9250,0,0,0,19,0,0,0,
2022-11-22,6641,0,0,20,9250,0,0,0,20,0,0,0,
2022-11-23,6641,0,0,20,9250,0,0,0,20,0,0,0,
2022-11-24,6641,0,0,20,9250,0,0,0,20,0,0,0,
2022-11-25,6641,0,0,20,9250,0,0,0,20,0,0,0,
2022-11-28,6641,0,0,19,9250,0,0,0,20,1,0,0,
2022-11-29,6641,0,0,19,9250,0,0,0,19,0,0,0,
2022-11-30,6641,0,0,19,9250,0,0,0,19,0,0,0,
2022-12-01,6641,0,0,19,9250,0,0,0,19,0,0,0,
2022-12-02,6641,0,0,19,9250,0,0,0,19,0,0,0,
2022-12-05,6641,0,0,19,9250,0,0,0,19,0,0,0,
2022-12-06,6641,0,0,19,9250,0,0,0,19,0,0,0,
2022-12-07,6641,0,0,19,9250,0,0,0,19,0,0,0,
2022-12-08,6641,0,0,19,9250,0,0,0,19,0,0,0,
2022-12-09,6641,0,0,19,9250,0,0,0,19,0,0,0,
2022-12-12,6641,0,0,19,9250,0,0,0,19,0,0,0,
2022-12-13,6641,0,0,19,9250,0,0,0,19,0,0,0,
2022-12-14,6641,0,0,19,9250,0,0,0,19,0,0,0,
2022-12-15,6641,0,0,19,9250,0,0,0,19,0,0,0,
2022-12-16,6641,0,0,19,9250,0,0,0,19,0,0,0,
2022-12-19,6641,0,0,19,9250,0,0,0,19,0,0,0,
2022-12-20,6641,0,0,19,9250,0,0,0,19,0,0,0,
2022-12-21,6641,0,0,19,9250,0,0,0,19,0,0,0,
2022-12-22,6641,0,0,19,9250,0,0,0,19,0,0,0,
2022-12-23,6641,0,0,19,9250,0,0,0,19,0,0,0,
2022-12-26,6641,0,0,19,9250,0,0,0,19,0,0,0,
2022-12-27,6641,0,0,19,9250,0,0,0,19,0,0,0,
2022-12-28,6641,0,0,19,9250,0,0,0,19,0,0,0,
2022-12-29,6641,0,0,19,9250,0,0,0,19,0,0,0,
2022-12-30,6641,0,0,19,9250,0,0,0,19,0,0,0,
2023-01-03,6641,0,0,19,9250,0,0,0,19,0,0,0,
2023-01-04,6641,0,0,19,9250,0,0,0,19,0,0,0,
2023-01-05,6641,0,0,19,9250,0,0,0,19,0,0,0,
2023-01-06,6641,0,0,19,9250,0,0,0,19,0,0,0,
2023-01-09,6641,0,0,19,9250,0,0,0,19,0,0,0,
2023-01-10,6641,0,0,19,9250,0,0,0,19,0,0,0,
2023-01-11,6641,0,0,19,9250,0,0,0,19,0,0,0,
2023-01-12,6641,0,0,19,9250,0,0,0,19,0,0,0,
2023-01-13,6641,0,0,19,9250,0,0,0,19,0,0,0,
2023-01-16,6641,0,0,19,9250,0,0,0,19,0,0,0,
2023-01-17,6641,0,0,19,9250,0,0,0,19,0,0,0,
2023-01-30,6641,0,0,19,9250,0,0,0,19,0,0,0,
2023-01-31,6641,0,0,19,9250,0,0,0,19,0,0,0,
2023-02-01,6641,1,0,20,9250,0,0,0,19,0,0,0,
2023-02-02,6641,0,0,19,9250,0,0,0,20,1,0,0,
2023-02-03,6641,0,0,19,9250,0,0,0,19,0,0,0,
2023-02-06,6641,0,0,19,9250,0,0,0,19,0,0,0,
2023-02-07,6641,0,0,19,9250,0,0,0,19,0,0,0,
2023-02-08,6641,0,0,19,9250,0,0,0,19,0,0,0,
2023-02-09,6641,0,0,19,9250,0,0,0,19,0,0,0,
2023-02-10,6641,1,1,19,9250,0,0,0,19,0,0,0,
2023-02-13,6641,0,0,19,9250,0,0,0,19,0,0,0,
2023-02-14,6641,0,0,19,9250,0,0,0,19,0,0,0,
2023-02-15,6641,0,0,19,9250,0,0,0,19,0,0,0,
2023-02-16,6641,5,3,21,9250,0,0,0,19,0,0,0,
2023-02-17,6641,1,0,22,9250,0,0,0,21,0,0,0,
2023-02-20,6641,0,0,22,9250,0,0,0,22,0,0,0,
2023-02-21,6641,0,0,22,9250,0,0,0,22,0,0,0,
2023-02-22,6641,2,1,23,9250,0,0,0,22,0,0,0,
2023-02-23,6641,0,0,23,9250,0,0,0,23,0,0,0,
2023-02-24,6641,0,0,22,9250,0,0,0,23,1,0,0,
2023-03-01,6641,1,0,23,9250,0,0,0,22,0,0,0,
2023-03-02,6641,1,0,24,9250,0,0,0,23,0,0,0,
2023-03-03,6641,0,1,23,9250,0,0,0,24,0,0,0,
2023-03-06,6641,0,0,23,9250,0,0,0,23,0,0,0,
2023-03-07,6641,4,0,27,9250,0,0,0,23,0,0,0,
2023-03-08,6641,0,0,26,9250,0,0,0,27,1,0,0,
2023-03-09,6641,0,0,26,9250,0,0,0,26,0,0,0,
2023-03-10,6641,0,2,24,9250,0,0,0,26,0,0,0,
2023-03-13,6641,0,3,21,9250,0,0,0,24,0,0,0,
2023-03-14,6641,0,0,21,9250,0,0,0,21,0,0,0,
2023-03-15,6641,0,2,19,9250,0,0,0,21,0,0,0,
2023-03-16,6641,0,0,19,9250,0,0,0,19,0,0,0,
2023-03-17,6641,0,0,19,9250,0,0,0,19,0,0,0,
2023-03-20,6641,0,0,19,9250,0,0,0,19,0,0,0,
2023-03-21,6641,0,2,17,9250,0,0,0,19,0,0,0,
2023-03-22,6641,0,0,17,9250,0,0,0,17,0,0,0,
2023-03-23,6641,0,0,17,9250,0,0,0,17,0,0,0,
2023-03-24,6641,1,0,17,9250,0,0,0,17,1,0,0,
2023-03-27,6641,1,4,14,9250,0,0,0,17,0,0,0,X
2023-03-28,6641,0,1,13,9250,0,0,0,14,0,0,0,X
2023-03-29,6641,0,0,13,9250,0,0,0,13,0,0,0,X
2023-03-30,6641,0,0,13,9250,0,0,0,13,0,0,0,X
2023-03-31,6641,0,0,13,9250,0,0,0,13,0,0,0,
2023-04-06,6641,0,0,13,9250,0,0,0,13,0,0,0,
2023-04-07,6641,1,0,14,9250,0,0,0,13,0,0,0,
2023-04-10,6641,0,0,14,9250,0,0,0,14,0,0,0,
2023-04-11,6641,0,0,14,9250,0,0,0,14,0,0,0,
2023-04-12,6641,1,0,15,9250,0,0,0,14,0,0,0,
2023-04-13,6641,0,0,15,9250,0,0,0,15,0,0,0,
2023-04-14,6641,0,0,15,9250,0,0,0,15,0,0,0,
2023-04-17,6641,0,0,15,9250,0,0,0,15,0,0,0,
2023-04-18,6641,0,0,15,9250,0,0,0,15,0,0,0,
2023-04-19,6641,0,0,15,9250,0,0,0,15,0,0,0,
2023-04-20,6641,0,0,15,9250,0,0,0,15,0,0,0,
2023-04-21,6641,2,1,16,9250,0,0,0,15,0,0,0,
2023-04-24,6641,0,2,14,9250,0,0,0,16,0,0,0,
2023-04-25,6641,0,0,14,9250,0,0,0,14,0,0,0,
2023-04-26,6641,0,0,13,9250,0,0,0,14,1,0,0,
2023-04-27,6641,0,0,13,9250,0,0,0,13,0,0,0,
2023-04-28,6641,0,0,13,9250,0,0,0,13,0,0,0,
2023-05-02,6641,0,0,13,9250,0,0,0,13,0,0,0,
2023-05-03,6641,0,0,13,9250,0,0,0,13,0,0,0,
2023-05-04,6641,0,0,13,9250,0,0,0,13,0,0,0,
2023-05-05,6641,0,0,13,9250,0,0,0,13,0,0,0,
2023-05-08,6641,2,0,15,9250,0,0,0,13,0,0,0,
2023-05-09,6641,1,2,14,9250,0,0,0,15,0,0,0,
2023-05-10,6641,0,2,12,9250,0,0,0,14,0,0,0,
2023-05-11,6641,0,0,12,9250,0,0,0,12,0,0,0,
2023-05-12,6641,0,0,12,9250,0,0,0,12,0,0,0,
2023-05-15,6641,0,0,12,9250,0,0,0,12,0,0,0,
2023-05-16,6641,0,0,12,9250,0,0,0,12,0,0,0,
2023-05-17,6641,0,0,12,9250,0,0,0,12,0,0,0,
2023-05-18,6641,0,1,11,9250,0,0,0,12,0,0,0,
2023-05-19,6641,0,0,11,9250,0,0,0,11,0,0,0,
2023-05-22,6641,0,0,11,9250,0,0,0,11,0,0,0,
2023-05-23,6641,3,0,14,9250,0,0,0,11,0,0,0,
2023-05-24,6641,0,2,12,9250,0,0,0,14,0,0,0,
2023-05-25,6641,0,0,12,9250,0,0,0,12,0,0,0,
2023-05-26,6641,4,0,16,9250,0,0,0,12,0,0,0,
2023-05-29,6641,5,0,21,9250,0,0,0,16,0,0,0,
2023-05-30,6641,0,8,13,9250,0,0,0,21,0,0,0,
2023-05-31,6641,0,2,11,9250,0,0,0,13,0,0,0,
2023-06-01,6641,0,0,11,9250,0,0,0,11,0,0,0,
2023-06-02,6641,0,0,11,9250,0,0,0,11,0,0,0,
2023-06-05,6641,0,0,11,9250,0,0,0,11,0,0,0,
2023-06-06,6641,0,0,11,9250,0,0,0,11,0,0,0,
2023-06-07,6641,0,0,11,9250,0,0,0,11,0,0,0,
2023-06-08,6641,0,0,11,9250,0,0,0,11,0,0,0,
2023-06-09,6641,0,0,11,9250,0,0,0,11,0,0,0,
2023-06-12,6641,0,0,11,9250,0,0,0,11,0,0,0,
2023-06-13,6641,0,0,11,9250,0,0,0,11,0,0,0,
2023-06-14,6641,0,0,11,9250,0,0,0,11,0,0,0,
2023-06-15,6641,0,0,11,9250,0,0,0,11,0,0,0,
2023-06-16,6641,0,0,11,9250,0,0,0,11,0,0,0,
2023-06-19,6641,0,0,11,9250,0,0,0,11,0,0,0,
2023-06-20,6641,0,0,11,9250,0,0,0,11,0,0,0,
2023-06-21,6641,0,0,11,9250,0,0,0,11,0,0,0,
2023-06-26,6641,0,0,11,9250,0,0,0,11,0,0,0,
2023-06-27,6641,0,0,11,9250,0,0,0,11,0,0,0,
2023-06-28,6641,0,0,11,9250,0,0,0,11,0,0,0,
2023-06-29,6641,0,0,10,9250,0,0,0,11,1,0,0,X
2023-06-30,6641,10,0,20,9250,0,0,0,10,0,0,0,X
2023-07-03,6641,3,0,23,9250,0,0,0,20,0,0,0,X
2023-07-04,6641,0,0,23,9250,0,0,0,23,0,0,0,X
2023-07-05,6641,1,1,23,9250,0,0,0,23,0,0,0,
2023-07-06,6641,1,0,24,9250,0,0,0,23,0,0,0,
2023-07-07,6641,0,0,24,9250,0,0,0,24,0,0,0,
2023-07-10,6641,0,0,24,9250,0,0,0,24,0,0,0,
2023-07-11,6641,0,0,24,9250,0,0,0,24,0,0,0,
2023-07-12,6641,0,1,23,9250,0,0,0,24,0,0,0,
2023-07-13,6641,0,0,23,9250,0,0,0,23,0,0,0,
2023-07-14,6641,0,0,23,9250,0,0,0,23,0,0,0,
2023-07-17,6641,0,0,23,9250,0,0,0,23,0,0,0,
2023-07-18,6641,0,0,23,9250,0,0,0,23,0,0,0,
2023-07-19,6641,0,2,21,9250,0,0,0,23,0,0,0,
2023-07-20,6641,0,0,21,9250,0,0,0,21,0,0,0,
2023-07-21,6641,0,0,21,9250,0,0,0,21,0,0,0,
2023-07-24,6641,0,0,21,9250,0,0,0,21,0,0,0,
2023-07-25,6641,0,0,21,9250,0,0,0,21,0,0,0,
2023-07-26,6641,0,0,21,9250,0,0,0,21,0,0,0,
2023-07-27,6641,0,0,21,9250,0,0,0,21,0,0,0,
2023-07-28,6641,0,0,21,9250,0,0,0,21,0,0,0,
2023-07-31,6641,0,0,21,9250,0,0,0,21,0,0,0,
2023-08-01,6641,1,0,22,9250,0,0,0,21,0,0,0,
2023-08-02,6641,0,0,22,9250,0,0,0,22,0,0,0,
2023-08-04,6641,0,0,22,9250,0,0,0,22,0,0,0,
2023-08-07,6641,0,0,22,9250,0,0,0,22,0,0,0,
2023-08-08,6641,0,0,22,9250,0,0,0,22,0,0,0,
2023-08-09,6641,0,0,22,9250,0,0,0,22,0,0,0,
2023-08-10,6641,0,0,22,9250,0,0,0,22,0,0,0,
2023-08-11,6641,0,0,22,9250,0,0,0,22,0,0,0,
2023-08-14,6641,0,0,22,9250,0,0,0,22,0,0,0,
2023-08-15,6641,0,0,22,9250,0,0,0,22,0,0,0,
2023-08-16,6641,0,0,22,9250,0,0,0,22,0,0,0,
2023-08-17,6641,0,0,22,9250,0,0,0,22,0,0,0,
2023-08-18,6641,0,0,22,9250,0,0,0,22,0,0,0,
2023-08-21,6641,0,0,22,9250,0,0,0,22,0,0,0,
2023-08-22,6641,0,0,22,9250,0,0,0,22,0,0,0,
2023-08-23,6641,0,0,22,9250,0,0,0,22,0,0,0,
2023-08-24,6641,0,0,22,9250,0,0,0,22,0,0,0,
2023-08-25,6641,0,0,22,9250,0,0,0,22,0,0,0,
2023-08-28,6641,0,0,22,9250,0,0,0,22,0,0,0,
2023-08-29,6641,0,0,22,9250,0,0,0,22,0,0,0,
2023-08-30,6641,0,0,22,9250,0,0,0,22,0,0,0,
2023-08-31,6641,0,0,22,9250,0,0,0,22,0,0,0,
2023-09-01,6641,0,0,22,9250,0,0,0,22,0,0,0,
2023-09-04,6641,0,0,22,9250,0,0,0,22,0,0,0,
2023-09-05,6641,0,0,22,9250,0,0,0,22,0,0,0,
2023-09-06,6641,0,0,22,9250,0,0,0,22,0,0,0,
2023-09-07,6641,2,0,24,9250,0,0,0,22,0,0,0,
2023-09-08,6641,0,0,24,9250,0,0,0,24,0,0,0,
2023-09-11,6641,0,0,24,9250,0,0,0,24,0,0,0,
2023-09-12,6641,0,0,22,9250,0,0,0,24,2,0,0,
2023-09-13,6641,0,0,21,9250,0,0,0,22,1,0,0,
2023-09-14,6641,0,0,21,9250,0,0,0,21,0,0,0,
2023-09-15,6641,0,0,21,9250,0,0,0,21,0,0,0,
2023-09-18,6641,0,0,21,9250,0,0,0,21,0,0,0,
2023-09-19,6641,0,0,21,9250,0,0,0,21,0,0,0,
2023-09-20,6641,0,0,21,9250,0,0,0,21,0,0,0,
2023-09-21,6641,0,0,21,9250,0,0,0,21,0,0,0,
2023-09-22,6641,0,0,21,9250,0,0,0,21,0,0,0,
2023-09-25,6641,0,0,21,9250,0,0,0,21,0,0,0,
2023-09-26,6641,0,0,21,9250,0,0,0,21,0,0,0,
2023-09-27,6641,1,0,22,9250,0,0,0,21,0,0,0,
2023-09-28,6641,0,0,21,9250,0,0,0,22,1,0,0,
2023-10-02,6641,0,0,21,9250,0,0,0,21,0,0,0,
2023-10-03,6641,0,0,21,9250,0,0,0,21,0,0,0,
2023-10-04,6641,0,0,21,9250,0,0,0,21,0,0,0,
2023-10-05,6641,0,0,21,9250,0,0,0,21,0,0,0,
2023-10-06,6641,0,0,21,9250,0,0,0,21,0,0,0,
2023-10-11,6641,0,0,21,9250,0,0,0,21,0,0,0,
2023-10-12,6641,0,0,21,9250,0,0,0,21,0,0,0,
2023-10-13,6641,0,0,21,9250,0,0,0,21,0,0,0,
2023-10-16,6641,0,0,21,9250,0,0,0,21,0,0,0,
2023-10-17,6641,0,0,21,9250,0,0,0,21,0,0,0,
2023-10-18,6641,1,0,22,9250,0,0,0,21,0,0,0,
2023-10-19,6641,0,0,22,9250,0,0,0,22,0,0,0,
2023-10-20,6641,0,0,22,9250,0,0,0,22,0,0,0,
2023-10-23,6641,0,0,22,9250,0,0,0,22,0,0,0,
2023-10-24,6641,0,0,22,9250,0,0,0,22,0,0,0,
2023-10-25,6641,0,0,22,9250,0,0,0,22,0,0,0,
2023-10-26,6641,0,0,22,9250,0,0,0,22,0,0,0,
2023-10-27,6641,0,0,22,9250,0,0,0,22,0,0,0,
2023-10-30,6641,1,0,23,9250,0,0,0,22,0,0,0,
2023-10-31,6641,1,0,24,9250,0,0,0,23,0,0,0,
2023-11-01,6641,0,0,24,9250,0,0,0,24,0,0,0,
2023-11-02,6641,0,0,24,9250,0,0,0,24,0,0,0,
2023-11-03,6641,0,0,24,9250,0,0,0,24,0,0,0,
2023-11-06,6641,0,0,24,9250,0,0,0,24,0,0,0,
2023-11-07,6641,0,0,24,9250,0,0,0,24,0,0,0,
2023-11-08,6641,0,0,24,9250,0,0,0,24,0,0,0,
2023-11-09,6641,0,0,24,9250,0,0,0,24,0,0,0,
2023-11-10,6641,0,0,24,9250,0,0,0,24,0,0,0,
2023-11-13,6641,0,0,24,9250,0,0,0,24,0,0,0,
2023-11-14,6641,3,0,24,9250,0,0,0,24,3,0,0,
2023-11-15,6641,0,0,24,9250,0,0,0,24,0,0,0,
2023-11-16,6641,0,1,23,9250,0,0,0,24,0,0,0,
2023-11-17,6641,0,0,23,9250,0,0,0,23,0,0,0,
2023-11-20,6641,0,0,23,9250,0,0,0,23,0,0,0,
2023-11-21,6641,4,0,27,9250,0,0,0,23,0,0,0,
2023-11-22,6641,0,0,27,9250,0,0,0,27,0,0,0,
2023-11-23,6641,0,0,27,9250,0,0,0,27,0,0,0,
2023-11-24,6641,0,0,27,9250,0,0,0,27,0,0,0,
2023-11-27,6641,0,0,27,9250,0,0,0,27,0,0,0,
2023-11-28,6641,1,0,28,9250,0,0,0,27,0,0,0,
2023-11-29,6641,1,0,29,9250,0,0,0,28,0,0,0,
2023-11-30,6641,0,0,29,9250,0,0,0,29,0,0,0,
2023-12-01,6641,0,0,29,9250,0,0,0,29,0,0,0,
2023-12-04,6641,0,0,29,9250,0,0,0,29,0,0,0,
2023-12-05,6641,0,1,28,9250,0,0,0,29,0,0,0,
2023-12-06,6641,1,2,27,9250,0,0,0,28,0,0,0,
2023-12-07,6641,0,0,27,9250,0,0,0,27,0,0,0,
2023-12-08,6641,1,0,28,9250,0,0,0,27,0,0,0,
2023-12-11,6641,0,0,28,9250,0,0,0,28,0,0,0,
2023-12-12,6641,0,0,28,9250,0,0,0,28,0,0,0,
2023-12-13,6641,0,1,27,9250,0,0,0,28,0,0,0,
2023-12-14,6641,0,0,27,9250,0,0,0,27,0,0,0,
2023-12-15,6641,0,0,27,9250,0,0,0,27,0,0,0,
2023-12-18,6641,0,0,27,9250,0,0,0,27,0,0,0,
2023-12-19,6641,0,2,25,9250,0,0,0,27,0,0,0,
2023-12-20,6641,0,0,25,9250,0,0,0,25,0,0,0,
2023-12-21,6641,0,0,25,9250,0,0,0,25,0,0,0,
2023-12-22,6641,0,0,25,9250,0,0,0,25,0,0,0,
2023-12-25,6641,0,0,25,9250,0,0,0,25,0,0,0,
2023-12-26,6641,0,0,25,9250,0,0,0,25,0,0,0,
2023-12-27,6641,0,0,25,9250,0,0,0,25,0,0,0,
2023-12-28,6641,0,0,25,9250,0,0,0,25,0,0,0,
2023-12-29,6641,0,0,25,9250,0,0,0,25,0,0,0,
2024-01-02,6641,0,1,24,9250,0,0,0,25,0,0,0,
2024-01-03,6641,0,0,24,9250,0,0,0,24,0,0,0,
2024-01-04,6641,0,0,24,9250,0,0,0,24,0,0,0,
2024-01-05,6641,0,0,24,9250,0,0,0,24,0,0,0,
2024-01-08,6641,1,2,23,9250,0,0,0,24,0,0,0,
2024-01-09,6641,1,0,24,9250,0,0,0,23,0,0,0,
2024-01-10,6641,0,0,24,9250,0,0,0,24,0,0,0,
2024-01-11,6641,0,0,24,9250,0,0,0,24,0,0,0,
2024-01-12,6641,0,0,24,9250,0,0,0,24,0,0,0,
2024-01-15,6641,0,0,24,9250,0,0,0,24,0,0,0,
2024-01-16,6641,0,0,24,9250,0,0,0,24,0,0,0,
2024-01-17,6641,0,0,24,9250,0,0,0,24,0,0,0,
2024-01-18,6641,0,0,24,9250,0,0,0,24,0,0,0,
2024-01-19,6641,0,0,24,9250,0,0,0,24,0,0,0,
2024-01-22,6641,0,0,24,9250,0,0,0,24,0,0,0,
2024-01-23,6641,0,0,24,9250,0,0,0,24,0,0,0,
2024-01-24,6641,0,0,24,9250,0,0,0,24,0,0,0,
2024-01-25,6641,0,0,24,9250,0,0,0,24,0,0,0,
2024-01-26,6641,0,0,24,9250,0,0,0,24,0,0,0,
2024-01-29,6641,0,0,24,9250,0,0,0,24,0,0,0,
2024-01-30,6641,0,0,24,9250,0,0,0,24,0,0,0,
2024-01-31,6641,0,0,24,9250,0,0,0,24,0,0,0,
2024-02-01,6641,0,0,24,9250,0,0,0,24,0,0,0,
2024-02-02,6641,0,0,24,9250,0,0,0,24,0,0,0,
2024-02-05,6641,0,0,24,9250,0,0,0,24,0,0,0,
2024-02-15,6641,0,0,24,9250,0,0,0,24,0,0,0,
2024-02-16,6641,0,0,24,9250,0,0,0,24,0,0,0,
2024-02-19,6641,0,0,24,9250,0,0,0,24,0,0,0,
2024-02-20,6641,0,0,24,9250,0,0,0,24,0,0,0,
2024-02-21,6641,0,0,24,9250,0,0,0,24,0,0,0,
2024-02-22,6641,0,0,24,9250,0,0,0,24,0,0,0,
2024-02-23,6641,0,0,24,9250,0,0,0,24,0,0,0,
2024-02-26,6641,0,0,24,9250,0,0,0,24,0,0,0,
2024-02-27,6641,0,0,24,9250,0,0,0,24,0,0,0,
2024-02-29,6641,4,0,28,9250,0,0,0,24,0,0,0,
2024-03-01,6641,0,0,28,9250,0,0,0,28,0,0,0,
2024-03-04,6641,1,0,29,9250,0,0,0,28,0,0,0,
2024-03-05,6641,0,0,29,9250,0,0,0,29,0,0,0,
2024-03-06,6641,0,1,28,9250,0,0,0,29,0,0,0,
2024-03-07,6641,0,0,28,9250,0,0,0,28,0,0,0,
2024-03-08,6641,0,0,28,9250,0,0,0,28,0,0,0,
2024-03-11,6641,3,0,31,9250,0,0,0,28,0,0,0,
2024-03-12,6641,0,2,29,9250,0,0,0,31,0,0,0,
2024-03-13,6641,0,0,29,9250,0,0,0,29,0,0,0,
2024-03-14,6641,0,0,29,9250,0,0,0,29,0,0,0,
2024-03-15,6641,0,0,29,9250,0,0,0,29,0,0,0,
2024-03-18,6641,0,0,29,9250,0,0,0,29,0,0,0,
2024-03-19,6641,1,2,28,9250,0,0,0,29,0,0,0,
2024-03-20,6641,0,0,28,9250,0,0,0,28,0,0,0,
2024-03-21,6641,1,0,29,9250,0,0,0,28,0,0,0,
2024-03-22,6641,0,0,29,9250,0,0,0,29,0,0,0,
2024-03-25,6641,0,0,29,9250,0,0,0,29,0,0,0,
2024-03-26,6641,2,2,29,9250,0,0,0,29,0,0,0,X
2024-03-27,6641,0,0,28,9250,0,0,0,29,1,0,0,X
2024-03-28,6641,2,0,27,9250,0,0,0,28,3,0,0,X
2024-03-29,6641,0,0,27,9250,0,0,0,27,0,0,0,X
2024-04-01,6641,0,1,26,9250,0,0,0,27,0,0,0,
2024-04-02,6641,0,0,26,9250,0,0,0,26,0,0,0,
2024-04-03,6641,0,0,26,9250,0,0,0,26,0,0,0,
2024-04-08,6641,1,0,27,9250,0,0,0,26,0,0,0,
2024-04-09,6641,0,0,27,9250,0,0,0,27,0,0,0,
2024-04-10,6641,0,0,26,9250,0,0,0,27,1,0,0,
2024-04-11,6641,1,1,26,9250,0,0,0,26,0,0,0,
2024-04-12,6641,0,0,25,9250,0,0,0,26,1,0,0,
2024-04-15,6641,2,0,27,9250,0,0,0,25,0,0,0,
2024-04-16,6641,4,0,31,9250,0,0,0,27,0,0,0,
2024-04-17,6641,0,0,31,9250,0,0,0,31,0,0,0,
2024-04-18,6641,3,0,34,9250,0,0,0,31,0,0,0,
2024-04-19,6641,2,0,36,9250,0,0,0,34,0,0,0,
2024-04-22,6641,0,1,35,9250,0,0,0,36,0,0,0,
2024-04-23,6641,0,0,35,9250,0,0,0,35,0,0,0,
2024-04-24,6641,0,1,34,9250,0,0,0,35,0,0,0,
2024-04-25,6641,0,0,34,9250,0,0,0,34,0,0,0,
2024-04-26,6641,0,1,33,9250,0,0,0,34,0,0,0,
2024-04-29,6641,0,0,33,9250,0,0,0,33,0,0,0,
2024-04-30,6641,1,0,34,9250,0,0,0,33,0,0,0,
2024-05-02,6641,0,0,34,9250,0,0,0,34,0,0,0,
2024-05-03,6641,0,0,34,9250,0,0,0,34,0,0,0,
2024-05-06,6641,0,0,34,9250,0,0,0,34,0,0,0,
2024-05-07,6641,0,0,34,9250,0,0,0,34,0,0,0,
2024-05-08,6641,0,0,34,9250,0,0,0,34,0,0,0,
2024-05-09,6641,0,0,34,9250,0,0,0,34,0,0,0,
2024-05-10,6641,0,0,34,9250,0,0,0,34,0,0,0,
2024-05-13,6641,0,0,34,9250,0,0,0,34,0,0,0,
2024-05-14,6641,0,0,34,9250,0,0,0,34,0,0,0,
2024-05-15,6641,0,0,34,9250,0,0,0,34,0,0,0,
2024-05-16,6641,0,0,34,9250,0,0,0,34,0,0,0,
2024-05-17,6641,0,0,34,9250,0,0,0,34,0,0,0,
2024-05-20,6641,0,0,34,9250,0,0,0,34,0,0,0,
2024-05-21,6641,0,0,34,9250,0,0,0,34,0,0,0,
2024-05-22,6641,2,0,36,9250,0,0,0,34,0,0,0,
2024-05-23,6641,2,0,38,9250,0,0,0,36,0,0,0,
2024-05-24,6641,0,0,38,9250,0,0,0,38,0,0,0,
2024-05-27,6641,0,0,38,9250,0,0,0,38,0,0,0,
2024-05-28,6641,0,0,38,9250,0,0,0,38,0,0,0,
2024-05-29,6641,0,0,38,9250,0,0,0,38,0,0,0,
2024-05-30,6641,0,0,38,9250,0,0,0,38,0,0,0,
2024-05-31,6641,0,2,36,9250,0,0,0,38,0,0,0,
2024-06-03,6641,0,2,34,9250,0,0,0,36,0,0,0,
2024-06-04,6641,0,0,34,9250,0,0,0,34,0,0,0,
2024-06-05,6641,0,0,34,9250,0,0,0,34,0,0,0,
2024-06-06,6641,0,0,34,9250,0,0,0,34,0,0,0,
2024-06-07,6641,0,1,33,9250,0,0,0,34,0,0,0,
2024-06-11,6641,0,0,33,9250,0,0,0,33,0,0,0,
2024-06-12,6641,0,0,33,9250,0,0,0,33,0,0,0,
2024-06-13,6641,0,0,33,9250,0,0,0,33,0,0,0,
2024-06-14,6641,1,0,34,9250,0,0,0,33,0,0,0,
2024-06-17,6641,0,0,34,9250,0,0,0,34,0,0,0,
2024-06-18,6641,0,0,34,9250,0,0,0,34,0,0,0,
2024-06-19,6641,0,0,34,9250,0,0,0,34,0,0,0,
2024-06-20,6641,0,1,33,9250,0,0,0,34,0,0,0,
2024-06-21,6641,0,0,33,9250,0,0,0,33,0,0,0,
2024-06-24,6641,0,0,33,9250,0,0,0,33,0,0,0,
2024-06-25,6641,0,0,33,9250,0,0,0,33,0,0,0,
2024-06-26,6641,0,0,33,9250,0,0,0,33,0,0,0,
2024-06-27,6641,0,0,33,9250,0,0,0,33,0,0,0,X
2024-06-28,6641,0,0,33,9250,0,0,0,33,0,0,0,X
2024-07-01,6641,0,0,33,9250,0,0,0,33,0,0,0,X
2024-07-02,6641,0,0,33,9250,0,0,0,33,0,0,0,X
2024-07-03,6641,1,0,34,9250,0,0,0,33,0,0,0,
2024-07-04,6641,0,0,34,9250,0,0,0,34,0,0,0,
2024-07-05,6641,0,0,34,9250,0,0,0,34,0,0,0,
2024-07-08,6641,8,0,42,9250,0,0,0,34,0,0,0,
2024-07-09,6641,1,0,43,9250,0,0,0,42,0,0,0,
2024-07-10,6641,0,0,43,9250,0,0,0,43,0,0,0,
2024-07-11,6641,0,0,43,9250,0,0,0,43,0,0,0,
2024-07-12,6641,0,1,42,9250,0,0,0,43,0,0,0,
2024-07-15,6641,0,0,42,9250,0,0,0,42,0,0,0,
2024-07-16,6641,0,0,42,9250,0,0,0,42,0,0,0,
2024-07-17,6641,4,0,46,9250,0,0,0,42,0,0,0,
2024-07-18,6641,0,0,46,9250,0,0,0,46,0,0,0,
2024-07-19,6641,0,0,46,9250,0,0,0,46,0,0,0,
2024-07-22,6641,1,0,47,9250,0,0,0,46,0,0,0,
2024-07-23,6641,0,2,45,9250,0,0,0,47,0,0,0,
2024-07-26,6641,0,0,45,9250,0,0,0,45,0,0,0,
2024-07-29,6641,0,2,43,9250,0,0,0,45,0,0,0,
2024-07-30,6641,0,0,43,9250,0,0,0,43,0,0,0,
2024-07-31,6641,0,1,42,9250,0,0,0,43,0,0,0,
2024-08-01,6641,0,1,41,9250,0,0,0,42,0,0,0,
2024-08-02,6641,0,2,39,9250,0,0,0,41,0,0,0,
2024-08-05,6641,1,4,36,9250,0,0,0,39,0,0,0,
2024-08-06,6641,0,0,36,9250,0,0,0,36,0,0,0,
2024-08-07,6641,0,0,36,9250,0,0,0,36,0,0,0,
2024-08-08,6641,0,0,36,9250,0,0,0,36,0,0,0,
2024-08-09,6641,0,0,36,9250,0,0,0,36,0,0,0,
2024-08-12,6641,0,0,36,9250,0,0,0,36,0,0,0,
2024-08-13,6641,0,1,35,9250,0,0,0,36,0,0,0,
2024-08-14,6641,0,0,35,9250,0,0,0,35,0,0,0,
2024-08-15,6641,0,0,35,9250,0,0,0,35,0,0,0,
2024-08-16,6641,0,0,35,9250,0,0,0,35,0,0,0,
2024-08-19,6641,0,3,32,9250,0,0,0,35,0,0,0,
2024-08-20,6641,0,1,31,9250,0,0,0,32,0,0,0,
2024-08-21,6641,0,0,29,9250,0,0,0,31,2,0,0,
2024-08-22,6641,0,0,29,9250,0,0,0,29,0,0,0,
2024-08-23,6641,0,0,29,9250,0,0,0,29,0,0,0,
2024-08-26,6641,0,0,29,9250,0,0,0,29,0,0,0,
2024-08-27,6641,0,0,29,9250,0,0,0,29,0,0,0,
2024-08-28,6641,0,0,29,9250,0,0,0,29,0,0,0,
2024-08-29,6641,0,0,29,9250,0,0,0,29,0,0,0,
2024-08-30,6641,0,0,29,9250,0,0,0,29,0,0,0,
2024-09-02,6641,0,0,27,9250,0,0,0,29,2,0,0,
2024-09-03,6641,0,0,27,9250,0,0,0,27,0,0,0,
2024-09-04,6641,1,0,28,9250,0,0,0,27,0,0,0,
2024-09-05,6641,0,0,28,9250,0,0,0,28,0,0,0,
2024-09-06,6641,0,0,28,9250,0,0,0,28,0,0,0,
2024-09-09,6641,1,0,29,9250,0,0,0,28,0,0,0,
2024-09-10,6641,0,0,29,9250,0,0,0,29,0,0,0,
2024-09-11,6641,0,0,29,9250,0,0,0,29,0,0,0,
2024-09-12,6641,0,0,29,9250,0,0,0,29,0,0,0,
2024-09-13,6641,0,0,29,9250,0,0,0,29,0,0,0,
2024-09-16,6641,0,0,29,9250,0,0,0,29,0,0,0,
2024-09-18,6641,0,0,29,9250,0,0,0,29,0,0,0,
2024-09-19,6641,0,0,29,9250,0,0,0,29,0,0,0,
2024-09-20,6641,0,0,29,9250,0,0,0,29,0,0,0,
2024-09-23,6641,0,0,29,9250,0,0,0,29,0,0,0,
2024-09-24,6641,0,0,29,9250,0,0,0,29,0,0,0,
2024-09-25,6641,0,0,29,9250,0,0,0,29,0,0,0,
2024-09-26,6641,0,0,29,9250,0,0,0,29,0,0,0,
2024-09-27,6641,0,0,29,9250,0,0,0,29,0,0,0,
2024-09-30,6641,0,0,29,9250,0,0,0,29,0,0,0,
2024-10-01,6641,0,0,29,9250,0,0,0,29,0,0,0,
2024-10-04,6641,1,0,30,9250,0,0,0,29,0,0,0,
2024-10-07,6641,0,1,29,9250,0,0,0,30,0,0,0,
2024-10-08,6641,0,0,29,9250,0,0,0,29,0,0,0,
2024-10-09,6641,0,0,29,9250,0,0,0,29,0,0,0,
2024-10-11,6641,0,0,29,9250,0,0,0,29,0,0,0,
2024-10-14,6641,0,0,29,9250,0,0,0,29,0,0,0,
2024-10-15,6641,0,0,29,9250,0,0,0,29,0,0,0,
2024-10-16,6641,0,0,29,9250,0,0,0,29,0,0,0,
2024-10-17,6641,0,0,29,9250,0,0,0,29,0,0,0,
2024-10-18,6641,0,0,29,9250,0,0,0,29,0,0,0,
2024-10-21,6641,0,0,29,9250,0,0,0,29,0,0,0,
2024-10-22,6641,0,0,29,9250,0,0,0,29,0,0,0,
2024-10-23,6641,0,0,29,9250,0,0,0,29,0,0,0,
2024-10-24,6641,10,6,33,9250,0,0,0,29,0,0,0,
2024-10-25,6641,5,0,38,9250,0,0,0,33,0,0,0,
2024-10-28,6641,0,0,38,9250,0,0,0,38,0,0,0,
2024-10-29,6641,0,2,36,9250,0,0,0,38,0,0,0,
2024-10-30,6641,4,0,40,9250,0,0,0,36,0,0,0,
2024-11-01,6641,0,0,40,9250,0,0,0,40,0,0,0,
2024-11-04,6641,0,0,40,9250,0,0,0,40,0,0,0,
2024-11-05,6641,0,0,40,9250,0,0,0,40,0,0,0,
2024-11-06,6641,1,0,41,9250,0,0,0,40,0,0,0,
2024-11-07,6641,0,0,41,9250,0,0,0,41,0,0,0,
2024-11-08,6641,0,0,41,9250,0,0,0,41,0,0,0,
2024-11-11,6641,0,0,41,9250,0,0,0,41,0,0,0,
2024-11-12,6641,0,0,41,9250,0,0,0,41,0,0,0,
2024-11-13,6641,0,0,41,9250,0,0,0,41,0,0,0,
2024-11-14,6641,0,0,41,9250,0,0,0,41,0,0,0,
2024-11-15,6641,0,0,41,9250,0,0,0,41,0,0,0,
2024-11-18,6641,5,0,46,9250,0,0,0,41,0,0,0,
2024-11-19,6641,0,1,45,9250,0,0,0,46,0,0,0,
2024-11-20,6641,6,0,51,9250,0,0,0,45,0,0,0,
2024-11-21,6641,0,0,51,9250,0,0,0,51,0,0,0,
2024-11-22,6641,0,0,51,9250,0,0,0,51,0,0,0,
2024-11-25,6641,10,0,61,9250,0,0,0,51,0,0,0,
2024-11-26,6641,2,1,62,9250,0,0,0,61,0,0,0,
2024-11-27,6641,0,0,62,9250,0,0,0,62,0,0,0,
2024-11-28,6641,2,0,64,9250,0,0,0,62,0,0,0,
2024-11-29,6641,0,1,63,9250,0,0,0,64,0,0,0,
2024-12-02,6641,2,0,65,9250,0,0,0,63,0,0,0,
2024-12-03,6641,1,0,66,9250,0,0,0,65,0,0,0,
2024-12-04,6641,6,0,72,9250,0,0,0,66,0,0,0,
2024-12-05,6641,0,0,72,9250,0,0,0,72,0,0,0,
2024-12-06,6641,0,0,63,9250,0,0,0,72,9,0,0,
2024-12-09,6641,1,1,63,9250,0,0,0,63,0,0,0,
2024-12-10,6641,0,0,63,9250,0,0,0,63,0,0,0,
2024-12-11,6641,0,11,52,9250,0,0,0,63,0,0,0,
2024-12-12,6641,5,10,47,9250,0,0,0,52,0,0,0,
2024-12-13,6641,0,1,42,9250,0,0,0,47,4,0,0,
2024-12-16,6641,0,0,42,9250,0,0,0,42,0,0,0,
2024-12-17,6641,2,0,44,9250,0,0,0,42,0,0,0,
2024-12-18,6641,0,0,44,9250,0,0,0,44,0,0,0,
2024-12-19,6641,0,0,44,9250,0,0,0,44,0,0,0,
2024-12-20,6641,0,0,44,9250,0,0,0,44,0,0,0,
2024-12-23,6641,0,0,44,9250,0,0,0,44,0,0,0,
2024-12-24,6641,1,0,45,9250,0,0,0,44,0,0,0,
2024-12-25,6641,4,0,49,9250,0,0,0,45,0,0,0,
2024-12-26,6641,0,0,49,9250,0,0,0,49,0,0,0,
2024-12-27,6641,1,0,50,9250,0,0,0,49,0,0,0,
2024-12-30,6641,0,0,50,9250,0,0,0,50,0,0,0,
2024-12-31,6641,0,1,49,9250,0,0,0,50,0,0,0,
2025-01-02,6641,1,0,50,9250,0,0,0,49,0,0,0,
2025-01-03,6641,1,0,51,9250,0,0,0,50,0,0,0,
2025-01-06,6641,1,0,52,9250,0,0,0,51,0,0,0,
2025-01-07,6641,0,1,51,9250,0,0,0,52,0,0,0,
2025-01-08,6641,1,1,51,9250,0,0,0,51,0,0,0,
2025-01-09,6641,1,1,51,9250,0,0,0,51,0,0,0,
2025-01-10,6641,1,1,51,9250,0,0,0,51,0,0,0,
2025-01-13,6641,1,0,52,9250,0,0,0,51,0,0,0,
2025-01-14,6641,0,0,52,9250,0,0,0,52,0,0,0,
2025-01-15,6641,2,1,53,9250,0,0,0,52,0,0,0,
2025-01-16,6641,0,0,53,9250,0,0,0,53,0,0,0,
2025-01-17,6641,5,0,58,9250,0,0,0,53,0,0,0,
2025-01-20,6641,5,1,62,9250,0,0,0,58,0,0,0,
2025-01-21,6641,3,0,65,9250,0,0,0,62,0,0,0,
2025-01-22,6641,2,1,66,9250,0,0,0,65,0,0,0,
2025-02-03,6641,13,2,77,9250,0,0,0,66,0,0,0,
2025-02-04,6641,4,0,81,9250,0,0,0,77,0,0,0,
2025-02-05,6641,4,2,72,9250,0,0,0,81,11,0,0,
2025-02-06,6641,1,2,71,9250,0,0,0,72,0,0,0,
2025-02-07,6641,6,1,76,9250,0,0,0,71,0,0,0,
2025-02-10,6641,0,0,76,9250,0,0,0,76,0,0,0,
2025-02-11,6641,8,0,84,9250,0,0,0,76,0,0,0,
2025-02-12,6641,5,0,89,9250,0,0,0,84,0,0,0,
2025-02-13,6641,1,1,89,9250,0,0,0,89,0,0,0,
2025-02-14,6641,13,0,102,9250,0,0,0,89,0,0,0,
2025-02-17,6641,2,0,104,9250,0,0,0,102,0,0,0,
2025-02-18,6641,2,0,106,9250,0,0,0,104,0,0,0,
2025-02-19,6641,4,0,110,9250,0,0,0,106,0,0,0,
2025-02-20,6641,1,0,111,9250,0,0,0,110,0,0,0,
2025-02-21,6641,3,1,110,9250,0,0,0,111,3,0,0,
2025-02-24,6641,4,2,112,9250,0,0,0,110,0,0,0,
2025-02-25,6641,0,0,112,9250,0,0,0,112,0,0,0,
2025-02-26,6641,3,0,115,9250,0,0,0,112,0,0,0,
2025-02-27,6641,2,5,112,9250,0,0,0,115,0,0,0,
2025-03-03,6641,1,8,105,9250,0,0,0,112,0,0,0,
2025-03-04,6641,0,3,102,9250,0,0,0,105,0,0,0,
2025-03-05,6641,0,3,99,9250,0,0,0,102,0,0,0,
2025-03-06,6641,0,24,75,9250,0,0,0,99,0,0,0,
2025-03-07,6641,0,21,54,9250,0,0,0,75,0,0,0,
2025-03-10,6641,0,13,41,9250,0,0,0,54,0,0,0,
2025-03-11,6641,0,0,41,9250,0,0,0,41,0,0,0,
2025-03-12,6641,0,0,41,9250,0,0,0,41,0,0,0,
2025-03-13,6641,0,0,41,9250,0,0,0,41,0,0,0,
2025-03-14,6641,0,0,41,9250,0,0,0,41,0,0,0,
2025-03-17,6641,0,0,41,9250,0,0,0,41,0,0,0,
2025-03-18,6641,0,0,41,9250,0,0,0,41,0,0,0,
2025-03-19,6641,0,0,41,9250,0,0,0,41,0,0,0,
2025-03-20,6641,0,0,41,9250,0,0,0,41,0,0,0,
2025-03-21,6641,0,0,41,9250,0,0,0,41,0,0,0,
2025-03-24,6641,0,0,41,9250,0,0,0,41,0,0,0,
2025-03-25,6641,0,0,33,9250,0,0,0,41,8,0,0,
2025-03-26,6641,0,0,33,9250,0,0,0,33,0,0,0,
2025-03-27,6641,0,0,33,9250,0,0,0,33,0,0,0,
2025-03-28,6641,0,0,33,9250,0,0,0,33,0,0,0,
2025-03-31,6641,0,0,33,9250,0,0,0,33,0,0,0,
2025-04-01,6641,0,0,33,9250,0,0,0,33,0,0,0,X
2025-04-02,6641,1,0,34,9250,0,0,0,33,0,0,0,X
2025-04-07,6641,1,4,31,9250,0,0,0,34,0,0,0,X
2025-04-08,6641,1,3,29,9250,0,0,0,31,0,0,0,X
2025-04-09,6641,1,0,30,9250,0,0,0,29,0,0,0,
2025-04-10,6641,0,3,27,9250,0,0,0,30,0,0,0,
2025-04-11,6641,0,0,27,9250,0,0,0,27,0,0,0,
2025-04-14,6641,0,0,27,9250,0,0,0,27,0,0,0,
2025-04-15,6641,0,0,27,9250,0,0,0,27,0,0,0,
2025-04-16,6641,1,0,28,9250,0,0,0,27,0,0,0,
2025-04-17,6641,0,1,27,9250,0,0,0,28,0,0,0,
2025-04-18,6641,0,0,27,9250,0,0,0,27,0,0,0,
2025-04-21,6641,0,0,27,9250,0,0,0,27,0,0,0,
2025-04-22,6641,0,0,27,9250,0,0,0,27,0,0,0,
2025-04-23,6641,7,0,34,9250,0,0,0,27,0,0,0,
2025-04-24,6641,1,1,34,9250,0,0,0,34,0,0,0,
2025-04-25,6641,3,0,37,9250,0,0,0,34,0,0,0,
2025-04-28,6641,0,0,37,9250,0,0,0,37,0,0,0,
2025-04-29,6641,0,0,37,9250,0,0,0,37,0,0,0,
2025-04-30,6641,0,0,37,9250,0,0,0,37,0,0,0,
2025-05-02,6641,0,0,37,9250,0,0,0,37,0,0,0,
2025-05-05,6641,1,1,37,9250,0,0,0,37,0,0,0,
2025-05-06,6641,4,0,41,9250,0,0,0,37,0,0,0,
2025-05-07,6641,0,1,40,9250,0,0,0,41,0,0,0,
2025-05-08,6641,0,3,37,9250,0,0,0,40,0,0,0,
2025-05-09,6641,1,0,38,9250,0,0,0,37,0,0,0,
2025-05-12,6641,1,1,38,9250,0,0,0,38,0,0,0,
2025-05-13,6641,2,0,40,9250,0,0,0,38,0,0,0,
2025-05-14,6641,1,0,41,9250,0,0,0,40,0,0,0,
2025-05-15,6641,0,2,39,9250,0,0,0,41,0,0,0,
2025-05-16,6641,0,0,39,9250,0,0,0,39,0,0,0,
2025-05-19,6641,0,0,39,9250,0,0,0,39,0,0,0,
2025-05-20,6641,1,0,40,9250,0,0,0,39,0,0,0,
2025-05-21,6641,0,0,40,9250,0,0,0,40,0,0,0,
2025-05-22,6641,0,0,40,9250,0,0,0,40,0,0,0,
2025-05-23,6641,0,0,40,9250,0,0,0,40,0,0,0,
2025-05-26,6641,0,0,40,9250,0,0,0,40,0,0,0,
2025-05-27,6641,0,0,40,9250,0,0,0,40,0,0,0,
2025-05-28,6641,0,0,40,9250,0,0,0,40,0,0,0,
2025-05-29,6641,0,0,40,9250,0,0,0,40,0,0,0,
2025-06-02,6641,1,2,39,9250,0,0,0,40,0,0,0,
2025-06-03,6641,1,0,40,9125,0,0,0,39,0,0,0,
2025-06-04,6641,0,1,39,9125,0,0,0,40,0,0,0,
2025-06-05,6641,0,0,39,9125,0,0,0,39,0,0,0,
2025-06-06,6641,0,1,38,9125,0,0,0,39,0,0,0,
2025-06-09,6641,1,0,39,9125,0,0,0,38,0,0,0,
2025-06-10,6641,1,1,39,9125,0,0,0,39,0,0,0,
2025-06-11,6641,0,0,36,9125,0,0,0,39,3,0,0,
2025-06-12,6641,0,0,36,9125,0,0,0,36,0,0,0,
2025-06-13,6641,0,1,35,9125,0,0,0,36,0,0,0,
2025-06-16,6641,0,1,34,9125,0,0,0,35,0,0,0,
2025-06-17,6641,0,0,34,9125,0,0,0,34,0,0,0,
2025-06-18,6641,0,0,34,9125,0,0,0,34,0,0,0,
2025-06-19,6641,0,0,34,9125,0,0,0,34,0,0,0,
2025-06-20,6641,0,0,34,9125,0,0,0,34,0,0,0,
2025-06-23,6641,0,0,34,9125,0,0,0,34,0,0,0,
2025-06-24,6641,0,1,33,9125,0,0,0,34,0,0,0,
2025-06-25,6641,0,1,32,9125,0,0,0,33,0,0,0,
2025-06-26,6641,0,0,32,9125,0,0,0,32,0,0,0,
2025-06-27,6641,0,0,32,9125,0,0,0,32,0,0,0,
2025-06-30,6641,1,0,33,9125,0,0,0,32,0,0,0,X
2025-07-01,6641,0,1,32,9125,0,0,0,33,0,0,0,X
2025-07-02,6641,0,0,32,9125,0,0,0,32,0,0,0,X
2025-07-03,6641,0,0,32,9125,0,0,0,32,0,0,0,X
2025-07-04,6641,6,5,33,9125,0,0,0,32,0,0,0,
2025-07-07,6641,1,2,32,9125,0,0,0,33,0,0,0,
2025-07-08,6641,0,0,32,9125,0,0,0,32,0,0,0,
2025-07-09,6641,0,0,32,9125,0,0,0,32,0,0,0,
2025-07-10,6641,0,2,30,9125,0,0,0,32,0,0,0,
2025-07-11,6641,0,0,30,9125,0,0,0,30,0,0,0,
2025-07-14,6641,0,0,30,9125,0,0,0,30,0,0,0,
2025-07-15,6641,2,0,32,9125,0,0,0,30,0,0,0,
2025-07-16,6641,3,1,34,9125,0,0,0,32,0,0,0,
2025-07-17,6641,1,1,34,9125,0,0,0,34,0,0,0,
2025-07-18,6641,0,0,34,9125,0,0,0,34,0,0,0,
2025-07-21,6641,0,0,34,9125,0,0,0,34,0,0,0,
2025-07-22,6641,0,1,33,9125,0,0,0,34,0,0,0,
2025-07-23,6641,1,1,29,9125,0,0,0,33,4,0,0,
2025-07-24,6641,0,0,29,9125,0,0,0,29,0,0,0,
2025-07-25,6641,0,0,29,9125,0,0,0,29,0,0,0,
2025-07-28,6641,6,0,35,9125,0,0,0,29,0,0,0,
2025-07-29,6641,1,0,36,9125,0,0,0,35,0,0,0,
2025-07-30,6641,0,0,36,9125,0,0,0,36,0,0,0,
2025-07-31,6641,4,0,40,9125,0,0,0,36,0,0,0,
2025-08-01,6641,0,0,40,9125,0,0,0,40,0,0,0,
2025-08-04,6641,0,0,40,9125,0,0,0,40,0,0,0,
2025-08-05,6641,0,0,40,9125,0,0,0,40,0,0,0,
2025-08-06,6641,0,0,40,9125,0,0,0,40,0,0,0,
2025-08-07,6641,0,0,40,9125,0,0,0,40,0,0,0,
2025-08-08,6641,0,0,40,9125,0,0,0,40,0,0,0,
2025-08-11,6641,0,0,40,9125,0,0,0,40,0,0,0,
2025-08-12,6641,5,0,45,9125,0,0,0,40,0,0,0,
2025-08-13,6641,4,0,49,9125,0,0,0,45,0,0,0,
2025-08-14,6641,2,18,33,9125,0,0,0,49,0,0,0,
2025-08-15,6641,9,0,42,9125,0,0,0,33,0,0,0,
2025-08-18,6641,0,1,41,9125,0,0,0,42,0,0,0,
2025-08-19,6641,0,0,41,9125,0,0,0,41,0,0,0,
2025-08-20,6641,2,0,43,9125,0,0,0,41,0,0,0,
2025-08-21,6641,0,0,43,9125,0,0,0,43,0,0,0,
2025-08-22,6641,5,0,48,9125,0,0,0,43,0,0,0,
2025-08-25,6641,1,0,49,9125,0,0,0,48,0,0,0,
2025-08-26,6641,5,0,54,9125,0,0,0,49,0,0,0,
2025-08-27,6641,0,0,54,9125,0,0,0,54,0,0,0,
2025-08-28,6641,0,0,54,9125,0,0,0,54,0,0,0,
2025-08-29,6641,4,0,58,9125,0,0,0,54,0,0,0,
2025-09-01,6641,4,0,62,9125,0,0,0,58,0,0,0,
2025-09-02,6641,0,0,62,9125,0,0,0,62,0,0,0,
2025-09-03,6641,5,0,67,9125,0,0,0,62,0,0,0,
2025-09-04,6641,0,0,67,9125,0,0,0,67,0,0,0,
2025-09-05,6641,2,0,69,9125,0,0,0,67,0,0,0,
2025-09-08,6641,0,0,69,9125,0,0,0,69,0,0,0,
2025-09-09,6641,3,0,72,9125,0,0,0,69,0,0,0,
2025-09-10,6641,14,1,85,9125,0,0,0,72,0,0,0,
2025-09-11,6641,1,0,86,9125,0,0,0,85,0,0,0,
2025-09-12,6641,1,0,87,9125,0,0,0,86,0,0,0,
2025-09-15,6641,0,0,87,9125,0,0,0,87,0,0,0,
2025-09-16,6641,4,0,90,9125,0,0,0,87,1,0,0,
2025-09-17,6641,0,0,90,9125,0,0,0,90,0,0,0,
2025-09-18,6641,1,0,91,9125,0,0,0,90,0,0,0,
2025-09-19,6641,29,0,120,9125,0,0,0,91,0,0,0,
2025-09-22,6641,6,9,117,9125,0,0,0,120,0,0,0,
2025-09-23,6641,0,5,112,9125,0,0,0,117,0,0,0,
2025-09-24,6641,2,18,96,9125,0,0,0,112,0,0,0,
2025-09-25,6641,1,0,97,9125,0,0,0,96,0,0,0,
2025-09-26,6641,0,0,97,9125,0,0,0,97,0,0,0,
2025-09-30,6641,2,0,99,9125,0,0,0,97,0,0,0,
2025-10-01,6641,0,0,99,9125,0,0,0,99,0,0,0,
2025-10-02,6641,3,0,102,9125,0,0,0,99,0,0,0,
2025-10-03,6641,0,1,101,9125,0,0,0,102,0,0,0,
2025-10-07,6641,1,0,102,9125,0,0,0,101,0,0,0,
2025-10-08,6641,4,0,106,9125,0,0,0,102,0,0,0,
2025-10-09,6641,0,0,106,9125,0,0,0,106,0,0,0,
2025-10-13,6641,0,0,106,9125,0,0,0,106,0,0,0,
2025-10-14,6641,0,0,106,9125,0,0,0,106,0,0,0,
2025-10-15,6641,0,1,105,9125,0,0,0,106,0,0,0,
2025-10-16,6641,0,0,105,9125,0,0,0,105,0,0,0,
2025-10-17,6641,0,6,99,9125,0,0,0,105,0,0,0,
2025-10-20,6641,0,0,99,9125,0,0,0,99,0,0,0,
2025-10-21,6641,0,2,97,9125,0,0,0,99,0,0,0,
2025-10-22,6641,0,0,97,9125,0,0,0,97,0,0,0,
2025-10-23,6641,0,0,97,9125,0,0,0,97,0,0,0,
2025-10-27,6641,62,9,150,9125,0,0,0,97,0,0,0,
2025-10-28,6641,10,8,152,9125,0,0,0,150,0,0,0,
2025-10-29,6641,5,7,150,9125,0,0,0,152,0,0,0,
2025-10-30,6641,0,0,150,9125,0,0,0,150,0,0,0,
2025-10-31,6641,1,0,151,9125,0,0,0,150,0,0,0,
2025-11-03,6641,1,2,150,9125,0,0,0,151,0,0,0,
2025-11-04,6641,0,3,147,9125,0,0,0,150,0,0,0,
2025-11-05,6641,1,0,148,9125,0,0,0,147,0,0,0,
2025-11-06,6641,5,7,146,9125,0,0,0,148,0,0,0,
2025-11-07,6641,0,0,146,9125,0,0,0,146,0,0,0,
2025-11-10,6641,2,5,143,9125,0,0,0,146,0,0,0,
2025-11-11,6641,1,2,142,9125,0,0,0,143,0,0,0,
2025-11-12,6641,1,2,141,9125,0,0,0,142,0,0,0,
2025-11-13,6641,0,0,141,9125,0,0,0,141,0,0,0,
2025-11-14,6641,0,0,141,9125,0,0,0,141,0,0,0,
2025-11-17,6641,0,1,140,9125,0,0,0,141,0,0,0,
2025-11-18,6641,0,0,140,9125,0,0,0,140,0,0,0,
2025-11-19,6641,0,0,140,9125,0,0,0,140,0,0,0,
2025-11-20,6641,0,0,140,9125,0,0,0,140,0,0,0,
2025-11-21,6641,0,0,140,9125,0,0,0,140,0,0,0,
2025-11-24,6641,0,0,140,9125,0,0,0,140,0,0,0,
2025-11-25,6641,1,0,141,9125,0,0,0,140,0,0,0,
2025-11-26,6641,1,0,142,9125,0,0,0,141,0,0,0,
2025-11-27,6641,31,0,173,9125,0,0,0,142,0,0,0,
2025-11-28,6641,1,0,174,9125,0,0,0,173,0,0,0,
2025-12-01,6641,13,2,185,9125,0,0,0,174,0,0,0,
2025-12-02,6641,8,0,193,9125,0,0,0,185,0,0,0,
2025-12-03,6641,1,7,187,9125,0,0,0,193,0,0,0,
2025-12-04,6641,2,0,189,9125,0,0,0,187,0,0,0,
2025-12-05,6641,2,14,177,9125,0,0,0,189,0,0,0,
2025-12-08,6641,1,2,176,9125,0,0,0,177,0,0,0,
2025-12-09,6641,2,1,177,9125,0,0,0,176,0,0,0,
2025-12-10,6641,5,0,182,9125,0,0,0,177,0,0,0,
2025-12-11,6641,5,0,187,9125,0,0,0,182,0,0,0,
2025-12-12,6641,0,0,187,9125,0,0,0,187,0,0,0,
2025-12-15,6641,1,2,186,9125,0,0,0,187,0,0,0,
2025-12-16,6641,2,10,178,9125,0,0,0,186,0,0,0,
2025-12-17,6641,0,0,178,9125,0,0,0,178,0,0,0,
2025-12-18,6641,1,4,175,9125,0,0,0,178,0,0,0,
2025-12-19,6641,0,0,175,9125,0,0,0,175,0,0,0,
2025-12-22,6641,1,0,176,9125,0,0,0,175,0,0,0,
2025-12-23,6641,0,0,176,9125,0,0,0,176,0,0,0,
2025-12-24,6641,1,1,176,9125,0,0,0,176,0,0,0,
2025-12-26,6641,1,4,173,9125,0,0,0,176,0,0,0,
2025-12-29,6641,1,1,173,9125,0,0,0,173,0,0,0,
2025-12-30,6641,0,2,171,9125,0,0,0,173,0,0,0,
2025-12-31,6641,4,20,155,9125,0,0,0,171,0,0,0,
2026-01-02,6641,1,0,156,9125,0,0,0,155,0,0,0,
2026-01-05,6641,3,8,151,9125,0,0,0,156,0,0,0,
2026-01-06,6641,7,0,158,9125,0,0,0,151,0,0,0,
2026-01-07,6641,0,2,156,9125,0,0,0,158,0,0,0,
2026-01-08,6641,2,0,158,9125,0,0,0,156,0,0,0,
2026-01-09,6641,4,4,158,9125,0,0,0,158,0,0,0,
2026-01-12,6641,9,16,151,9125,0,0,0,158,0,0,0,
2026-01-13,6641,100,62,189,9125,0,1,1,151,0,0,0,
2026-01-14,6641,8,16,181,9125,0,0,1,189,0,1,0,
2026-01-15,6641,124,134,171,9125,0,1,2,181,0,1,0,
2026-01-16,6641,23,59,135,9125,0,0,2,171,0,2,0,
2026-01-19,6641,58,37,156,9125,0,2,4,135,0,2,0,
2026-01-20,6641,14,19,151,9125,0,0,3,156,0,4,1,
2026-01-21,6641,11,14,148,9125,3,0,0,151,0,3,0,
2026-01-22,6641,8,39,117,9125,0,0,0,148,0,0,0,
2026-01-23,6641,0,0,117,9125,0,0,0,117,0,0,0,
2026-01-26,6641,10,1,126,9125,0,0,0,117,0,0,0,
2026-01-27,6641,0,17,109,9125,0,2,2,126,0,0,0,
2026-01-28,6641,10,7,112,9125,2,0,0,109,0,2,0,
2026-01-29,6641,14,9,117,9125,0,0,0,112,0,0,0,
2026-01-30,6641,6,2,119,9125,0,0,0,117,2,0,0,
2026-02-02,6641,3,1,121,9125,0,0,0,119,0,0,0,
2026-02-03,6641,0,1,120,9125,0,0,0,121,0,0,0,
2026-02-04,6641,2,0,122,9125,0,0,0,120,0,0,0,
2026-02-05,6641,2,2,122,9125,0,0,0,122,0,0,0,
2026-02-06,6641,6,4,124,9125,0,0,0,122,0,0,0,
2026-02-09,6641,0,0,124,9125,0,0,0,124,0,0,0,
2026-02-10,6641,1,2,122,9125,0,0,0,124,1,0,0,
2026-02-11,6641,4,1,125,9125,0,0,0,122,0,0,0,
2026-02-23,6641,10,0,135,9125,0,0,0,125,0,0,0,
2026-02-24,6641,10,7,138,9125,0,0,0,135,0,0,0,
2026-02-25,6641,0,3,135,9125,0,0,0,138,0,0,0,
2026-02-26,6641,0,1,134,9125,0,0,0,135,0,0,0,
2026-03-02,6641,0,5,129,9125,0,0,0,134,0,0,0,
2026-03-03,6641,3,2,130,9125,0,0,0,129,0,0,0,
2026-03-04,6641,1,7,124,9125,0,0,0,130,0,0,0,
2026-03-05,6641,4,0,128,9125,0,0,0,124,0,0,0,
2026-03-06,6641,3,3,128,9125,0,0,0,128,0,0,0,
2026-03-09,6641,5,2,131,9125,0,0,0,128,0,0,0,
2026-03-10,6641,1,0,132,9125,0,0,0,131,0,0,0,
2026-03-11,6641,1,0,133,9125,0,0,0,132,0,0,0,
2026-03-12,6641,9,5,137,9125,0,0,0,133,0,0,0,
2026-03-13,6641,4,1,140,9125,0,0,0,137,0,0,0,
2026-03-16,6641,3,0,143,9125,0,0,0,140,0,0,0,
2026-03-17,6641,0,0,143,9125,0,0,0,143,0,0,0,
2026-03-18,6641,0,2,141,9125,0,0,0,143,0,0,0,
2026-03-19,6641,0,4,137,9125,0,0,0,141,0,0,0,
2026-03-20,6641,0,0,137,9125,0,0,0,137,0,0,0,
2026-03-23,6641,3,4,136,9125,0,0,0,137,0,0,0,
2026-03-24,6641,1,1,136,9125,0,0,0,136,0,0,0,
2026-03-25,6641,1,5,132,9125,0,0,0,136,0,0,0,
2026-03-26,6641,0,0,132,9125,0,0,0,132,0,0,0,
2026-03-27,6641,0,1,131,9125,0,0,0,132,0,0,0,
2026-03-30,6641,0,0,131,9125,0,0,0,131,0,0,0,
2026-03-31,6641,0,0,131,9125,0,0,0,131,0,0,0,
2026-04-01,6641,1,2,130,9125,0,0,0,131,0,0,0,
2026-04-02,6641,0,0,130,9125,0,0,0,130,0,0,0,
2026-04-07,6641,0,1,129,9125,0,0,0,130,0,0,0,
2026-04-08,6641,1,0,130,9125,0,0,0,129,0,0,0,
2026-04-09,6641,1,0,131,9125,0,0,0,130,0,0,0,
2026-04-10,6641,0,0,131,9125,0,0,0,131,0,0,0,
2026-04-13,6641,1,1,131,9125,0,0,0,131,0,0,0,
2026-04-14,6641,2,0,133,9125,0,0,0,131,0,0,0,
2026-04-15,6641,0,2,131,9125,0,0,0,133,0,0,0,
2026-04-16,6641,0,0,130,9125,0,0,0,131,1,0,0,X
2026-04-17,6641,0,0,130,9125,0,0,0,130,0,0,0,X
2026-04-20,6641,0,0,130,9125,0,0,0,130,0,0,0,X
2026-04-21,6641,0,13,115,9125,0,0,0,130,2,0,0,X
2026-04-22,6641,0,0,115,9125,0,0,0,115,0,0,0,
2026-04-23,6641,26,0,141,9125,0,0,0,115,0,0,0,
2026-04-24,6641,13,11,143,9125,0,0,0,141,0,0,0,
2026-04-27,6641,8,7,144,9125,0,0,0,143,0,0,0,
2026-04-28,6641,0,1,143,9125,0,0,0,144,0,0,0,
2026-04-29,6641,0,0,143,9125,0,0,0,143,0,0,0,
2026-04-30,6641,0,0,143,9125,0,0,0,143,0,0,0,
2026-05-04,6641,1,0,124,9125,0,0,0,143,20,0,0,
2026-05-05,6641,0,0,124,9125,0,0,0,124,0,0,0,
2026-05-06,6641,60,13,171,9125,0,0,0,124,0,0,0,
2026-05-07,6641,48,37,182,9125,0,0,0,171,0,0,0,
2026-05-08,6641,6,13,175,9125,0,0,0,182,0,0,0,
2026-05-11,6641,4,0,179,9125,0,0,0,175,0,0,0,
2026-05-12,6641,6,4,181,9125,0,0,0,179,0,0,0,
2026-05-13,6641,0,0,181,9125,0,0,0,181,0,0,0,
2026-05-14,6641,0,2,179,9125,0,0,0,181,0,0,0,
2026-05-15,6641,0,2,177,9125,0,0,0,179,0,0,0,
2026-05-18,6641,0,1,176,9125,0,0,0,177,0,0,0,
2026-05-19,6641,2,3,175,9125,0,0,0,176,0,0,0,
2026-05-20,6641,0,0,175,9125,0,0,0,175,0,0,0,
2026-05-21,6641,0,5,170,9125,0,0,0,175,0,0,0,
2026-05-22,6641,0,0,169,9125,0,0,0,170,1,0,0,
2026-05-25,6641,0,3,166,9125,0,0,0,169,0,0,0,
2026-05-26,6641,1,16,151,9125,0,0,0,166,0,0,0,
2026-05-27,6641,0,19,132,9125,0,0,0,151,0,0,0,
2026-05-28,6641,0,0,132,9125,0,0,0,132,0,0,0,
2026-05-29,6641,0,1,131,9125,0,0,0,132,0,0,0,
2026-06-01,6641,1,6,126,9125,0,0,0,131,0,0,0,
2026-06-02,6641,1,0,127,9125,0,0,0,126,0,0,0,
2026-06-03,6641,0,1,126,9125,0,0,0,127,0,0,0,
2026-06-04,6641,6,1,131,9125,0,0,0,126,0,0,0,
2026-06-05,6641,5,1,135,9125,0,0,0,131,0,0,0,
2026-06-08,6641,0,5,130,9125,0,0,0,135,0,0,0,
2026-06-09,6641,3,1,132,9125,0,0,0,130,0,0,0,
2026-06-10,6641,1,9,124,9125,0,0,0,132,0,0,0,
2026-06-11,6641,0,2,122,9125,0,1,1,124,0,0,0,
2026-06-12,6641,0,1,121,9125,0,0,1,122,0,1,0,
2026-06-15,6641,0,10,111,9125,0,0,1,121,0,1,0,
2026-06-16,6641,0,0,111,9125,0,0,1,111,0,1,0,
2026-06-17,6641,0,0,111,9125,0,0,1,111,0,1,0,
2026-06-18,6641,0,0,111,9125,0,0,1,111,0,1,0,
2026-06-22,6641,0,2,109,9125,0,0,1,111,0,1,0,
2026-06-23,6641,0,3,106,9125,0,0,1,109,0,1,0,
2026-06-24,6641,1,0,107,9125,1,0,0,106,0,1,0,
2026-06-25,6641,0,1,106,9125,0,0,0,107,0,0,0,
2026-06-26,6641,0,1,105,9125,0,0,0,106,0,0,0,
2026-06-29,6641,0,1,104,9125,0,0,0,105,0,0,0,
2026-06-30,6641,0,0,104,9125,0,0,0,104,0,0,0,
2026-07-01,6641,0,0,104,9125,0,0,0,104,0,0,0,X
2026-07-02,6641,4,0,108,9125,0,0,0,104,0,0,0,X
2026-07-03,6641,2,0,110,9125,0,0,0,108,0,0,0,X
2026-07-06,6641,46,17,139,9125,0,0,0,110,0,0,0,X
2026-07-07,6641,0,5,134,9125,0,0,0,139,0,0,0,
2026-07-08,6641,0,7,127,9125,0,0,0,134,0,0,0,
2026-07-09,6641,0,0,127,9125,0,0,0,127,0,0,0,
2026-07-13,6641,7,34,100,9125,0,0,0,127,0,0,0,
2026-07-14,6641,2,0,102,9125,0,0,0,100,0,0,0,
2026-07-15,6641,0,0,102,9125,0,0,0,102,0,0,0,
2026-07-16,6641,0,0,102,9125,0,0,0,102,0,0,0,
2026-07-17,6641,0,0,102,9125,0,0,0,102,0,0,0,
2026-07-20,6641,0,0,102,9125,0,1,1,102,0,0,0,
2026-07-21,6641,0,1,101,9125,0,0,1,102,0,1,0,
2026-07-22,6641,0,0,101,9125,0,0,1,101,0,1,0,
2026-07-23,6641,0,0,101,9125,0,0,1,101,0,1,0,
2026-07-24,6641,1,0,102,9125,0,0,1,101,0,1,0,
2026-07-27,6641,0,0,102,9125,0,0,1,102,0,1,0,
2026-07-28,6641,6,2,106,9125,0,0,1,102,0,1,0,
2026-07-29,6641,3,8,101,9125,0,0,1,106,0,1,0,
2026-07-30,6641,1,0,102,9125,0,0,1,101,0,1,0,
2026-07-31,6641,0,0,102,9125,0,0,1,102,0,1,0,
2026-08-03,6641,0,0,102,9125,0,0,1,102,0,1,0,
2026-08-04,6641,0,0,102,9125,0,0,1,102,0,1,0,
2026-08-05,6641,0,0,102,9125,1,0,0,102,0,1,0,
2026-08-06,6641,0,0,102,9125,0,0,0,102,0,0,0,
2026-08-07,6641,0,0,101,9125,0,0,0,102,1,0,0,
2026-08-10,6641,0,0,100,9125,0,0,0,101,1,0,0,
2026-08-11,6641,0,0,100,9125,0,0,0,100,0,0,0,
2026-08-12,6641,2,1,101,9125,0,0,0,100,0,0,0,
2026-08-13,6641,1,1,101,9125,0,0,0,101,0,0,0,
2026-08-14,6641,0,0,101,9125,0,0,0,101,0,0,0,
2026-08-17,6641,1,0,102,9125,0,0,0,101,0,0,0,
2026-08-18,6641,1,2,101,9125,0,0,0,102,0,0,0,
2026-08-19,6641,10,1,110,9125,0,0,0,101,0,0,0,
2026-08-20,6641,8,0,118,9125,0,0,0,110,0,0,0,
2026-08-21,6641,14,0,132,9125,0,0,0,118,0,0,0,
2026-08-24,6641,0,0,132,9125,0,0,0,132,0,0,0,
2026-08-25,6641,0,0,132,9125,0,0,0,132,0,0,0,
2026-08-26,6641,5,0,137,9125,0,0,0,132,0,0,0,
2026-08-27,6641,1,0,106,9125,0,0,0,137,32,0,0,
2026-08-28,6641,3,0,109,9125,0,0,0,106,0,0,0,
2026-08-31,6641,0,0,109,9125,0,0,0,109,0,0,0,
2026-09-01,6641,1,3,107,9125,0,0,0,109,0,0,0,
2026-09-02,6641,2,2,107,9125,0,0,0,107,0,0,0,
2026-09-03,6641,0,0,107,9125,0,0,0,107,0,0,0,
2026-09-04,6641,1,0,108,9125,0,0,0,107,0,0,0,
2026-09-07,6641,0,0,108,9125,0,0,0,108,0,0,0,
2026-09-08,6641,0,0,108,9125,0,0,0,108,0,0,0,
2026-09-09,6641,0,0,108,9125,0,0,0,108,0,0,0,
2026-09-10,6641,0,0,108,9125,0,0,0,108,0,0,0,
2026-09-11,6641,0,0,108,9125,0,0,0,108,0,0,0,
