date,stock_id,close,yield_pct,dividend_year,per,pbr,fs_quarter
2023-08-21,1101,35.40,1.41,111,29.02,1.21,112/2
2023-08-21,1102,39.70,5.79,111,11.85,0.87,112/2
2023-08-21,1103,18.90,2.65,111,38.57,0.54,112/2
2023-08-21,1104,29.05,6.20,111,10.16,0.87,112/2
2023-08-21,1108,16.20,4.94,111,9.53,1.36,112/2
2023-08-21,1109,18.15,4.41,111,9.12,0.80,112/2
2023-08-21,1110,19.00,0.53,111,38.78,1.23,112/2
2023-08-21,1201,19.00,1.26,111,44.19,1.34,112/2
2023-08-21,1203,41.30,2.66,111,16.01,1.79,112/2
2023-08-21,1210,54.30,2.76,111,15.51,2.14,112/2
2023-08-21,1213,0.00,0.00,111,,1.17,112/2
2023-08-21,1215,96.20,3.64,111,16.09,3.35,112/2
2023-08-21,1216,72.20,4.36,111,21.30,3.47,112/2
2023-08-21,1217,13.00,3.08,111,19.40,0.94,112/2
2023-08-21,1218,23.85,2.39,111,2.23,0.98,112/2
2023-08-21,1219,20.00,4.00,111,52.63,1.48,112/2
2023-08-21,1220,14.10,1.42,111,108.46,1.12,112/2
2023-08-21,1225,55.20,3.62,111,98.57,3.72,112/2
2023-08-21,1227,38.35,3.36,111,29.73,2.08,112/2
2023-08-21,1229,60.10,3.33,111,24.83,2.26,112/2
2023-08-21,1231,84.10,3.09,111,22.79,3.69,112/2
2023-08-21,1232,144.00,4.17,111,23.57,4.80,112/2
2023-08-21,1233,36.20,2.35,111,35.49,2.28,112/2
2023-08-21,1234,38.25,4.71,111,15.74,0.85,112/2
2023-08-21,1235,0.00,2.67,111,20.12,1.74,112/2
2023-08-21,1236,22.15,4.51,111,96.30,0.94,112/2
2023-08-21,1256,284.50,2.28,111,23.81,2.59,112/1
2023-08-21,1301,80.10,5.24,111,267.00,1.49,112/2
2023-08-21,1303,66.30,4.52,111,116.32,1.49,112/2
2023-08-21,1304,21.10,3.32,111,37.68,0.97,112/2
2023-08-21,1305,23.50,1.28,111,,1.44,112/2
2023-08-21,1307,23.65,3.38,111,17.14,1.10,112/2
2023-08-21,1308,23.60,5.08,111,16.39,1.03,112/2
2023-08-21,1309,17.20,2.91,111,,1.00,112/2
2023-08-21,1310,15.30,1.31,111,,1.30,112/2
2023-08-21,1312,16.60,3.01,111,,0.50,112/2
2023-08-21,1313,15.10,1.32,111,,0.71,112/2
2023-08-21,1314,9.22,0.00,111,,0.45,112/2
2023-08-21,1315,72.10,8.32,111,8.79,0.63,112/2
2023-08-21,1316,12.05,5.81,111,200.83,1.01,112/2
2023-08-21,1319,61.90,4.04,111,15.99,1.55,112/2
2023-08-21,1321,34.40,0.00,111,64.91,1.33,112/2
2023-08-21,1323,31.90,3.45,111,18.33,1.22,112/2
2023-08-21,1324,11.80,1.69,111,36.88,0.94,112/2
2023-08-21,1325,22.35,2.24,111,65.74,0.69,112/2
2023-08-21,1326,61.20,1.55,111,,1.09,112/2
2023-08-21,1337,7.36,0.00,111,,0.41,112/1
2023-08-21,1338,35.00,5.71,111,,0.45,112/1
2023-08-21,1339,46.30,6.48,111,10.11,0.94,112/2
2023-08-21,1340,12.30,0.00,111,,0.41,112/1
2023-08-21,1341,67.50,9.07,111,11.70,3.02,112/1
2023-08-21,1342,104.50,5.14,111,14.35,3.80,112/2
2023-08-21,1402,28.65,4.71,111,25.35,0.72,112/2
2023-08-21,1409,16.40,6.10,111,19.29,0.75,112/2
2023-08-21,1410,37.70,2.12,111,51.64,2.23,112/2
2023-08-21,1413,8.51,0.00,111,,0.97,112/2
2023-08-21,1414,17.55,1.82,111,87.75,1.25,112/2
2023-08-21,1416,10.10,4.95,111,29.71,0.51,112/2
2023-08-21,1417,13.10,2.82,111,21.48,0.94,112/2
2023-08-21,1418,21.75,0.00,111,49.43,1.00,112/2
2023-08-21,1419,43.60,3.44,111,20.96,1.10,112/2
2023-08-21,1423,23.65,0.85,111,53.75,1.07,112/2
2023-08-21,1432,16.65,0.00,111,24.85,1.91,112/2
2023-08-21,1434,25.75,5.83,111,31.79,0.78,112/2
2023-08-21,1436,63.70,8.07,111,11.71,2.26,112/2
2023-08-21,1437,28.05,2.85,111,11.79,0.78,112/2
2023-08-21,1438,30.20,3.31,111,,1.44,112/2
2023-08-21,1439,22.40,1.34,111,14.27,0.86,112/2
2023-08-21,1440,14.70,2.38,111,,0.90,112/2
2023-08-21,1441,7.64,0.00,111,,0.98,112/2
2023-08-21,1442,34.75,4.60,111,16.79,2.24,112/2
2023-08-21,1443,28.30,0.00,111,23.39,2.07,112/2
2023-08-21,1444,10.90,3.67,111,,0.95,112/2
2023-08-21,1445,20.00,0.50,111,40.00,1.52,112/2
2023-08-21,1446,38.70,0.52,111,,3.82,112/2
2023-08-21,1447,7.67,0.00,111,,0.69,112/2
2023-08-21,1449,17.60,1.70,111,70.40,0.87,112/2
2023-08-21,1451,19.00,10.53,111,,0.55,112/2
2023-08-21,1452,16.25,4.92,111,77.38,0.82,112/2
2023-08-21,1453,13.80,2.17,111,115.00,1.03,112/2
2023-08-21,1454,18.05,1.39,111,82.05,1.38,112/2
2023-08-21,1455,9.52,1.05,111,,0.80,112/2
2023-08-21,1456,16.65,0.00,111,25.23,0.98,112/2
2023-08-21,1457,17.50,5.71,111,134.62,0.80,112/2
2023-08-21,1459,9.38,0.00,111,,1.07,112/2
2023-08-21,1460,7.67,0.00,111,21.91,0.75,112/2
2023-08-21,1463,14.95,2.68,111,18.69,1.12,112/2
2023-08-21,1464,14.65,6.83,111,34.07,1.11,112/2
2023-08-21,1465,13.60,6.25,111,16.19,0.86,112/2
2023-08-21,1466,11.25,0.00,111,,0.85,112/2
2023-08-21,1467,12.05,0.00,111,,1.02,112/2
2023-08-21,1468,12.75,0.00,111,255.00,1.70,112/2
2023-08-21,1470,20.00,2.25,111,30.77,1.75,112/2
2023-08-21,1471,17.00,0.00,111,,1.77,112/2
2023-08-21,1472,42.90,0.00,111,44.23,1.33,112/2
2023-08-21,1473,23.90,4.18,111,13.06,0.98,112/2
2023-08-21,1474,11.85,3.38,111,,0.77,112/2
2023-08-21,1475,51.90,0.96,111,11.33,3.01,112/2
2023-08-21,1476,486.50,3.49,111,25.77,5.86,112/2
2023-08-21,1477,299.50,4.84,111,19.90,5.30,112/2
2023-08-21,1503,131.50,1.52,111,30.87,2.13,112/2
2023-08-21,1504,50.10,2.99,111,18.09,1.29,112/2
2023-08-21,1506,17.35,0.00,111,46.89,1.95,112/2
2023-08-21,1512,12.20,0.00,111,,3.26,112/2
2023-08-21,1513,113.50,2.92,111,40.54,3.75,112/2
2023-08-21,1514,56.60,2.30,111,25.04,3.44,112/2
2023-08-21,1515,37.85,0.00,111,,2.02,112/2
2023-08-21,1516,19.40,6.49,111,19.40,1.55,112/2
2023-08-21,1517,15.80,5.70,111,14.77,0.93,112/2
2023-08-21,1519,251.50,0.99,111,48.18,15.44,112/2
2023-08-21,1521,34.50,2.03,111,31.94,1.48,112/2
2023-08-21,1522,30.90,5.83,111,11.62,1.23,112/2
2023-08-21,1524,20.90,4.78,111,11.94,1.39,112/2
2023-08-21,1525,83.80,2.51,111,15.61,1.34,112/2
2023-08-21,1526,35.60,9.55,111,8.66,1.52,112/2
2023-08-21,1527,40.75,5.89,111,11.26,1.24,112/2
2023-08-21,1528,12.55,0.80,111,23.68,0.99,112/2
2023-08-21,1529,36.35,1.49,111,34.29,3.02,112/2
2023-08-21,1530,30.00,5.33,111,13.64,0.93,112/2
2023-08-21,1531,14.10,5.67,111,705.00,0.73,112/2
2023-08-21,1532,35.95,3.34,111,20.31,1.09,112/2
2023-08-21,1533,54.70,0.00,111,,2.14,112/2
2023-08-21,1535,52.50,5.71,111,13.85,1.91,112/2
2023-08-21,1536,64.50,2.48,111,25.39,2.07,112/2
2023-08-21,1537,142.00,7.04,111,17.95,3.02,112/2
2023-08-21,1538,9.40,0.00,111,470.00,2.91,112/2
2023-08-21,1539,28.70,8.71,111,15.94,1.22,112/2
2023-08-21,1540,18.10,3.31,111,14.60,1.12,112/2
2023-08-21,1541,32.10,3.12,111,,1.40,112/2
2023-08-21,1558,99.20,5.54,111,27.48,1.25,112/2
2023-08-21,1560,124.00,3.23,111,18.90,3.18,112/2
2023-08-21,1568,24.55,4.48,111,15.84,1.57,112/2
2023-08-21,1582,59.00,5.08,111,18.38,1.38,112/2
2023-08-21,1583,63.90,4.69,111,11.64,1.39,112/2
2023-08-21,1587,24.25,4.12,111,19.09,1.23,112/2
2023-08-21,1589,54.00,0.00,111,,0.69,112/1
2023-08-21,1590,882.00,1.49,111,29.61,4.64,112/1
2023-08-21,1597,65.30,3.06,111,21.55,2.44,112/2
2023-08-21,1598,32.00,1.56,111,,1.10,112/2
2023-08-21,1603,37.90,1.32,111,14.92,0.99,112/2
2023-08-21,1604,27.60,5.43,111,14.38,1.28,112/2
2023-08-21,1605,36.55,4.92,111,11.18,1.05,112/2
2023-08-21,1608,20.40,1.96,111,11.27,1.19,112/2
2023-08-21,1609,36.35,1.60,111,8.68,1.94,112/2
2023-08-21,1611,17.25,1.74,111,50.74,1.31,112/2
2023-08-21,1612,24.00,6.25,111,13.95,1.07,112/2
2023-08-21,1614,38.90,2.54,111,32.69,1.86,112/2
2023-08-21,1615,39.95,6.26,111,14.07,2.29,112/2
2023-08-21,1616,10.85,0.00,111,22.14,1.18,112/2
2023-08-21,1617,16.30,1.84,111,62.69,1.24,112/2
2023-08-21,1618,24.80,2.42,111,18.37,1.06,112/2
2023-08-21,1626,17.65,5.67,111,,0.81,112/2
2023-08-21,1701,23.40,3.42,111,18.00,0.94,112/2
2023-08-21,1702,47.60,4.20,111,20.17,1.32,112/2
2023-08-21,1707,155.00,4.45,111,15.80,2.51,112/2
2023-08-21,1708,32.30,9.29,111,32.96,1.29,112/2
2023-08-21,1709,24.10,7.47,111,18.54,1.46,112/2
2023-08-21,1710,20.00,1.00,111,20.62,1.41,112/2
2023-08-21,1711,19.20,1.82,111,56.47,1.25,112/2
2023-08-21,1712,35.70,7.84,111,11.02,1.87,112/2
2023-08-21,1713,32.25,3.10,111,12.95,1.83,112/2
2023-08-21,1714,8.48,1.18,111,19.27,0.70,112/2
2023-08-21,1717,28.40,4.23,111,25.13,1.44,112/2
2023-08-21,1718,7.95,0.00,111,,0.49,112/2
2023-08-21,1720,63.80,3.92,111,13.21,2.37,112/2
2023-08-21,1721,13.20,0.76,111,,1.09,112/2
2023-08-21,1722,62.70,3.99,111,14.55,1.14,112/2
2023-08-21,1723,109.00,4.59,111,15.73,3.31,112/2
2023-08-21,1725,20.00,5.00,111,14.49,0.85,112/2
2023-08-21,1726,72.60,4.82,111,14.85,1.26,112/2
2023-08-21,1727,29.20,2.50,111,34.35,1.76,112/2
2023-08-21,1730,58.30,5.15,111,15.51,2.13,112/2
2023-08-21,1731,20.75,5.30,111,16.47,1.40,112/2
2023-08-21,1732,24.80,0.00,111,,2.19,112/2
2023-08-21,1733,26.00,5.38,111,15.29,1.49,112/2
2023-08-21,1734,32.90,3.04,111,20.56,1.88,112/2
2023-08-21,1735,16.55,3.02,111,34.48,1.13,112/2
2023-08-21,1736,72.60,0.83,111,49.39,2.47,112/2
2023-08-21,1737,34.15,4.39,111,17.16,1.07,112/2
2023-08-21,1752,54.10,4.25,111,12.91,2.31,112/2
2023-08-21,1760,104.00,1.92,111,416.00,4.76,112/2
2023-08-21,1762,64.10,2.03,111,12.45,1.50,112/2
2023-08-21,1773,126.00,2.86,111,19.24,3.99,112/2
2023-08-21,1776,16.60,3.61,111,415.00,1.21,112/2
2023-08-21,1783,56.80,1.76,111,25.02,3.66,112/2
2023-08-21,1786,80.00,2.48,111,33.61,3.55,112/2
2023-08-21,1789,27.20,1.32,111,82.42,2.11,112/2
2023-08-21,1795,260.00,1.33,111,14.47,4.42,112/2
2023-08-21,1802,18.80,0.00,111,,1.18,112/2
2023-08-21,1805,10.10,0.00,111,,1.99,112/2
2023-08-21,1806,9.19,0.00,111,,0.67,112/2
2023-08-21,1808,80.30,0.75,111,15.59,4.53,112/2
2023-08-21,1809,13.95,1.79,111,,0.81,112/2
2023-08-21,1810,19.45,1.03,111,972.50,0.90,112/2
2023-08-21,1817,36.30,6.34,111,10.87,1.36,112/2
2023-08-21,1903,54.60,0.00,111,66.59,3.30,112/2
2023-08-21,1904,28.45,3.87,111,36.47,1.13,112/2
2023-08-21,1905,23.70,1.27,111,,1.72,112/2
2023-08-21,1906,15.40,3.25,111,37.56,0.46,112/2
2023-08-21,1907,30.15,2.99,111,31.41,0.93,112/2
2023-08-21,1909,14.60,1.71,111,,0.86,112/2
2023-08-21,2002,27.10,3.69,111,,1.35,112/2
2023-08-21,2006,59.70,5.86,111,12.13,1.52,112/2
2023-08-21,2007,9.57,0.00,111,,0.80,112/2
2023-08-21,2008,19.75,2.68,111,8.03,1.19,112/2
2023-08-21,2009,29.80,1.34,111,74.50,1.70,112/2
2023-08-21,2010,16.90,3.55,111,18.17,0.98,112/2
2023-08-21,2012,24.50,6.12,111,21.12,1.63,112/2
2023-08-21,2013,55.20,3.08,111,22.90,2.15,112/2
2023-08-21,2014,22.95,1.53,111,,1.97,112/2
2023-08-21,2015,68.10,5.87,111,15.87,1.90,112/2
2023-08-21,2017,14.85,5.39,111,,1.06,112/2
2023-08-21,2020,25.75,3.88,111,16.30,1.73,112/2
2023-08-21,2023,15.15,1.98,111,,0.97,112/2
2023-08-21,2024,15.60,2.24,111,,1.35,112/2
2023-08-21,2025,5.70,0.00,111,1.92,0.88,112/2
2023-08-21,2027,36.30,12.12,111,11.03,1.04,112/2
2023-08-21,2028,23.70,5.49,111,16.69,1.70,112/2
2023-08-21,2029,23.60,4.36,111,54.88,0.79,112/2
2023-08-21,2030,18.20,8.24,111,65.00,1.06,112/2
2023-08-21,2031,46.15,2.17,111,16.42,1.47,112/2
2023-08-21,2032,16.60,1.20,111,,1.31,112/2
2023-08-21,2033,14.25,0.00,111,,1.13,112/2
2023-08-21,2034,27.30,5.49,111,546.00,1.39,112/2
2023-08-21,2038,18.70,2.67,111,21.49,0.91,112/2
2023-08-21,2049,197.50,2.78,111,23.62,2.05,112/2
2023-08-21,2059,904.00,2.21,111,25.95,5.78,112/2
2023-08-21,2062,22.15,4.51,111,13.84,0.63,112/2
2023-08-21,2069,16.95,5.90,111,,0.74,112/2
2023-08-21,2101,38.55,0.00,111,,3.14,112/2
2023-08-21,2102,17.20,0.00,111,,2.49,112/2
2023-08-21,2103,23.75,4.55,111,28.96,1.06,112/2
2023-08-21,2104,19.75,0.51,111,151.92,0.56,112/2
2023-08-21,2105,37.95,3.69,111,20.19,1.51,112/2
2023-08-21,2106,29.35,3.41,111,,1.42,112/2
2023-08-21,2107,21.25,5.65,111,11.24,0.59,112/2
2023-08-21,2108,35.60,5.62,111,26.57,1.26,112/2
2023-08-21,2109,14.00,6.43,111,11.67,1.19,112/2
2023-08-21,2114,99.20,5.04,111,17.31,2.73,112/2
2023-08-21,2115,30.60,4.25,111,10.20,0.95,112/1
2023-08-21,2201,75.40,1.23,111,,1.47,112/2
2023-08-21,2204,84.00,4.76,111,,1.44,112/2
2023-08-21,2206,71.70,2.51,111,11.17,2.82,112/2
2023-08-21,2207,692.00,0.32,111,,6.95,112/2
2023-08-21,2208,21.25,0.00,111,,2.76,112/2
2023-08-21,2211,70.50,7.09,111,8.67,1.22,112/2
2023-08-21,2227,190.00,3.80,111,30.11,3.31,112/2
2023-08-21,2228,88.00,4.55,111,13.44,1.66,112/2
2023-08-21,2231,144.00,1.94,111,29.45,4.75,112/2
2023-08-21,2233,99.70,6.02,111,11.91,1.84,112/2
2023-08-21,2236,65.60,0.43,111,29.95,2.55,112/1
2023-08-21,2239,64.30,0.72,111,54.03,0.70,112/1
2023-08-21,2241,36.80,0.00,111,,2.56,112/2
2023-08-21,2243,15.10,0.00,111,,1.32,112/1
2023-08-21,2247,307.50,4.88,111,14.57,2.07,112/2
2023-08-21,2250,70.00,4.29,111,29.91,1.31,112/2
2023-08-21,2301,144.00,3.13,111,22.68,4.10,112/2
2023-08-21,2302,17.30,4.62,111,21.36,1.65,112/2
2023-08-21,2303,43.65,8.25,111,7.01,1.67,112/2
2023-08-21,2305,20.15,0.00,111,,1.89,112/2
2023-08-21,2308,343.00,2.87,111,26.18,5.03,112/2
2023-08-21,2312,16.60,1.81,111,30.74,1.29,112/2
2023-08-21,2313,42.50,6.35,111,8.99,1.41,112/2
2023-08-21,2314,39.25,0.00,111,,4.89,112/2
2023-08-21,2316,35.85,1.39,111,34.47,0.83,112/2
2023-08-21,2317,106.00,5.00,111,11.79,1.06,112/2
2023-08-21,2321,15.95,0.00,111,,2.13,112/2
2023-08-21,2323,13.20,0.00,111,8.57,0.77,112/2
2023-08-21,2324,34.65,3.46,111,22.95,1.31,112/2
2023-08-21,2327,456.50,2.19,111,10.36,1.51,112/2
2023-08-21,2328,38.60,3.63,111,13.74,1.56,112/2
2023-08-21,2329,46.20,1.84,111,25.11,3.42,112/2
2023-08-21,2330,537.00,2.05,111,14.42,4.37,112/2
2023-08-21,2331,30.80,2.60,111,21.54,1.49,112/2
2023-08-21,2332,25.40,0.87,111,18.68,1.66,112/2
2023-08-21,2337,30.35,5.93,111,19.97,1.14,112/2
2023-08-21,2338,67.50,3.70,111,9.02,2.98,112/2
2023-08-21,2340,48.45,2.06,111,78.15,2.57,112/2
2023-08-21,2342,34.55,5.79,111,26.37,2.20,112/2
2023-08-21,2344,25.50,3.92,111,39.84,1.14,112/2
2023-08-21,2345,452.50,1.66,111,27.78,12.31,112/2
2023-08-21,2347,59.70,5.86,111,6.98,1.55,112/2
2023-08-21,2348,67.80,7.37,111,11.75,1.75,112/2
2023-08-21,2349,8.47,0.00,111,,1.04,112/2
2023-08-21,2351,98.10,3.26,111,21.47,2.78,112/2
2023-08-21,2352,45.15,4.43,111,10.99,2.19,112/2
2023-08-21,2353,37.95,3.95,111,38.72,1.61,112/2
2023-08-21,2354,54.30,2.95,111,17.02,0.77,112/2
2023-08-21,2355,35.00,2.43,111,23.97,0.90,112/2
2023-08-21,2356,57.90,2.59,111,38.34,3.64,112/2
2023-08-21,2357,386.00,3.89,111,87.73,1.31,112/2
2023-08-21,2358,9.42,0.00,111,,0.74,112/2
2023-08-21,2359,40.60,3.69,111,12.49,1.39,112/2
2023-08-21,2360,266.50,3.00,111,24.84,5.67,112/2
2023-08-21,2362,32.15,4.67,111,23.47,0.47,112/2
2023-08-21,2363,29.00,3.45,111,37.66,1.22,112/2
2023-08-21,2364,78.60,3.18,111,17.99,4.80,112/2
2023-08-21,2365,11.20,1.79,111,32.94,0.84,112/2
2023-08-21,2367,16.65,1.80,111,38.72,1.10,112/2
2023-08-21,2368,201.50,1.74,111,27.68,7.16,112/2
2023-08-21,2369,16.95,1.77,111,,1.15,112/2
2023-08-21,2371,50.40,0.00,111,12.38,2.20,112/2
2023-08-21,2373,75.50,6.23,111,12.22,2.53,112/2
2023-08-21,2374,22.85,1.97,111,55.73,1.07,112/2
2023-08-21,2375,60.70,2.47,111,17.49,0.75,112/2
2023-08-21,2376,310.50,2.00,111,44.81,5.82,112/2
2023-08-21,2377,170.50,3.87,111,21.83,3.06,112/2
2023-08-21,2379,417.00,6.47,111,19.91,5.64,112/2
2023-08-21,2380,9.65,0.00,111,,1.91,112/2
2023-08-21,2382,250.50,2.40,111,27.71,5.85,112/2
2023-08-21,2383,422.00,1.99,111,33.87,6.92,112/2
2023-08-21,2385,103.50,7.25,111,10.54,2.20,112/2
2023-08-21,2387,45.00,7.78,111,5.82,1.01,112/2
2023-08-21,2388,108.50,0.14,111,235.87,4.16,112/2
2023-08-21,2390,11.95,0.00,111,,0.89,112/2
2023-08-21,2392,42.40,5.19,111,17.82,0.89,112/2
2023-08-21,2393,45.20,5.53,111,15.43,1.12,112/2
2023-08-21,2395,346.00,3.18,111,23.05,6.31,112/2
2023-08-21,2397,67.30,5.94,111,13.96,2.54,112/2
2023-08-21,2399,23.20,0.00,111,122.11,1.80,112/2
2023-08-21,2401,31.05,1.93,111,,2.09,112/2
2023-08-21,2402,36.85,2.71,111,28.57,1.87,112/2
2023-08-21,2404,222.50,6.74,111,8.42,4.14,112/2
2023-08-21,2405,14.95,1.34,111,299.00,1.40,112/2
2023-08-21,2406,16.00,0.00,111,,1.35,112/2
2023-08-21,2408,63.40,3.36,111,,1.14,112/2
2023-08-21,2409,17.80,4.49,111,,0.84,112/2
2023-08-21,2412,117.00,4.02,111,24.32,2.49,112/2
2023-08-21,2413,28.25,1.77,111,14.56,1.79,112/2
2023-08-21,2414,33.15,7.54,111,12.70,1.88,112/2
2023-08-21,2415,32.00,2.03,111,,1.84,112/2
2023-08-21,2417,20.70,0.97,111,,0.96,112/2
2023-08-21,2419,37.10,4.04,111,39.05,2.40,112/2
2023-08-21,2420,45.40,7.71,111,11.10,2.03,112/2
2023-08-21,2421,151.00,1.72,111,28.17,6.91,112/2
2023-08-21,2423,32.80,6.10,111,12.06,1.90,112/2
2023-08-21,2424,34.30,0.00,111,,6.65,112/2
2023-08-21,2425,51.80,1.54,111,20.39,2.43,112/2
2023-08-21,2426,17.60,0.00,111,,1.37,112/2
2023-08-21,2427,22.95,1.53,111,21.06,1.68,112/2
2023-08-21,2428,158.00,3.42,111,17.14,2.35,112/2
2023-08-21,2429,15.95,0.00,111,,3.16,112/2
2023-08-21,2430,38.80,10.31,111,11.35,1.03,112/2
2023-08-21,2431,10.55,0.95,111,,0.84,112/2
2023-08-21,2432,43.00,3.84,111,22.05,2.46,112/2
2023-08-21,2433,50.90,7.07,111,13.26,2.02,112/2
2023-08-21,2434,30.50,0.00,111,,2.36,112/2
2023-08-21,2436,59.20,2.03,111,113.85,3.34,112/2
2023-08-21,2438,22.20,0.00,111,,2.41,112/2
2023-08-21,2439,89.50,5.03,111,14.21,1.68,112/2
2023-08-21,2440,13.80,0.00,111,,1.48,112/2
2023-08-21,2441,58.90,6.28,111,18.12,1.67,112/2
2023-08-21,2442,19.30,0.88,111,29.24,1.20,112/2
2023-08-21,2443,3.36,0.00,111,2.60,1.00,112/2
2023-08-21,2444,12.20,0.00,111,24.90,1.30,112/2
2023-08-21,2449,64.30,5.44,111,13.71,2.24,112/2
2023-08-21,2450,36.15,6.09,111,12.73,1.53,112/2
2023-08-21,2451,70.80,7.91,111,26.13,1.70,112/2
2023-08-21,2453,52.50,4.19,111,18.95,2.67,112/2
2023-08-21,2454,669.00,11.36,111,12.94,2.93,112/2
2023-08-21,2455,125.00,1.84,111,88.65,8.33,112/2
2023-08-21,2457,68.70,0.00,111,105.69,4.04,112/2
2023-08-21,2458,113.50,5.41,111,23.55,4.06,112/2
2023-08-21,2459,58.30,6.52,111,10.78,1.24,112/2
2023-08-21,2460,26.60,0.00,111,,2.02,112/2
2023-08-21,2461,22.90,7.77,111,17.22,1.34,112/2
2023-08-21,2462,37.40,1.60,111,19.58,1.96,112/2
2023-08-21,2464,37.00,4.86,111,38.14,1.81,112/2
2023-08-21,2465,36.25,0.00,111,,5.72,112/2
2023-08-21,2466,36.10,0.53,111,1203.33,3.24,112/2
2023-08-21,2467,44.20,8.14,111,12.14,2.28,112/2
2023-08-21,2468,27.80,2.16,111,27.52,1.62,112/2
2023-08-21,2471,50.60,5.59,111,13.32,2.89,112/2
2023-08-21,2472,53.90,6.47,111,9.04,1.37,112/2
2023-08-21,2474,169.00,5.92,111,10.74,0.72,112/2
2023-08-21,2476,45.55,5.05,111,11.56,1.56,112/2
2023-08-21,2477,19.60,4.08,111,38.43,0.79,112/2
2023-08-21,2478,44.40,4.50,111,15.91,1.02,112/2
2023-08-21,2480,112.00,5.59,111,15.18,4.15,112/2
2023-08-21,2481,62.70,4.78,111,23.75,1.86,112/2
2023-08-21,2482,50.70,2.96,111,12.87,3.23,112/2
2023-08-21,2483,24.20,4.13,111,33.61,1.05,112/2
2023-08-21,2484,34.00,6.47,111,10.40,1.42,112/2
2023-08-21,2485,20.80,0.00,111,80.00,1.08,112/2
2023-08-21,2486,46.65,0.86,111,75.24,2.55,112/2
2023-08-21,2488,37.30,6.70,111,9.01,1.33,112/2
2023-08-21,2489,12.25,0.00,111,10.38,0.70,112/2
2023-08-21,2491,13.85,0.00,111,,1.40,112/2
2023-08-21,2492,94.90,2.53,111,40.21,1.02,112/2
2023-08-21,2493,67.00,5.97,111,11.82,2.91,112/2
2023-08-21,2495,20.15,2.98,111,22.90,1.36,112/2
2023-08-21,2496,50.90,6.48,111,11.02,1.23,112/2
2023-08-21,2497,62.50,1.12,111,26.15,3.77,112/2
2023-08-21,2498,51.20,0.00,111,,1.70,112/2
2023-08-21,2501,15.00,3.33,111,8.33,0.71,112/2
2023-08-21,2504,26.70,7.49,111,10.64,1.38,112/2
2023-08-21,2505,18.90,0.00,111,38.57,0.73,112/2
2023-08-21,2506,9.11,3.29,111,,0.45,112/2
2023-08-21,2509,14.80,0.00,111,,0.80,112/2
2023-08-21,2511,10.95,4.57,111,19.91,0.70,112/2
2023-08-21,2514,16.25,0.00,111,12.22,0.53,112/2
2023-08-21,2515,9.98,5.31,111,24.95,0.69,112/2
2023-08-21,2516,7.65,0.00,111,,1.18,112/2
2023-08-21,2520,31.70,5.52,111,9.91,0.94,112/2
2023-08-21,2524,30.60,0.00,111,16.19,0.65,112/2
2023-08-21,2527,23.30,4.29,111,62.97,0.63,112/2
2023-08-21,2528,29.00,1.72,111,29.29,2.08,112/2
2023-08-21,2530,25.35,1.62,111,56.33,2.15,112/2
2023-08-21,2534,19.15,9.14,111,5.58,0.63,112/2
2023-08-21,2535,33.15,7.54,111,8.79,1.19,112/2
2023-08-21,2536,25.15,1.99,111,,0.74,112/2
2023-08-21,2537,7.23,0.00,111,,0.53,112/2
2023-08-21,2538,14.75,3.39,111,9.16,1.03,112/2
2023-08-21,2539,45.55,3.93,111,29.20,3.26,112/2
2023-08-21,2540,94.70,4.22,111,35.34,3.48,112/2
2023-08-21,2542,42.75,3.51,111,16.57,1.57,112/2
2023-08-21,2543,10.35,2.90,111,16.43,0.93,112/2
2023-08-21,2545,39.00,11.79,111,45.35,1.22,112/2
2023-08-21,2546,73.60,6.11,111,6.67,2.02,112/2
2023-08-21,2547,8.68,0.00,111,,0.71,112/2
2023-08-21,2548,89.30,8.40,111,14.52,1.32,112/2
2023-08-21,2597,101.50,9.85,111,9.97,3.80,112/2
2023-08-21,2601,8.76,0.00,111,,0.70,112/2
2023-08-21,2603,105.00,66.67,111,1.58,0.53,112/2
2023-08-21,2605,19.85,2.52,111,31.51,0.73,112/2
2023-08-21,2606,46.30,6.48,111,11.40,1.20,112/2
2023-08-21,2607,28.60,4.37,111,9.69,1.00,112/2
2023-08-21,2608,36.60,4.51,111,9.89,1.44,112/2
2023-08-21,2609,43.10,46.40,111,2.22,0.54,112/2
2023-08-21,2610,23.40,1.97,111,35.45,1.95,112/2
2023-08-21,2611,13.00,0.00,111,16.88,0.96,112/2
2023-08-21,2612,41.30,5.28,111,13.15,0.70,112/2
2023-08-21,2613,20.80,5.05,111,52.00,0.92,112/2
2023-08-21,2615,49.30,10.14,111,7.75,0.66,112/2
2023-08-21,2616,30.70,5.21,111,28.96,0.83,112/2
2023-08-21,2617,29.10,7.56,111,11.93,0.80,112/2
2023-08-21,2618,33.00,2.42,111,14.29,1.87,112/2
2023-08-21,2630,31.90,1.13,111,,2.67,112/2
2023-08-21,2633,29.40,2.28,111,24.71,2.46,112/2
2023-08-21,2634,55.50,1.95,111,24.67,3.23,112/2
2023-08-21,2636,75.20,13.54,111,7.83,1.21,112/2
2023-08-21,2637,45.80,14.19,111,4.41,0.73,112/1
2023-08-21,2642,41.10,3.65,111,34.25,1.69,112/2
2023-08-21,2645,120.50,3.32,111,26.54,3.72,112/2
2023-08-21,2701,12.75,1.96,111,31.10,0.68,112/2
2023-08-21,2702,21.60,3.24,111,9.56,1.01,112/2
2023-08-21,2704,53.50,0.93,111,11.01,0.87,112/2
2023-08-21,2705,17.10,0.00,111,,0.69,112/2
2023-08-21,2706,15.15,2.31,111,30.30,0.77,112/2
2023-08-21,2707,226.50,3.98,111,22.74,7.40,112/2
2023-08-21,2712,34.35,0.26,111,46.42,2.94,112/2
2023-08-21,2722,57.00,2.11,111,35.63,3.24,112/2
2023-08-21,2723,108.00,2.31,111,39.56,1.74,112/1
2023-08-21,2727,284.00,1.71,111,17.32,5.78,112/2
2023-08-21,2731,133.50,0.00,111,606.82,4.64,112/2
2023-08-21,2739,41.75,0.00,111,54.93,5.00,112/2
2023-08-21,2748,72.80,1.74,111,26.67,2.95,112/2
2023-08-21,2753,166.50,4.50,111,17.86,3.42,112/2
2023-08-21,2801,17.25,4.64,111,15.13,1.05,112/1
2023-08-21,2809,36.40,3.02,111,10.90,0.90,112/2
2023-08-21,2812,14.65,4.91,111,12.63,1.02,112/2
2023-08-21,2816,20.65,0.00,111,,0.90,112/1
2023-08-21,2820,14.55,3.44,111,17.53,0.85,112/1
2023-08-21,2832,23.00,4.35,111,9.91,0.79,112/1
2023-08-21,2834,13.75,2.47,111,9.62,1.01,112/1
2023-08-21,2836,12.15,0.00,111,17.36,0.88,112/1
2023-08-21,2838,14.75,4.07,111,13.41,0.88,112/1
2023-08-21,2845,11.55,3.55,111,12.16,0.84,112/1
2023-08-21,2849,13.95,2.87,111,,0.84,112/1
2023-08-21,2850,56.50,4.50,111,9.45,1.13,112/1
2023-08-21,2851,23.60,0.00,111,14.57,1.05,112/2
2023-08-21,2852,15.95,4.51,111,9.27,0.61,112/1
2023-08-21,2855,19.00,2.05,111,15.83,0.91,112/1
2023-08-21,2867,5.08,0.00,111,,0.61,112/2
2023-08-21,2880,20.90,2.82,111,15.37,1.48,112/1
2023-08-21,2881,63.10,2.38,111,61.26,1.24,112/1
2023-08-21,2882,45.40,1.98,111,72.06,1.08,112/1
2023-08-21,2883,11.90,0.00,111,21.64,0.94,112/1
2023-08-21,2884,24.85,2.29,111,20.37,1.73,112/1
2023-08-21,2885,23.90,3.97,111,14.23,1.11,112/1
2023-08-21,2886,35.60,3.71,111,21.58,1.57,112/1
2023-08-21,2887,17.80,5.22,111,13.09,1.10,112/1
2023-08-21,2888,9.35,0.00,111,,0.66,112/1
2023-08-21,2889,11.70,0.00,111,27.21,1.06,112/1
2023-08-21,2890,17.25,4.64,111,12.87,1.20,112/1
2023-08-21,2891,23.85,4.19,111,17.16,1.19,112/1
2023-08-21,2892,26.25,4.19,111,15.63,1.47,112/1
2023-08-21,2897,9.03,4.21,111,5.28,0.70,112/1
2023-08-21,2901,25.20,0.83,111,90.00,2.13,112/2
2023-08-21,2903,21.95,5.01,111,10.55,0.97,112/2
2023-08-21,2904,19.25,3.38,111,14.26,1.26,112/2
2023-08-21,2905,13.95,0.00,111,,0.91,112/2
2023-08-21,2906,17.90,3.35,111,39.78,1.20,112/2
2023-08-21,2908,20.10,6.37,111,32.95,1.54,112/2
2023-08-21,2910,28.60,0.00,111,30.11,2.02,112/2
2023-08-21,2911,6.92,0.00,111,,1.21,112/2
2023-08-21,2912,268.00,3.36,111,27.77,8.48,112/2
2023-08-21,2913,24.00,0.00,111,,1.47,112/2
2023-08-21,2915,60.90,3.28,111,9.84,0.72,112/2
2023-08-21,2923,22.65,2.65,111,,0.83,112/2
2023-08-21,2929,10.30,0.00,111,11.08,0.38,112/1
2023-08-21,2939,28.20,0.00,111,,1.40,112/1
2023-08-21,2945,41.00,1.78,111,37.96,1.56,112/2
2023-08-21,3002,13.50,1.11,111,96.43,1.11,112/2
2023-08-21,3003,71.00,2.82,111,16.44,1.84,112/2
2023-08-21,3004,97.90,1.04,111,21.01,2.51,112/2
2023-08-21,3005,70.80,5.34,111,12.06,2.23,112/2
2023-08-21,3006,70.90,2.54,111,,1.83,112/2
2023-08-21,3008,2025.00,4.22,111,14.11,1.73,112/2
2023-08-21,3010,87.50,6.97,111,10.13,1.22,112/2
2023-08-21,3011,32.95,0.00,111,,3.77,112/2
2023-08-21,3013,42.00,0.71,111,29.79,2.72,112/2
2023-08-21,3014,132.50,4.53,111,16.44,3.88,112/2
2023-08-21,3015,48.50,7.84,111,13.74,0.62,112/2
2023-08-21,3016,57.60,3.47,111,45.71,3.46,112/2
2023-08-21,3017,353.50,1.41,111,29.93,7.28,112/2
2023-08-21,3018,9.95,0.00,111,,9.95,112/2
2023-08-21,3019,62.70,3.03,111,19.84,1.44,112/2
2023-08-21,3021,23.85,2.94,111,13.25,1.55,112/2
2023-08-21,3022,79.50,4.40,111,8.57,1.49,112/2
2023-08-21,3023,321.50,2.64,111,23.66,6.32,112/2
2023-08-21,3024,16.45,1.34,111,49.85,1.64,112/2
2023-08-21,3025,43.80,2.28,111,31.97,3.63,112/2
2023-08-21,3026,93.60,5.88,111,15.22,1.54,112/2
2023-08-21,3027,45.30,0.57,111,188.75,2.46,112/2
2023-08-21,3028,30.45,9.56,111,13.53,1.22,112/2
2023-08-21,3029,61.90,5.82,111,14.50,2.51,112/2
2023-08-21,3030,58.90,7.64,111,10.85,2.09,112/2
2023-08-21,3031,16.85,5.04,111,19.37,1.02,112/2
2023-08-21,3032,67.10,3.01,111,15.71,2.83,112/2
2023-08-21,3033,28.95,10.60,111,12.92,1.48,112/2
2023-08-21,3034,381.50,9.70,111,11.62,4.20,112/2
2023-08-21,3035,335.50,1.49,111,40.91,9.68,112/2
2023-08-21,3036,67.00,6.42,111,13.99,1.21,112/2
2023-08-21,3037,172.50,4.63,111,11.73,3.09,112/2
2023-08-21,3038,34.05,4.70,111,11.46,2.20,112/2
2023-08-21,3040,29.85,6.70,111,22.96,1.33,112/2
2023-08-21,3041,17.15,0.00,111,,1.16,112/2
2023-08-21,3042,92.00,7.61,111,14.24,2.62,112/2
2023-08-21,3043,56.30,0.00,111,19.75,4.50,112/2
2023-08-21,3044,185.00,4.03,111,18.00,2.45,112/2
2023-08-21,3045,94.00,4.57,111,23.98,4.54,112/2
2023-08-21,3046,68.50,2.19,111,22.83,5.99,112/2
2023-08-21,3047,15.50,6.45,111,20.39,1.31,112/2
2023-08-21,3048,23.10,8.66,111,32.08,1.25,112/2
2023-08-21,3049,9.76,0.00,111,,0.82,112/2
2023-08-21,3050,15.50,3.23,111,15.82,0.96,112/2
2023-08-21,3051,34.40,3.49,111,33.73,2.52,112/2
2023-08-21,3052,12.30,4.88,111,10.79,0.76,112/2
2023-08-21,3054,19.85,0.00,111,,2.03,112/2
2023-08-21,3055,39.80,2.51,111,9.83,1.74,112/2
2023-08-21,3056,29.10,28.18,111,3.32,1.04,112/2
2023-08-21,3057,11.85,0.00,111,,1.34,112/2
2023-08-21,3058,20.55,0.00,111,137.00,2.27,112/2
2023-08-21,3059,33.75,2.96,111,23.44,1.08,112/2
2023-08-21,3060,19.00,1.58,111,,1.02,112/2
2023-08-21,3062,20.80,0.00,111,,1.41,112/2
2023-08-21,3090,52.00,10.58,111,8.60,1.91,112/2
2023-08-21,3092,35.70,2.24,111,,1.70,112/2
2023-08-21,3094,29.90,3.34,111,37.85,2.42,112/2
2023-08-21,3130,205.00,6.55,111,16.53,4.76,112/2
2023-08-21,3138,135.50,2.58,111,18.19,4.10,112/2
2023-08-21,3149,13.35,0.00,111,,2.08,112/2
2023-08-21,3164,23.60,2.97,111,62.11,1.59,112/2
2023-08-21,3167,38.15,6.03,111,,1.48,112/2
2023-08-21,3189,102.00,6.35,111,13.73,1.47,112/2
2023-08-21,3209,33.40,10.72,111,10.92,1.75,112/2
2023-08-21,3229,14.05,0.00,111,,1.44,112/2
2023-08-21,3231,121.00,2.15,111,30.79,3.61,112/2
2023-08-21,3257,78.40,1.28,111,56.00,4.15,112/2
2023-08-21,3266,13.50,3.70,111,337.50,0.90,112/2
2023-08-21,3296,16.10,0.00,111,,1.36,112/2
2023-08-21,3305,63.80,3.12,111,58.53,1.82,112/2
2023-08-21,3308,53.80,0.00,111,7.98,3.40,112/2
2023-08-21,3311,35.15,1.71,111,22.68,0.93,112/2
2023-08-21,3312,21.70,9.22,111,11.02,1.44,112/2
2023-08-21,3321,6.62,0.00,111,,0.97,112/2
2023-08-21,3338,60.10,3.33,111,24.14,3.03,112/2
2023-08-21,3346,46.40,0.65,111,19.33,1.78,112/2
2023-08-21,3356,47.95,2.92,111,16.53,2.23,112/2
2023-08-21,3376,80.80,7.43,111,12.32,1.01,112/2
2023-08-21,3380,37.50,4.51,111,21.31,2.07,112/2
2023-08-21,3406,376.00,3.19,111,14.51,2.32,112/2
2023-08-21,3413,178.50,7.73,111,7.83,1.66,112/2
2023-08-21,3416,128.00,3.72,111,18.34,3.57,112/2
2023-08-21,3419,18.20,1.10,111,60.67,1.53,112/2
2023-08-21,3432,10.80,0.00,111,,1.64,112/2
2023-08-21,3437,17.45,0.00,111,,1.02,112/2
2023-08-21,3443,1340.00,1.04,111,42.99,22.62,112/2
2023-08-21,3447,41.65,5.52,111,12.11,2.67,112/2
2023-08-21,3450,42.55,1.18,111,4255.00,1.62,112/2
2023-08-21,3454,167.00,3.29,111,19.95,4.36,112/2
2023-08-21,3494,6.89,0.00,111,,1.94,112/2
2023-08-21,3501,49.50,8.08,111,8.36,0.94,112/2
2023-08-21,3504,63.50,0.00,111,,2.32,112/2
2023-08-21,3515,250.00,3.20,111,62.81,4.02,112/2
2023-08-21,3518,37.70,1.33,111,96.67,2.25,112/2
2023-08-21,3528,50.10,8.18,111,13.40,1.84,112/2
2023-08-21,3530,70.10,0.00,111,,2.22,112/2
2023-08-21,3532,138.00,5.29,111,12.12,2.24,112/2
2023-08-21,3533,802.00,3.14,111,15.32,3.63,112/2
2023-08-21,3535,18.30,5.46,111,18.12,1.32,112/2
2023-08-21,3543,20.80,4.81,111,71.72,0.69,112/2
2023-08-21,3545,69.50,0.72,111,,1.65,112/2
2023-08-21,3550,15.50,3.23,111,,0.77,112/2
2023-08-21,3557,52.20,15.33,111,9.32,1.92,112/2
2023-08-21,3563,192.00,5.21,111,19.51,2.21,112/2
2023-08-21,3576,16.30,0.61,111,,1.63,112/2
2023-08-21,3583,240.00,1.50,111,32.39,5.26,112/2
2023-08-21,3588,52.80,2.29,111,,1.91,112/2
2023-08-21,3591,24.85,1.17,111,177.50,1.26,112/2
2023-08-21,3592,301.50,13.60,111,14.92,2.19,112/2
2023-08-21,3593,11.60,0.00,111,,2.25,112/2
2023-08-21,3596,143.00,4.55,111,13.90,2.33,112/2
2023-08-21,3605,26.80,2.05,111,,0.68,112/2
2023-08-21,3607,14.75,6.78,111,,1.00,112/2
2023-08-21,3617,238.50,2.31,111,14.61,3.37,112/2
2023-08-21,3622,39.50,3.80,111,14.63,1.01,112/2
2023-08-21,3645,42.55,1.41,111,,2.00,112/2
2023-08-21,3652,28.05,2.39,111,36.43,1.18,112/2
2023-08-21,3653,593.00,1.97,111,32.51,8.20,112/2
2023-08-21,3661,2165.00,0.60,111,79.57,11.44,112/1
2023-08-21,3665,262.50,3.80,111,10.52,1.88,112/1
2023-08-21,3669,38.85,3.68,111,13.63,1.28,112/2
2023-08-21,3673,34.85,1.43,111,34.50,0.39,112/1
2023-08-21,3679,89.20,11.21,111,8.38,1.33,112/2
2023-08-21,3682,6.32,0.00,111,,1.27,112/2
2023-08-21,3686,13.80,0.00,111,,1.48,112/2
2023-08-21,3694,35.05,0.00,111,12.75,1.92,112/2
2023-08-21,3701,58.60,0.84,111,30.36,3.85,112/2
2023-08-21,3702,54.00,7.13,111,14.14,1.29,112/2
2023-08-21,3703,25.90,9.65,111,14.23,0.84,112/2
2023-08-21,3704,46.95,2.66,111,9.37,1.84,112/2
2023-08-21,3705,43.25,5.32,111,16.08,1.67,112/2
2023-08-21,3706,43.30,3.00,111,5.74,0.95,112/2
2023-08-21,3708,91.10,5.49,111,6.10,1.31,112/2
2023-08-21,3711,108.00,8.14,111,9.94,1.67,112/2
2023-08-21,3712,31.30,6.39,111,24.65,1.03,112/2
2023-08-21,3714,44.65,0.00,111,,0.64,112/2
2023-08-21,3715,41.75,1.92,111,21.19,1.92,112/2
2023-08-21,4104,90.80,4.57,111,18.34,1.62,112/2
2023-08-21,4106,28.00,3.04,111,15.64,1.24,112/2
2023-08-21,4108,20.20,0.00,111,,2.05,112/2
2023-08-21,4119,100.50,1.49,111,24.57,2.33,112/2
2023-08-21,4133,31.90,2.51,111,31.58,1.52,112/2
2023-08-21,4137,185.00,3.78,111,18.65,2.89,112/1
2023-08-21,4142,32.70,0.00,111,,2.43,112/2
2023-08-21,4148,49.30,5.07,111,9.28,1.42,112/1
2023-08-21,4155,32.95,6.98,111,52.30,1.79,112/2
2023-08-21,4164,53.10,3.71,111,24.36,1.43,112/2
2023-08-21,4190,68.30,1.45,111,426.88,1.96,112/1
2023-08-21,4306,14.75,6.64,111,10.77,0.81,112/2
2023-08-21,4414,3.99,0.00,111,,0.97,112/2
2023-08-21,4426,19.70,0.00,111,85.65,1.26,112/2
2023-08-21,4438,117.00,5.81,111,11.62,1.63,112/2
2023-08-21,4439,134.00,5.22,111,9.85,1.64,112/2
2023-08-21,4440,28.10,10.68,111,18.25,1.49,112/2
2023-08-21,4526,17.15,1.17,111,74.57,0.87,112/2
2023-08-21,4532,20.95,4.30,111,16.24,1.14,112/2
2023-08-21,4536,163.00,6.75,111,7.19,2.00,112/2
2023-08-21,4540,32.25,4.65,111,21.64,0.91,112/2
2023-08-21,4545,30.00,5.00,111,20.41,1.27,112/2
2023-08-21,4551,132.50,4.53,111,15.07,1.99,112/2
2023-08-21,4552,32.35,4.02,111,8.51,0.63,112/1
2023-08-21,4555,52.00,2.92,111,45.22,1.28,112/2
2023-08-21,4557,103.50,6.76,111,9.06,2.34,112/2
2023-08-21,4560,35.70,6.16,111,11.94,1.31,112/1
2023-08-21,4562,15.60,0.00,111,,1.26,112/2
2023-08-21,4564,23.50,0.85,111,,1.07,112/2
2023-08-21,4566,51.00,4.12,111,12.32,1.26,112/2
2023-08-21,4569,90.50,6.08,111,8.49,1.06,112/1
2023-08-21,4571,71.90,5.01,111,11.50,1.43,112/1
2023-08-21,4572,195.00,1.08,111,32.72,3.94,112/2
2023-08-21,4576,67.10,1.49,111,79.88,2.13,112/2
2023-08-21,4581,79.60,3.14,111,19.37,2.68,112/1
2023-08-21,4583,213.00,4.69,111,17.15,1.81,112/2
2023-08-21,4720,14.30,1.40,111,57.20,1.15,112/2
2023-08-21,4722,34.55,5.50,111,26.99,1.25,112/2
2023-08-21,4737,72.60,2.89,111,103.71,2.26,112/2
2023-08-21,4739,73.90,4.06,111,105.57,1.67,112/2
2023-08-21,4746,90.00,1.11,111,12.35,1.44,112/2
2023-08-21,4755,131.00,4.50,111,29.37,3.14,112/2
2023-08-21,4763,787.00,1.33,111,40.26,13.13,112/1
2023-08-21,4764,46.00,1.09,111,,1.80,112/2
2023-08-21,4766,204.00,4.90,111,13.27,1.98,112/2
2023-08-21,4770,277.50,4.32,111,11.70,3.33,112/2
2023-08-21,4807,18.05,2.49,111,,0.80,112/1
2023-08-21,4904,71.10,4.57,111,22.08,3.98,112/2
2023-08-21,4906,34.50,4.35,111,14.87,1.08,112/2
2023-08-21,4912,87.00,2.89,111,19.82,1.65,112/1
2023-08-21,4915,64.10,6.08,111,10.77,1.88,112/2
2023-08-21,4916,37.70,1.01,111,28.78,1.89,112/2
2023-08-21,4919,121.50,5.76,111,18.38,3.33,112/2
2023-08-21,4927,52.70,3.80,111,,1.38,112/2
2023-08-21,4930,25.25,7.92,111,11.12,0.67,112/2
2023-08-21,4934,37.80,0.00,111,27.39,3.74,112/2
2023-08-21,4935,52.30,7.65,111,9.78,0.83,112/1
2023-08-21,4938,76.70,5.22,111,12.43,1.14,112/2
2023-08-21,4942,40.95,6.11,111,10.06,0.71,112/2
2023-08-21,4943,14.10,0.00,111,,9.40,112/1
2023-08-21,4952,49.10,10.18,111,22.32,2.62,112/2
2023-08-21,4956,14.55,0.00,111,,0.81,112/2
2023-08-21,4958,95.90,6.26,111,8.97,1.01,112/2
2023-08-21,4960,11.95,2.51,111,,0.73,112/2
2023-08-21,4961,130.50,6.51,111,13.40,1.45,112/2
2023-08-21,4967,61.90,1.62,111,,2.20,112/2
2023-08-21,4968,147.50,0.00,111,,5.92,112/2
2023-08-21,4976,40.95,0.00,111,,2.12,112/2
2023-08-21,4977,71.70,3.49,111,9.88,1.44,112/1
2023-08-21,4989,26.10,1.92,111,,1.58,112/2
2023-08-21,4994,42.90,1.17,111,48.20,3.04,112/2
2023-08-21,4999,34.70,5.04,111,29.91,0.75,112/2
2023-08-21,5007,56.30,5.33,111,16.81,2.58,112/2
2023-08-21,5203,93.40,2.46,111,47.17,1.60,112/2
2023-08-21,5215,46.00,4.35,111,11.73,0.93,112/1
2023-08-21,5222,176.00,1.70,111,33.15,5.98,112/2
2023-08-21,5225,47.20,6.46,111,6.91,1.41,112/1
2023-08-21,5234,113.50,2.91,111,31.35,4.08,112/2
2023-08-21,5243,65.90,2.43,111,13.70,1.55,112/1
2023-08-21,5244,29.50,5.08,111,13.66,1.29,112/2
2023-08-21,5258,106.00,1.23,111,11.79,3.26,112/2
2023-08-21,5269,905.00,2.21,111,32.38,3.99,112/2
2023-08-21,5283,114.00,7.02,111,12.98,1.97,112/2
2023-08-21,5284,135.00,2.07,111,20.52,2.95,112/1
2023-08-21,5285,77.80,4.50,111,33.11,2.85,112/2
2023-08-21,5288,169.50,4.17,111,10.96,2.50,112/2
2023-08-21,5306,142.50,6.32,111,13.13,2.41,112/2
2023-08-21,5388,117.00,3.85,111,13.86,3.07,112/2
2023-08-21,5434,167.00,5.99,111,10.62,2.42,112/2
2023-08-21,5469,54.70,4.39,111,8.98,1.03,112/2
2023-08-21,5471,43.25,5.78,111,36.65,2.12,112/2
2023-08-21,5484,22.15,0.00,111,,2.32,112/2
2023-08-21,5515,14.05,7.12,111,12.01,0.74,112/2
2023-08-21,5519,22.65,9.27,111,5.41,1.02,112/2
2023-08-21,5521,7.45,0.00,111,74.50,0.69,112/2
2023-08-21,5522,56.10,8.91,111,10.60,1.01,112/2
2023-08-21,5525,26.25,8.00,111,57.07,1.51,112/2
2023-08-21,5531,9.62,0.00,111,,0.91,112/2
2023-08-21,5533,18.40,6.52,111,6.50,0.56,112/2
2023-08-21,5534,77.10,7.13,111,16.98,1.22,112/2
2023-08-21,5538,34.05,5.87,111,10.74,0.98,112/1
2023-08-21,5546,35.00,4.29,111,,1.12,112/1
2023-08-21,5607,56.50,3.89,111,15.92,1.91,112/2
2023-08-21,5608,20.10,7.46,111,18.61,0.79,112/2
2023-08-21,5706,75.10,0.40,111,84.38,4.15,112/2
2023-08-21,5871,179.00,3.69,111,11.51,2.09,112/1
2023-08-21,5876,42.65,4.22,111,11.85,1.19,112/2
2023-08-21,5880,26.65,1.88,111,17.89,1.65,112/1
2023-08-21,5906,58.40,3.08,111,16.73,3.01,112/1
2023-08-21,5907,12.50,0.00,111,,0.33,112/1
2023-08-21,6005,14.80,2.64,111,19.22,0.86,112/1
2023-08-21,6024,43.10,7.01,111,10.44,1.29,112/1
2023-08-21,6108,19.70,2.54,111,109.44,0.90,112/2
2023-08-21,6112,60.80,3.29,111,18.65,2.71,112/2
2023-08-21,6115,45.00,7.11,111,12.20,1.78,112/2
2023-08-21,6116,12.20,0.00,111,,0.78,112/2
2023-08-21,6117,31.45,0.00,111,349.44,2.59,112/2
2023-08-21,6120,15.20,0.99,111,217.14,1.14,112/2
2023-08-21,6128,32.65,6.74,111,6.47,1.04,112/2
2023-08-21,6133,15.15,3.30,111,22.61,1.58,112/2
2023-08-21,6136,18.65,6.17,111,20.96,0.73,112/2
2023-08-21,6139,91.90,3.81,111,15.19,2.39,112/2
2023-08-21,6141,16.95,0.00,111,,0.91,112/2
2023-08-21,6142,11.25,1.96,111,28.13,1.17,112/2
2023-08-21,6152,10.00,0.00,111,20.83,1.14,112/2
2023-08-21,6153,22.05,1.09,111,,0.88,112/2
2023-08-21,6155,23.35,6.42,111,14.33,1.36,112/2
2023-08-21,6164,10.60,5.19,111,48.18,0.97,112/2
2023-08-21,6165,34.50,0.00,111,,2.46,112/2
2023-08-21,6166,64.40,3.88,111,30.09,2.72,112/2
2023-08-21,6168,22.40,6.70,111,22.40,1.50,112/2
2023-08-21,6176,114.00,8.77,111,8.91,1.66,112/2
2023-08-21,6177,32.05,4.68,111,33.39,1.77,112/2
2023-08-21,6183,68.60,3.64,111,24.07,4.28,112/2
2023-08-21,6184,51.00,5.88,111,15.27,1.78,112/2
2023-08-21,6189,43.60,7.87,111,13.71,1.87,112/2
2023-08-21,6191,58.00,4.52,111,11.01,1.49,112/2
2023-08-21,6192,85.00,4.71,111,9.25,1.34,112/2
2023-08-21,6196,135.50,4.16,111,10.12,2.73,112/2
2023-08-21,6197,70.10,4.56,111,15.34,2.87,112/2
2023-08-21,6201,45.85,6.54,111,11.43,1.61,112/2
2023-08-21,6202,61.80,6.47,111,42.04,3.55,112/2
2023-08-21,6205,56.80,5.28,111,16.14,1.96,112/2
2023-08-21,6206,64.60,8.51,111,15.02,2.12,112/2
2023-08-21,6209,28.45,2.46,111,86.21,1.61,112/2
2023-08-21,6213,82.30,3.65,111,41.15,1.60,112/2
2023-08-21,6214,109.50,4.57,111,18.28,1.99,112/2
2023-08-21,6215,24.20,7.44,111,14.07,1.39,112/2
2023-08-21,6216,29.95,5.58,111,25.38,1.69,112/2
2023-08-21,6224,56.20,2.67,111,53.02,1.91,112/2
2023-08-21,6225,9.51,0.00,111,,3.07,112/2
2023-08-21,6226,10.10,0.00,111,,1.03,112/2
2023-08-21,6230,152.00,0.70,111,15.61,2.40,112/2
2023-08-21,6235,140.50,0.50,111,42.32,7.62,112/2
2023-08-21,6239,96.10,7.28,111,11.56,1.46,112/2
2023-08-21,6243,44.05,2.72,111,27.88,2.52,112/2
2023-08-21,6257,52.50,8.00,111,12.18,1.54,112/2
2023-08-21,6269,88.10,5.68,111,9.14,1.19,112/2
2023-08-21,6271,126.50,8.51,111,12.56,0.86,112/2
2023-08-21,6277,82.00,6.95,111,13.33,2.08,112/2
2023-08-21,6278,89.40,7.83,111,9.03,1.41,112/2
2023-08-21,6281,84.90,5.89,111,15.08,3.18,112/2
2023-08-21,6282,50.40,0.40,111,84.00,2.49,112/2
2023-08-21,6283,30.65,0.00,111,,2.73,112/2
2023-08-21,6285,124.00,3.90,111,13.70,2.30,112/2
2023-08-21,6288,28.95,0.62,111,361.88,2.03,112/2
2023-08-21,6405,25.00,0.40,111,,0.65,112/2
2023-08-21,6409,1550.00,2.81,111,28.82,20.49,112/2
2023-08-21,6412,113.00,5.22,111,14.60,3.84,112/2
2023-08-21,6414,259.50,4.91,111,8.54,1.67,112/2
2023-08-21,6415,281.00,1.60,111,22.94,3.61,112/1
2023-08-21,6416,83.00,4.34,111,14.19,1.86,112/2
2023-08-21,6426,67.50,2.96,111,,2.27,112/2
2023-08-21,6431,18.20,0.00,111,,1.92,112/1
2023-08-21,6438,99.10,6.05,111,10.05,1.98,112/2
2023-08-21,6442,64.40,3.26,111,17.89,2.23,112/2
2023-08-21,6443,30.45,0.33,111,31.07,2.26,112/2
2023-08-21,6449,67.10,3.43,111,21.10,2.19,112/2
2023-08-21,6451,94.60,1.24,111,27.66,1.57,112/1
2023-08-21,6456,63.00,5.56,111,17.40,0.71,112/2
2023-08-21,6464,89.70,5.57,111,13.49,1.49,112/2
2023-08-21,6477,42.10,2.38,111,15.31,1.52,112/2
2023-08-21,6491,337.00,2.97,111,15.28,3.68,112/2
2023-08-21,6504,76.80,1.30,111,55.25,1.60,112/2
2023-08-21,6505,79.40,1.39,111,,2.41,112/2
2023-08-21,6515,598.00,3.68,111,19.63,6.37,112/2
2023-08-21,6525,63.90,8.61,111,11.37,2.12,112/2
2023-08-21,6531,322.00,2.17,111,39.85,5.02,112/2
2023-08-21,6533,416.00,0.36,111,332.80,4.37,112/2
2023-08-21,6541,64.60,0.00,111,,4.82,112/2
2023-08-21,6550,87.30,0.00,111,,7.71,112/1
2023-08-21,6552,34.05,1.32,111,,1.05,112/2
2023-08-21,6558,23.15,0.00,111,,1.49,112/2
2023-08-21,6573,15.25,0.00,111,,1.38,112/1
2023-08-21,6579,174.00,2.68,111,21.75,2.91,112/2
2023-08-21,6581,89.00,7.30,111,14.26,2.57,112/2
2023-08-21,6582,49.65,3.02,111,248.25,0.90,112/2
2023-08-21,6585,94.00,3.19,111,24.42,2.25,112/2
2023-08-21,6591,52.50,7.50,111,17.80,1.11,112/2
2023-08-21,6592,127.00,3.54,111,19.81,2.46,112/2
2023-08-21,6598,23.85,0.00,111,,2.56,112/1
2023-08-21,6605,120.00,4.17,111,9.99,1.26,112/2
2023-08-21,6606,23.45,8.53,111,20.75,1.55,112/2
2023-08-21,6625,96.00,0.00,111,28.07,6.50,112/2
2023-08-21,6641,47.50,7.37,111,12.12,1.14,112/1
2023-08-21,6655,122.50,0.00,111,32.75,4.37,112/2
2023-08-21,6657,63.50,0.00,111,,5.33,112/2
2023-08-21,6666,70.10,1.57,111,62.04,2.05,112/1
2023-08-21,6668,37.95,0.00,111,,1.92,112/2
2023-08-21,6669,1660.00,3.01,111,20.47,7.95,112/2
2023-08-21,6670,193.00,11.40,111,6.93,2.56,112/2
2023-08-21,6671,39.80,5.03,111,15.61,1.52,112/1
2023-08-21,6672,95.50,3.77,111,15.79,2.27,112/2
2023-08-21,6674,27.35,1.83,111,,1.39,112/2
2023-08-21,6689,118.00,2.37,111,70.66,2.93,112/2
2023-08-21,6691,262.50,8.49,111,9.38,3.73,112/2
2023-08-21,6695,38.20,0.00,111,,2.12,112/2
2023-08-21,6698,34.65,0.00,111,,1.90,112/2
2023-08-21,6706,64.60,5.42,111,46.14,1.24,112/2
2023-08-21,6715,119.00,3.76,111,14.44,2.79,112/2
2023-08-21,6719,213.50,4.67,111,55.60,2.14,112/2
2023-08-21,6743,49.45,1.01,111,706.43,2.70,112/2
2023-08-21,6753,98.60,1.01,111,26.65,3.95,112/2
2023-08-21,6754,48.00,7.71,111,10.13,1.64,112/2
2023-08-21,6756,198.00,3.78,111,49.87,4.93,112/2
2023-08-21,6757,38.05,0.00,111,,6.33,112/2
2023-08-21,6768,62.50,8.00,111,9.41,0.90,112/2
2023-08-21,6770,26.95,3.82,111,12.48,1.15,112/2
2023-08-21,6776,53.00,6.60,111,10.35,2.24,112/2
2023-08-21,6781,606.00,3.14,111,16.77,3.88,112/1
2023-08-21,6782,158.00,3.48,111,24.61,3.64,112/2
2023-08-21,6789,202.50,0.99,111,73.10,3.87,112/2
2023-08-21,6790,38.35,6.00,111,16.46,2.04,112/2
2023-08-21,6792,81.50,6.13,111,18.07,2.39,112/2
2023-08-21,6796,115.50,1.56,111,47.53,6.10,112/2
2023-08-21,6799,152.50,1.97,111,27.68,4.93,112/2
2023-08-21,6806,94.90,0.53,111,74.72,1.97,112/2
2023-08-21,6807,25.20,7.50,111,7.18,0.72,112/1
2023-08-21,6830,166.50,3.30,111,25.62,3.22,112/2
2023-08-21,6834,26.25,4.19,111,,1.60,112/2
2023-08-21,6835,40.00,5.00,111,13.29,1.79,112/2
2023-08-21,6854,101.00,0.00,111,,4.99,112/2
2023-08-21,6861,100.00,1.30,111,23.47,3.20,112/2
2023-08-21,6863,135.00,1.47,111,29.61,2.02,112/2
2023-08-21,6869,85.50,2.34,111,11.57,3.14,112/2
2023-08-21,6873,108.00,3.70,111,14.96,2.25,112/2
2023-08-21,6902,177.00,0.00,111,,22.07,112/2
2023-08-21,8011,16.75,0.00,111,,0.95,112/2
2023-08-21,8016,237.00,9.28,111,14.26,2.88,112/2
2023-08-21,8021,27.15,7.37,111,,0.91,112/2
2023-08-21,8028,56.00,3.21,111,23.73,2.95,112/2
2023-08-21,8033,53.20,0.00,111,,6.19,112/2
2023-08-21,8039,42.15,5.93,111,24.51,1.18,112/2
2023-08-21,8046,228.00,7.89,111,10.12,3.23,112/2
2023-08-21,8070,29.80,8.49,111,10.92,1.54,112/2
2023-08-21,8072,25.40,3.94,111,27.02,0.92,112/2
2023-08-21,8081,229.00,6.11,111,15.43,3.09,112/2
2023-08-21,8101,5.19,0.00,111,,2.17,112/2
2023-08-21,8103,36.30,5.51,111,13.25,0.98,112/2
2023-08-21,8104,34.65,4.33,111,173.25,1.23,112/2
2023-08-21,8105,13.80,1.45,111,14.68,0.78,112/2
2023-08-21,8110,13.30,1.13,111,32.44,0.68,112/2
2023-08-21,8112,49.90,8.82,111,17.51,1.79,112/2
2023-08-21,8114,102.00,6.85,111,12.61,2.23,112/2
2023-08-21,8131,39.25,8.41,111,12.66,1.47,112/2
2023-08-21,8150,36.60,6.28,111,16.05,1.12,112/2
2023-08-21,8163,42.80,7.01,111,11.92,1.09,112/2
2023-08-21,8201,19.70,0.00,111,,2.23,112/2
2023-08-21,8210,229.00,1.75,111,31.63,5.86,112/2
2023-08-21,8213,43.90,5.69,111,10.89,0.85,112/2
2023-08-21,8215,35.70,5.60,111,12.23,2.06,112/2
2023-08-21,8222,44.75,0.00,111,53.27,3.82,112/2
2023-08-21,8249,29.25,6.43,111,11.29,0.78,112/2
2023-08-21,8261,82.70,6.02,111,21.59,1.92,112/2
2023-08-21,8271,50.90,6.48,111,12.48,1.56,112/2
2023-08-21,8341,113.00,6.64,111,27.23,3.47,112/2
2023-08-21,8367,41.70,6.00,111,11.30,1.26,112/2
2023-08-21,8374,29.90,1.67,111,,1.69,112/2
2023-08-21,8404,20.25,3.46,111,24.11,1.17,112/1
2023-08-21,8411,14.00,0.00,111,,0.52,112/1
2023-08-21,8422,180.50,5.53,111,14.63,3.35,112/2
2023-08-21,8429,9.84,0.00,111,,0.29,112/1
2023-08-21,8438,27.65,3.62,111,39.50,1.17,112/2
2023-08-21,8442,74.20,6.67,111,6.88,1.79,112/1
2023-08-21,8443,11.40,0.00,111,,0.93,112/2
2023-08-21,8454,525.00,2.86,111,32.69,13.97,112/2
2023-08-21,8462,143.50,1.08,111,1103.85,7.00,112/2
2023-08-21,8463,23.10,1.00,111,24.32,1.59,112/2
2023-08-21,8464,304.50,3.61,111,16.25,4.25,112/2
2023-08-21,8466,42.00,3.57,111,51.22,1.12,112/1
2023-08-21,8467,61.80,8.09,111,7.68,1.86,112/1
2023-08-21,8473,27.60,0.00,111,,0.75,112/2
2023-08-21,8478,436.50,2.29,111,19.79,7.68,112/2
2023-08-21,8481,52.90,7.18,111,19.52,2.29,112/2
2023-08-21,8482,65.30,9.53,111,10.02,1.91,112/1
2023-08-21,8488,0.00,0.00,111,,0.47,112/1
2023-08-21,8499,97.80,2.04,111,7.28,0.67,112/1
2023-08-21,8926,42.90,3.50,111,16.89,1.95,112/2
2023-08-21,8940,23.65,0.00,111,19.87,2.44,112/2
2023-08-21,8996,308.50,0.49,111,52.29,12.29,112/2
2023-08-21,9802,123.50,5.83,111,7.85,1.87,112/2
2023-08-21,9902,11.65,0.00,111,83.21,0.92,112/2
2023-08-21,9904,29.05,4.48,111,11.48,0.72,112/2
2023-08-21,9905,24.35,4.93,111,17.15,1.02,112/2
2023-08-21,9906,57.10,8.00,111,9.68,3.34,112/2
2023-08-21,9907,17.35,8.53,111,19.49,1.46,112/2
2023-08-21,9908,32.85,3.35,111,15.57,1.30,112/2
2023-08-21,9910,171.00,5.20,111,23.65,7.39,112/2
2023-08-21,9911,62.30,5.94,111,14.76,2.58,112/2
2023-08-21,9912,10.20,0.00,111,,1.29,112/2
2023-08-21,9914,193.50,3.62,111,23.45,2.89,112/2
2023-08-21,9917,107.00,4.67,111,18.45,4.23,112/2
2023-08-21,9918,40.85,2.45,111,24.76,2.39,112/2
2023-08-21,9919,17.70,0.85,111,,1.74,112/2
2023-08-21,9921,204.00,3.82,111,18.87,2.48,112/2
2023-08-21,9924,41.90,6.92,111,9.50,1.24,112/2
2023-08-21,9925,40.10,4.99,111,16.37,1.45,112/2
2023-08-21,9926,54.90,3.64,111,19.96,2.73,112/2
2023-08-21,9927,55.70,7.18,111,11.80,1.58,112/2
2023-08-21,9928,17.55,0.00,111,,2.66,112/2
2023-08-21,9929,11.90,0.00,111,37.19,1.30,112/2
2023-08-21,9930,50.90,4.91,111,16.53,2.22,112/2
2023-08-21,9931,41.55,2.89,111,26.81,1.87,112/2
2023-08-21,9933,39.20,4.85,111,19.03,1.85,112/2
2023-08-21,9934,14.70,0.00,111,14.85,1.09,112/2
2023-08-21,9935,17.95,5.01,111,23.93,1.39,112/2
2023-08-21,9937,66.80,3.14,111,28.07,4.05,112/2
2023-08-21,9938,47.60,5.25,111,20.08,1.26,112/2
2023-08-21,9939,100.50,4.78,111,13.12,1.96,112/2
2023-08-21,9940,28.50,4.21,111,14.54,1.80,112/2
2023-08-21,9941,173.00,3.82,111,16.11,3.14,112/2
2023-08-21,9942,144.50,3.88,111,13.68,3.48,112/2
2023-08-21,9943,89.70,3.68,111,14.61,3.02,112/2
2023-08-21,9944,19.80,5.30,111,5.35,0.59,112/2
2023-08-21,9945,33.65,0.00,111,24.38,1.15,112/2
2023-08-21,9946,14.10,3.05,111,32.79,0.72,112/2
2023-08-21,9955,22.05,0.00,111,,1.67,112/2
2023-08-21,9958,138.50,0.36,111,109.06,4.39,112/2
