key,date,stock_id,name,market,open,high,low,close,volume,amount,change,limit,shares,transactions,price_basis
2015-12-22_006201,2015-12-22,006201,寶富櫃,tpex,11.45,11.50,11.41,11.41,58000,664030,,,28946000,9,
2015-12-22_1256,2015-12-22,1256,F-鮮活,tpex,132.50,135.00,132.50,134.50,10000,1347000,,,27165600,6,
2015-12-22_1258,2015-12-22,1258,F-其祥,tpex,40.30,40.55,39.85,39.85,71000,2850300,,,34559268,53,
2015-12-22_1259,2015-12-22,1259,安心,tpex,73.50,74.10,71.20,71.20,30000,2181200,,,32389500,18,
2015-12-22_1264,2015-12-22,1264,德麥,tpex,184.50,184.50,180.00,180.00,12000,2170000,,,30632700,11,
2015-12-22_1333,2015-12-22,1333,恩得利,tpex,5.34,5.34,5.25,5.25,19000,100570,0.00,,102525625,10,
2015-12-22_1336,2015-12-22,1336,台翰,tpex,8.31,8.31,7.96,8.07,16000,129280,,,62753230,11,
2015-12-22_1565,2015-12-22,1565,精華,tpex,669.00,673.00,664.00,668.00,324000,216333000,4.00,,50416516,309,
2015-12-22_1566,2015-12-22,1566,捷邦,tpex,23.20,23.30,23.00,23.00,398000,9191500,,,66467028,194,
2015-12-22_1569,2015-12-22,1569,濱川,tpex,10.65,11.00,10.60,11.00,90000,969150,0.30,,93784745,52,
2015-12-22_1570,2015-12-22,1570,力肯,tpex,16.30,16.80,16.30,16.75,235000,3910650,0.50,,51500839,125,
2015-12-22_1580,2015-12-22,1580,新麥,tpex,102.00,105.00,101.50,102.50,257000,26467500,1.50,,48531634,220,
2015-12-22_1584,2015-12-22,1584,精剛,tpex,13.85,13.90,13.70,13.70,183000,2527400,0.00,,103470533,82,
2015-12-22_1586,2015-12-22,1586,和勤,tpex,30.00,30.55,29.55,29.90,125000,3748000,0.00,,45106273,97,
2015-12-22_1591,2015-12-22,1591,F-駿吉,tpex,25.50,25.80,23.55,24.70,23000,560750,,,30149825,15,
2015-12-22_1593,2015-12-22,1593,祺驊,tpex,38.35,38.50,37.10,38.05,41000,1543650,0.05,,30300560,26,
2015-12-22_1595,2015-12-22,1595,川寶,tpex,61.40,61.40,60.40,60.40,41000,2486600,,,38687448,28,
2015-12-22_1597,2015-12-22,1597,直得,tpex,26.70,27.05,26.15,26.60,65000,1732350,0.00,,59233799,44,
2015-12-22_1599,2015-12-22,1599,宏佳騰,tpex,46.00,47.60,45.50,46.10,669000,31195150,0.50,,44980521,548,
2015-12-22_1742,2015-12-22,1742,台蠟,tpex,11.75,11.90,11.65,11.80,42000,494050,0.05,,64690524,24,
2015-12-22_1752,2015-12-22,1752,南光,tpex,48.20,49.55,47.70,49.55,4481000,218662100,2.05,,96643281,2664,
2015-12-22_1777,2015-12-22,1777,生泰,tpex,88.40,88.40,86.60,87.30,198000,17273600,,,30059550,133,
2015-12-22_1781,2015-12-22,1781,合世,tpex,25.50,25.75,25.40,25.50,106000,2709750,0.10,,47407605,79,
2015-12-22_1784,2015-12-22,1784,訊聯,tpex,35.20,36.70,35.00,35.80,631000,22682900,1.20,,49688924,488,
2015-12-22_1785,2015-12-22,1785,光洋科,tpex,18.95,19.10,18.80,18.90,405000,7680100,,,408564346,205,
2015-12-22_1787,2015-12-22,1787,福盈科,tpex,21.25,21.25,21.00,21.20,122000,2574250,0.05,,72004504,52,
2015-12-22_1788,2015-12-22,1788,杏昌,tpex,104.00,105.50,103.00,103.00,197000,20431500,,,35000000,131,
2015-12-22_1795,2015-12-22,1795,美時,tpex,70.70,71.30,70.20,70.20,563000,39749600,0.00,,238491744,436,
2015-12-22_1799,2015-12-22,1799,易威,tpex,34.50,34.85,34.35,34.65,191000,6618050,0.35,,65411393,126,
2015-12-22_1813,2015-12-22,1813,寶利徠,tpex,26.90,27.15,26.85,27.15,22000,593950,,,46635510,15,
2015-12-22_1815,2015-12-22,1815,富喬,tpex,11.00,11.10,10.85,10.85,1275000,13963900,,,411557308,358,
2015-12-22_2035,2015-12-22,2035,唐榮,tpex,44.50,45.00,44.40,44.80,30000,1337200,0.30,,350000000,19,
2015-12-22_2061,2015-12-22,2061,風青,tpex,12.35,12.35,12.05,12.20,13000,157600,,,62148076,8,
2015-12-22_2063,2015-12-22,2063,世鎧,tpex,22.65,23.40,22.60,23.40,8000,182950,0.55,,43268967,8,
2015-12-22_2064,2015-12-22,2064,晉椿,tpex,16.70,16.75,16.70,16.75,6000,100450,0.05,,70000000,3,
2015-12-22_2066,2015-12-22,2066,世德,tpex,101.00,103.50,101.00,101.50,55000,5645000,0.50,,36428470,48,
2015-12-22_2067,2015-12-22,2067,嘉鋼,tpex,14.70,14.70,14.15,14.15,4000,58250,,,30366177,3,
2015-12-22_2221,2015-12-22,2221,大甲,tpex,17.20,17.20,16.80,16.95,75000,1273700,,,42425000,48,
2015-12-22_2230,2015-12-22,2230,泰茂,tpex,13.95,14.00,13.90,13.90,9000,125600,,,39617338,5,
2015-12-22_2233,2015-12-22,2233,宇隆,tpex,75.50,75.60,73.30,73.30,449000,33181200,,,49214766,383,
2015-12-22_2235,2015-12-22,2235,謚源,tpex,135.50,137.50,133.50,136.00,52000,7031000,1.00,,31878000,50,
2015-12-22_2596,2015-12-22,2596,綠意,tpex,12.65,12.65,12.50,12.50,10000,125750,,,82731524,2,
2015-12-22_2636,2015-12-22,2636,台驊,tpex,29.30,29.75,28.90,28.90,644000,18826050,,,116032060,321,
2015-12-22_2640,2015-12-22,2640,大車隊,tpex,66.70,66.90,65.80,65.90,21000,1396300,,,44224423,17,
2015-12-22_2641,2015-12-22,2641,正德,tpex,8.45,8.45,8.32,8.41,41000,344570,,,119543821,15,
2015-12-22_2719,2015-12-22,2719,燦星旅,tpex,17.05,17.05,17.00,17.00,7000,119050,0.00,,36292000,7,
2015-12-22_2724,2015-12-22,2724,F-富驛,tpex,14.20,14.40,14.20,14.40,15000,213200,0.20,,38172290,7,
2015-12-22_2726,2015-12-22,2726,F-雅茗,tpex,64.00,64.00,63.10,64.00,50000,3189400,,,27350280,32,
2015-12-22_2729,2015-12-22,2729,瓦城,tpex,229.00,229.00,225.00,228.00,23000,5225500,0.00,,23266000,18,
2015-12-22_2732,2015-12-22,2732,六角,tpex,83.00,83.00,82.00,82.00,15000,1238400,,,27951525,12,
2015-12-22_2734,2015-12-22,2734,易飛網,tpex,24.90,24.90,24.10,24.10,4000,97500,,,30259760,4,
2015-12-22_2916,2015-12-22,2916,滿心,tpex,17.90,18.25,17.90,18.00,24000,433800,0.00,,54626878,14,
2015-12-22_2924,2015-12-22,2924,F-東凌,tpex,60.30,60.30,60.30,60.30,38000,2291400,0.10,up,35105174,15,
2015-12-22_2926,2015-12-22,2926,誠品生,tpex,214.00,223.00,214.00,216.00,632000,136871500,6.00,,45133000,497,
2015-12-22_3064,2015-12-22,3064,泰偉,tpex,19.80,19.80,19.00,19.20,17000,326900,,,72605141,16,
2015-12-22_3066,2015-12-22,3066,李洲,tpex,8.48,8.48,8.00,8.05,36000,291240,,,83070612,17,
2015-12-22_3067,2015-12-22,3067,全域,tpex,12.95,12.95,12.45,12.45,3000,38350,,,29025240,3,
2015-12-22_3068,2015-12-22,3068,美磊,tpex,33.70,34.40,33.70,34.30,69000,2359450,0.30,,85382004,50,
2015-12-22_3071,2015-12-22,3071,協禧,tpex,6.64,6.64,6.21,6.30,53000,339270,,,146067876,33,
2015-12-22_3073,2015-12-22,3073,普格,tpex,6.10,6.19,6.10,6.19,8000,49140,0.14,,46663657,5,
2015-12-22_3078,2015-12-22,3078,僑威,tpex,23.30,23.70,23.00,23.00,2397000,55643600,,,227391064,972,
2015-12-22_3081,2015-12-22,3081,聯亞,tpex,512.00,521.00,504.00,506.00,985000,504544000,,,69909752,902,
2015-12-22_3083,2015-12-22,3083,網龍,tpex,43.20,43.75,41.75,41.80,1031000,43750200,,,85704358,767,
2015-12-22_3085,2015-12-22,3085,久大,tpex,6.70,7.00,6.70,6.98,26000,179010,0.00,,71226713,13,
2015-12-22_3086,2015-12-22,3086,華義,tpex,13.10,13.35,12.80,12.80,133000,1732700,,,59811742,81,
2015-12-22_3088,2015-12-22,3088,艾訊,tpex,63.00,64.10,63.00,63.50,109000,6920900,0.40,,79031034,108,
2015-12-22_3089,2015-12-22,3089,遠昇,tpex,20.15,21.15,20.10,20.30,729000,15046650,0.75,,73890463,353,
2015-12-22_3092,2015-12-22,3092,鴻碩,tpex,15.60,15.65,15.30,15.30,57000,880650,,,63471690,35,
2015-12-22_3095,2015-12-22,3095,及成,tpex,6.10,6.10,5.73,5.76,90000,524910,0.07,,109276321,43,
2015-12-22_3105,2015-12-22,3105,穩懋,tpex,51.70,53.00,50.10,50.10,9182000,473638200,,,595532662,4253,
2015-12-22_3114,2015-12-22,3114,好德,tpex,12.90,12.90,12.55,12.60,35000,444300,,,50013691,19,
2015-12-22_3115,2015-12-22,3115,寶島極,tpex,13.85,13.85,13.80,13.80,9000,124350,0.00,,43697600,7,
2015-12-22_3118,2015-12-22,3118,進階,tpex,39.60,39.60,38.80,39.00,96000,3745800,,,32452860,66,
2015-12-22_3122,2015-12-22,3122,笙泉,tpex,15.25,16.00,15.20,16.00,290000,4526550,0.75,,39530934,171,
2015-12-22_3128,2015-12-22,3128,昇銳,tpex,17.80,17.80,16.80,17.45,576000,9924350,,,42000000,282,
2015-12-22_3131,2015-12-22,3131,弘塑,tpex,254.00,255.00,241.50,242.00,780000,191941500,,,24683843,673,
2015-12-22_3144,2015-12-22,3144,新揚科,tpex,14.80,14.85,14.80,14.85,10000,148200,,,100637750,8,
2015-12-22_3152,2015-12-22,3152,璟德,tpex,224.50,224.50,213.00,215.00,946000,204747000,,,69016200,819,
2015-12-22_3162,2015-12-22,3162,精確,tpex,5.48,5.64,5.48,5.62,44000,242440,,,56531342,19,
2015-12-22_3163,2015-12-22,3163,波若威,tpex,32.95,34.10,32.90,33.10,1014000,34099450,0.15,,72926481,595,
2015-12-22_3169,2015-12-22,3169,亞信,tpex,31.40,31.40,30.25,30.70,315000,9681200,,,51758922,208,
2015-12-22_3171,2015-12-22,3171,新洲,tpex,20.05,20.05,19.55,19.75,69000,1361500,,,59203515,30,
2015-12-22_3176,2015-12-22,3176,基亞,tpex,87.50,88.30,87.00,87.00,503000,44019700,0.00,,138685505,410,
2015-12-22_3188,2015-12-22,3188,安茂,tpex,9.00,9.70,8.99,9.70,17000,161090,0.69,,61125620,12,
2015-12-22_3191,2015-12-22,3191,和進,tpex,15.15,15.25,15.15,15.20,100000,1519550,0.15,,54694761,66,
2015-12-22_3202,2015-12-22,3202,樺晟,tpex,6.12,6.12,6.01,6.06,47000,284070,0.03,,96687192,24,
2015-12-22_3205,2015-12-22,3205,佰研,tpex,297.00,299.50,292.50,295.00,161000,47592500,2.00,,26231135,153,
2015-12-22_3206,2015-12-22,3206,志豐,tpex,21.00,21.20,20.95,21.20,46000,968100,0.20,,43616002,35,
2015-12-22_3207,2015-12-22,3207,耀勝,tpex,7.48,7.90,7.48,7.55,31000,235980,0.05,,38259225,11,
2015-12-22_3211,2015-12-22,3211,順達,tpex,50.10,50.30,49.40,49.40,188000,9333100,,,151968521,157,
2015-12-22_3213,2015-12-22,3213,茂訊,tpex,43.30,43.35,43.00,43.30,36000,1556100,0.00,,58685547,26,
2015-12-22_3217,2015-12-22,3217,優群,tpex,12.80,12.85,12.70,12.70,14000,178800,,,84059203,7,
2015-12-22_3218,2015-12-22,3218,大學光,tpex,24.70,25.00,24.40,24.65,177000,4384700,0.25,,66123000,114,
2015-12-22_3219,2015-12-22,3219,倚強,tpex,10.50,10.50,10.50,10.50,24000,252000,0.05,up,23300417,2,
2015-12-22_3221,2015-12-22,3221,台嘉碩,tpex,17.60,17.75,17.35,17.45,240000,4203400,,,86145960,130,
2015-12-22_3224,2015-12-22,3224,三顧,tpex,37.05,37.05,36.20,36.25,287000,10457250,,,40000000,153,
2015-12-22_3226,2015-12-22,3226,至寶電,tpex,62.90,69.00,62.60,68.50,348000,22938100,5.70,,64430573,223,
2015-12-22_3227,2015-12-22,3227,原相,tpex,81.70,82.60,79.80,80.00,1596000,129662400,,,133192771,1152,
2015-12-22_3228,2015-12-22,3228,金麗科,tpex,22.25,22.25,22.00,22.00,24000,529350,,,62792705,13,
2015-12-22_3230,2015-12-22,3230,錦明,tpex,5.87,5.87,5.68,5.83,73000,419400,,,109746524,34,
2015-12-22_3232,2015-12-22,3232,昱捷,tpex,26.35,26.40,25.65,26.40,13000,342050,0.05,,31567865,10,
2015-12-22_3234,2015-12-22,3234,光環,tpex,94.00,94.30,91.00,91.10,6446000,592422000,,,103826089,3809,
2015-12-22_3236,2015-12-22,3236,千如,tpex,12.30,12.30,12.05,12.10,70000,848750,,,60379413,37,
2015-12-22_3259,2015-12-22,3259,鑫創,tpex,27.50,27.75,27.20,27.55,21000,577250,0.00,,80859553,18,
2015-12-22_3260,2015-12-22,3260,威剛,tpex,35.15,35.15,34.00,34.30,910000,31229300,,,229973374,622,
2015-12-22_3264,2015-12-22,3264,欣銓,tpex,24.90,24.95,23.70,24.00,5688000,137251900,,,480890209,2653,
2015-12-22_3265,2015-12-22,3265,台星科,tpex,21.35,21.35,21.05,21.10,188000,3975650,0.00,,136261659,92,
2015-12-22_3268,2015-12-22,3268,海德威,tpex,15.15,15.55,15.15,15.50,42000,643000,0.15,,33426272,29,
2015-12-22_3272,2015-12-22,3272,東碩,tpex,62.90,63.30,62.10,62.10,181000,11307700,0.10,,52264966,160,
2015-12-22_3276,2015-12-22,3276,宇環,tpex,8.60,9.08,8.60,8.80,23000,199790,,,69712666,10,
2015-12-22_3284,2015-12-22,3284,太普高,tpex,9.67,9.67,9.55,9.64,35000,335890,,,60663790,19,
2015-12-22_3285,2015-12-22,3285,微端,tpex,28.25,28.60,28.25,28.25,100000,2836300,0.00,,44109324,62,
2015-12-22_3287,2015-12-22,3287,廣寰科,tpex,8.08,8.28,8.08,8.19,104000,856000,0.01,,43970483,50,
2015-12-22_3288,2015-12-22,3288,點晶,tpex,6.99,7.00,6.82,6.98,12000,83420,0.25,,48475148,9,
2015-12-22_3289,2015-12-22,3289,宜特,tpex,99.00,102.00,98.00,101.00,4421000,443661400,3.40,,50483039,2730,
2015-12-22_3290,2015-12-22,3290,東浦,tpex,14.45,14.55,14.15,14.15,222000,3203000,,,99548926,77,
2015-12-22_3291,2015-12-22,3291,遠翔科,tpex,15.85,16.00,15.80,15.80,27000,428250,,,35561400,14,
2015-12-22_3293,2015-12-22,3293,鈊象,tpex,114.00,115.50,109.00,113.00,3349000,377382500,0.00,,69666890,2311,
2015-12-22_3294,2015-12-22,3294,英濟,tpex,18.20,18.40,18.10,18.15,355000,6469750,,,130197419,75,
2015-12-22_3297,2015-12-22,3297,杭特,tpex,17.75,17.85,17.65,17.65,11000,195200,,,36798745,9,
2015-12-22_3299,2015-12-22,3299,帛漢,tpex,49.05,49.30,49.00,49.00,84000,4123300,0.00,,55408889,70,
2015-12-22_3303,2015-12-22,3303,岱稜,tpex,17.35,17.60,17.30,17.30,96000,1674350,0.05,,97361607,52,
2015-12-22_3306,2015-12-22,3306,鼎天,tpex,24.00,24.30,24.00,24.00,24000,578400,,,50607702,11,
2015-12-22_3310,2015-12-22,3310,佳穎,tpex,13.00,13.10,12.95,13.10,20000,259750,0.10,,111691710,4,
2015-12-22_3313,2015-12-22,3313,斐成,tpex,7.16,7.16,7.00,7.14,40000,281320,0.07,,83770776,16,
2015-12-22_3317,2015-12-22,3317,尼克森,tpex,11.80,12.10,11.65,11.75,294000,3502950,0.05,,61251550,129,
2015-12-22_3322,2015-12-22,3322,建舜電,tpex,11.45,11.70,11.45,11.60,180000,2082400,0.20,,86415616,62,
2015-12-22_3323,2015-12-22,3323,加百裕,tpex,18.05,18.05,17.90,18.00,95000,1710250,,,90299914,28,
2015-12-22_3324,2015-12-22,3324,雙鴻,tpex,39.25,41.10,39.20,40.25,8588000,347059900,1.55,,71136245,4151,
2015-12-22_3325,2015-12-22,3325,旭品,tpex,18.60,18.70,17.75,17.85,344000,6191250,,,77134579,165,
2015-12-22_3332,2015-12-22,3332,幸康,tpex,37.95,37.95,37.95,37.95,1000,37950,,flat,48104246,1,
2015-12-22_3339,2015-12-22,3339,泰谷,tpex,4.19,4.19,3.95,4.12,212000,851800,,,275304842,41,
2015-12-22_3354,2015-12-22,3354,律勝,tpex,7.76,7.81,7.75,7.80,36000,280530,0.04,,82485206,18,
2015-12-22_3360,2015-12-22,3360,尚立,tpex,11.40,11.40,11.35,11.35,26000,295250,0.00,,75456054,22,
2015-12-22_3362,2015-12-22,3362,先進光,tpex,13.50,13.80,13.30,13.40,16000,215600,,,93378000,11,
2015-12-22_3363,2015-12-22,3363,上詮,tpex,27.50,28.50,26.90,28.10,416000,11535650,0.80,,76599145,210,
2015-12-22_3372,2015-12-22,3372,典範,tpex,7.90,7.94,7.72,7.94,263000,2072290,0.04,,409730000,65,
2015-12-22_3373,2015-12-22,3373,熱映,tpex,25.15,25.25,24.65,24.65,261000,6485900,,,43289801,137,
2015-12-22_3374,2015-12-22,3374,精材,tpex,33.65,34.20,33.50,33.65,530000,17871200,0.15,,268813256,330,
2015-12-22_3379,2015-12-22,3379,彬台,tpex,14.15,14.25,13.85,13.85,30000,420450,,,38041748,18,
2015-12-22_3388,2015-12-22,3388,崇越電,tpex,61.70,62.00,61.00,61.90,21000,1297300,0.50,,64346000,15,
2015-12-22_3390,2015-12-22,3390,旭軟,tpex,14.75,14.75,14.60,14.75,84000,1232950,0.05,,65845059,44,
2015-12-22_3402,2015-12-22,3402,漢科,tpex,13.50,13.70,13.50,13.55,114000,1554350,0.05,,73047692,57,
2015-12-22_3428,2015-12-22,3428,光燿科,tpex,57.60,58.70,56.40,57.30,3314000,190002300,,,95148000,2073,
2015-12-22_3431,2015-12-22,3431,長天,tpex,7.64,7.75,7.61,7.61,85000,651610,,,35458704,38,
2015-12-22_3434,2015-12-22,3434,哲固,tpex,12.95,13.00,12.90,12.90,7000,90450,0.20,,22700000,3,
2015-12-22_3438,2015-12-22,3438,類比科,tpex,17.40,17.50,17.40,17.50,29000,505400,,,38930615,8,
2015-12-22_3441,2015-12-22,3441,聯一光,tpex,11.30,11.40,11.15,11.20,63000,709150,,,40039920,41,
2015-12-22_3444,2015-12-22,3444,利機,tpex,15.40,15.45,15.30,15.45,8000,122850,0.05,,39114586,7,
2015-12-22_3452,2015-12-22,3452,益通,tpex,13.50,13.60,13.10,13.20,1123000,14897750,,,779449742,509,
2015-12-22_3455,2015-12-22,3455,由田,tpex,28.20,30.80,28.10,29.00,1809000,53823400,1.00,,61108750,1053,
2015-12-22_3465,2015-12-22,3465,祥業,tpex,9.40,9.40,9.40,9.40,10000,94000,0.85,up,26320669,3,
2015-12-22_3466,2015-12-22,3466,致振,tpex,22.35,22.50,21.60,21.75,36000,800400,,,60887573,17,
2015-12-22_3479,2015-12-22,3479,安勤,tpex,64.10,64.50,61.00,61.90,934000,58809200,,,68333164,620,
2015-12-22_3483,2015-12-22,3483,力致,tpex,14.35,14.35,13.80,13.95,238000,3319550,,,48960000,101,
2015-12-22_3484,2015-12-22,3484,崧騰,tpex,32.00,32.00,31.30,31.30,228000,7193500,,,64560034,145,
2015-12-22_3489,2015-12-22,3489,森寶,tpex,9.58,9.63,9.58,9.60,79000,758490,0.12,,83130670,27,
2015-12-22_3490,2015-12-22,3490,單井,tpex,71.80,71.80,69.50,69.50,417000,29287400,,,62341847,331,
2015-12-22_3491,2015-12-22,3491,昇達科,tpex,69.40,70.10,68.70,68.70,330000,22830800,,,51457241,271,
2015-12-22_3492,2015-12-22,3492,長盛,tpex,31.50,31.60,29.90,29.90,405000,12360500,,,35531600,292,
2015-12-22_3498,2015-12-22,3498,陽程,tpex,61.70,61.80,60.00,60.10,586000,35705000,,,78111441,394,
2015-12-22_3499,2015-12-22,3499,環天科,tpex,22.30,22.30,21.30,21.60,887000,19285300,,,56433596,530,
2015-12-22_3508,2015-12-22,3508,位速,tpex,14.30,14.45,13.95,13.95,359000,5073500,,,92837737,143,
2015-12-22_3511,2015-12-22,3511,矽瑪,tpex,26.50,28.25,26.50,27.30,513000,14058000,0.90,,38972945,340,
2015-12-22_3512,2015-12-22,3512,能緹,tpex,28.85,29.00,28.80,29.00,4000,115650,0.30,,59000000,4,
2015-12-22_3516,2015-12-22,3516,亞帝歐,tpex,8.70,8.92,8.70,8.80,80000,705600,0.11,,74314650,41,
2015-12-22_3520,2015-12-22,3520,振維,tpex,118.50,119.50,116.50,119.00,713000,84326500,0.50,,53394222,457,
2015-12-22_3521,2015-12-22,3521,鴻翊,tpex,11.35,11.35,11.05,11.25,39000,436400,,,46730575,25,
2015-12-22_3522,2015-12-22,3522,宏森,tpex,9.99,9.99,9.83,9.89,110000,1093360,,,47292000,37,
2015-12-22_3523,2015-12-22,3523,迎輝,tpex,25.05,25.30,25.00,25.15,406000,10211800,0.10,,96099560,139,
2015-12-22_3526,2015-12-22,3526,凡甲,tpex,21.80,22.10,21.50,21.50,119000,2577900,0.00,,66224384,68,
2015-12-22_3527,2015-12-22,3527,聚積,tpex,44.85,44.95,43.95,44.25,130000,5765650,,,32656398,89,
2015-12-22_3528,2015-12-22,3528,安馳,tpex,29.95,30.00,29.85,29.90,22000,658200,,,56591102,16,
2015-12-22_3529,2015-12-22,3529,力旺,tpex,370.00,382.00,366.50,367.00,760000,284440000,,,76832242,714,
2015-12-22_3531,2015-12-22,3531,先益,tpex,13.25,13.25,13.00,13.15,30000,392500,0.00,,61175011,20,
2015-12-22_3537,2015-12-22,3537,堡達,tpex,19.05,19.05,18.80,19.00,53000,1003850,0.00,,48695220,32,
2015-12-22_3540,2015-12-22,3540,曜越,tpex,13.30,13.30,13.10,13.20,57000,751000,,,66613044,34,
2015-12-22_3541,2015-12-22,3541,西柏,tpex,65.90,65.90,65.00,65.60,61000,4001100,0.10,,44653170,45,
2015-12-22_3546,2015-12-22,3546,宇峻,tpex,36.90,37.35,35.20,35.40,712000,25817900,,,34520074,531,
2015-12-22_3548,2015-12-22,3548,兆利,tpex,35.00,35.50,34.10,34.50,330000,11404950,,,50551398,212,
2015-12-22_3551,2015-12-22,3551,世禾,tpex,34.85,34.85,34.10,34.10,118000,4041400,,,57500890,60,
2015-12-22_3552,2015-12-22,3552,同致,tpex,304.50,305.50,297.00,297.00,553000,166422000,,,84334181,451,
2015-12-22_3553,2015-12-22,3553,力積,tpex,13.60,13.60,13.40,13.40,82000,1106750,,,68152844,42,
2015-12-22_3555,2015-12-22,3555,擎泰,tpex,10.15,10.15,10.15,10.15,14000,142100,0.65,up,20154721,6,
2015-12-22_3556,2015-12-22,3556,禾瑞亞,tpex,55.00,55.00,53.80,54.00,171000,9267400,,,54982133,116,
2015-12-22_3558,2015-12-22,3558,神準,tpex,229.00,232.00,228.00,229.00,71000,16313500,1.00,,49045881,70,
2015-12-22_3562,2015-12-22,3562,頂晶科,tpex,4.00,4.24,4.00,4.24,3000,12240,0.23,,52360000,2,
2015-12-22_3563,2015-12-22,3563,牧德,tpex,43.30,43.55,43.25,43.25,24000,1042500,,,42608234,18,
2015-12-22_3564,2015-12-22,3564,其陽,tpex,60.20,61.50,60.00,60.50,218000,13227500,1.00,,20400000,150,
2015-12-22_3567,2015-12-22,3567,逸昌,tpex,12.20,12.40,12.20,12.35,55000,676750,0.05,,35581000,7,
2015-12-22_3570,2015-12-22,3570,大塚,tpex,56.80,58.00,56.10,57.00,151000,8625400,1.20,,17097000,124,
2015-12-22_3577,2015-12-22,3577,泓格,tpex,30.20,30.40,30.20,30.25,8000,242400,,,43689403,8,
2015-12-22_3580,2015-12-22,3580,友威科,tpex,9.00,9.30,9.00,9.20,233000,2143300,0.20,,55706657,75,
2015-12-22_3581,2015-12-22,3581,博磊,tpex,14.20,14.20,13.50,13.50,11000,153000,,,51776000,10,
2015-12-22_3587,2015-12-22,3587,閎康,tpex,55.80,56.40,55.40,56.30,134000,7493600,1.00,,46313157,103,
2015-12-22_3594,2015-12-22,3594,磐儀,tpex,28.25,28.25,27.50,27.50,43000,1187800,0.00,,56144543,40,
2015-12-22_3609,2015-12-22,3609,東林,tpex,12.50,12.70,12.50,12.50,4000,50200,,,30385387,3,
2015-12-22_3611,2015-12-22,3611,鼎翰,tpex,331.00,335.00,326.00,326.50,380000,125056000,,,38190400,301,
2015-12-22_3615,2015-12-22,3615,安可,tpex,20.00,20.25,19.10,19.10,570000,11256950,,,70584512,294,
2015-12-22_3623,2015-12-22,3623,富晶通,tpex,41.30,41.60,40.50,41.20,220000,8985000,,,58707250,136,
2015-12-22_3624,2015-12-22,3624,光頡,tpex,23.60,23.75,23.25,23.35,673000,15766500,,,117340842,291,
2015-12-22_3625,2015-12-22,3625,西勝,tpex,9.34,9.41,9.20,9.30,37000,344050,0.00,,56078000,28,
2015-12-22_3628,2015-12-22,3628,盈正,tpex,50.30,51.90,50.30,50.70,109000,5551700,0.40,,45000000,84,
2015-12-22_3629,2015-12-22,3629,卓韋,tpex,37.10,38.00,36.40,37.15,137000,5123000,,,15000000,88,
2015-12-22_3630,2015-12-22,3630,新鉅科,tpex,18.10,18.10,17.45,17.50,246000,4368150,,,101644960,140,
2015-12-22_3631,2015-12-22,3631,晟楠,tpex,24.90,24.90,24.40,24.40,7000,171900,,,79920909,7,
2015-12-22_3632,2015-12-22,3632,研勤,tpex,26.45,28.40,26.45,27.90,1126000,31401050,1.50,,30807738,688,
2015-12-22_3642,2015-12-22,3642,駿熠電,tpex,24.20,25.90,23.70,25.90,407000,10258650,1.85,,30368642,137,
2015-12-22_3646,2015-12-22,3646,艾恩特,tpex,12.75,13.15,12.75,13.15,28000,363450,0.20,,38584371,18,
2015-12-22_3652,2015-12-22,3652,精聯,tpex,16.55,17.00,16.55,16.70,8000,134550,,,46796000,7,
2015-12-22_3658,2015-12-22,3658,漢微科,tpex,1185.00,1215.00,1175.00,1185.00,371000,442110000,20.00,,71000000,350,
2015-12-22_3662,2015-12-22,3662,樂陞,tpex,91.10,91.50,88.20,88.40,1434000,128147400,,,119660086,1002,
2015-12-22_3663,2015-12-22,3663,鑫科,tpex,15.50,15.50,15.45,15.45,8000,123750,0.00,,73498057,6,
2015-12-22_3664,2015-12-22,3664,F-安瑞,tpex,15.30,15.35,15.05,15.05,125000,1897650,,,77789372,84,
2015-12-22_3666,2015-12-22,3666,光耀,tpex,22.35,22.40,22.00,22.05,94000,2086400,,,48299600,60,
2015-12-22_3672,2015-12-22,3672,康聯訊,tpex,34.90,34.90,34.50,34.70,25000,866200,,,29407255,20,
2015-12-22_3675,2015-12-22,3675,德微,tpex,22.40,22.90,22.40,22.60,23000,518400,0.10,,44428250,10,
2015-12-22_3680,2015-12-22,3680,家登,tpex,30.45,30.90,30.45,30.55,68000,2085450,,,62460582,50,
2015-12-22_3684,2015-12-22,3684,榮昌,tpex,60.00,60.90,59.00,59.00,12000,713500,0.10,,21090814,10,
2015-12-22_3685,2015-12-22,3685,政翔,tpex,44.00,44.20,43.45,43.50,77000,3371500,,,80000000,61,
2015-12-22_3687,2015-12-22,3687,歐買尬,tpex,67.00,67.80,64.20,65.00,306000,20306200,,,30059572,250,
2015-12-22_3689,2015-12-22,3689,湧德,tpex,34.30,34.50,34.05,34.30,86000,2947800,0.00,,69675807,64,
2015-12-22_3691,2015-12-22,3691,碩禾,tpex,753.00,760.00,734.00,742.00,903000,672490000,,,60893156,835,
2015-12-22_3693,2015-12-22,3693,營邦,tpex,114.50,116.00,112.00,112.00,278000,31719000,,,38535694,233,
2015-12-22_3707,2015-12-22,3707,漢磊,tpex,9.01,9.04,8.96,8.96,59000,530750,,,163319154,44,
2015-12-22_4102,2015-12-22,4102,永日,tpex,24.80,24.90,24.20,24.20,142000,3475650,,,42373443,88,
2015-12-22_4103,2015-12-22,4103,百略,tpex,96.30,96.40,92.60,92.60,137000,12884100,,,109996975,127,
2015-12-22_4105,2015-12-22,4105,東洋,tpex,122.50,124.50,118.00,119.00,4294000,521562500,,,248649959,2686,
2015-12-22_4107,2015-12-22,4107,邦特,tpex,131.00,135.00,130.00,132.50,1161000,154245500,2.50,,69008554,831,
2015-12-22_4109,2015-12-22,4109,穆拉德,tpex,25.50,25.65,25.15,25.20,796000,20203900,,,74523498,366,
2015-12-22_4111,2015-12-22,4111,濟生,tpex,26.00,26.25,25.60,25.70,90000,2334000,,,56982985,57,
2015-12-22_4113,2015-12-22,4113,聯上,tpex,9.86,9.93,9.76,9.80,97000,951540,0.00,,205764581,46,
2015-12-22_4114,2015-12-22,4114,健喬,tpex,36.30,37.15,36.25,36.70,1231000,45218850,0.60,,131725703,707,
2015-12-22_4116,2015-12-22,4116,明基醫,tpex,89.00,91.70,88.00,88.30,1378000,123489800,1.30,,44246000,1122,
2015-12-22_4120,2015-12-22,4120,友華,tpex,60.10,61.00,59.60,59.60,150000,9003300,,,86747119,113,
2015-12-22_4121,2015-12-22,4121,優盛,tpex,18.00,18.00,17.30,17.35,621000,10961850,,,73316764,364,
2015-12-22_4123,2015-12-22,4123,晟德,tpex,74.20,74.50,73.20,74.30,1281000,94659100,0.70,,234144615,893,
2015-12-22_4126,2015-12-22,4126,太醫,tpex,77.40,77.50,75.90,75.90,174000,13316300,,,66015216,151,
2015-12-22_4127,2015-12-22,4127,天良,tpex,22.80,23.05,22.65,22.65,250000,5730050,,,45760000,161,
2015-12-22_4128,2015-12-22,4128,中天,tpex,27.00,27.40,26.70,26.70,824000,22195400,,,425342650,525,
2015-12-22_4129,2015-12-22,4129,聯合,tpex,72.40,73.20,71.00,71.00,1020000,73290600,,,71212868,805,
2015-12-22_4130,2015-12-22,4130,健亞,tpex,64.90,65.10,63.10,63.20,6247000,399873300,0.10,,100806000,3733,
2015-12-22_4131,2015-12-22,4131,晶宇,tpex,9.93,10.00,9.93,10.00,42000,419510,0.89,,38291934,18,
2015-12-22_4138,2015-12-22,4138,曜亞,tpex,65.30,66.30,64.30,64.30,116000,7565700,,,30000000,96,
2015-12-22_4139,2015-12-22,4139,F-馬光,tpex,68.00,69.00,67.60,68.80,447000,30510500,0.80,,34679700,66,
2015-12-22_4147,2015-12-22,4147,中裕,tpex,257.50,271.50,256.00,268.50,5785000,1532591500,16.00,,247055500,4641,
2015-12-22_4152,2015-12-22,4152,台微體,tpex,150.00,150.00,146.00,147.00,59000,8671000,0.00,,55584155,55,
2015-12-22_4153,2015-12-22,4153,鈺緯,tpex,75.00,75.50,74.70,74.80,143000,10727800,0.30,,37927274,115,
2015-12-22_4154,2015-12-22,4154,F-康樂,tpex,23.15,23.80,23.15,23.20,31000,725200,,,19526000,18,
2015-12-22_4157,2015-12-22,4157,F*太景,tpex,35.10,35.80,34.55,34.70,2051000,72158450,,,696760425,1280,
2015-12-22_4160,2015-12-22,4160,創源,tpex,31.30,31.70,30.85,30.90,120000,3742700,0.05,,24247016,96,
2015-12-22_4161,2015-12-22,4161,聿新科,tpex,71.40,71.40,70.00,70.30,211000,14908600,,,51557149,166,
2015-12-22_4162,2015-12-22,4162,智擎,tpex,257.00,259.00,252.50,257.00,2470000,632882500,4.00,,101962000,2038,
2015-12-22_4163,2015-12-22,4163,鐿鈦,tpex,128.50,129.00,126.50,126.50,164000,20954000,,,40238000,142,
2015-12-22_4167,2015-12-22,4167,展旺,tpex,27.80,28.30,27.60,27.90,1180000,32984100,0.40,,209617000,699,
2015-12-22_4168,2015-12-22,4168,醣聯,tpex,57.00,58.20,57.00,57.00,490000,28163300,0.30,,76993456,362,
2015-12-22_4171,2015-12-22,4171,瑞基,tpex,30.85,32.90,30.85,31.80,102000,3255550,0.70,,34340000,73,
2015-12-22_4173,2015-12-22,4173,久裕,tpex,27.75,27.75,27.40,27.75,180000,4963550,0.10,,44574355,120,
2015-12-22_4174,2015-12-22,4174,浩鼎,tpex,722.00,734.00,715.00,716.00,1022000,738244000,,,170697460,880,
2015-12-22_4175,2015-12-22,4175,杏一,tpex,78.20,78.80,77.90,77.90,15000,1174400,,,25240000,15,
2015-12-22_4180,2015-12-22,4180,安成藥,tpex,190.00,192.50,188.00,188.00,488000,92788000,,,127409081,388,
2015-12-22_4188,2015-12-22,4188,安克,tpex,28.60,29.00,28.50,28.55,145000,4150300,,,40800000,82,
2015-12-22_4192,2015-12-22,4192,杏國,tpex,47.45,49.00,47.10,47.10,319000,15252950,0.40,,58367000,242,
2015-12-22_4198,2015-12-22,4198,環瑞醫,tpex,34.80,35.80,34.80,35.20,219000,7730550,0.50,,141800000,160,
2015-12-22_4205,2015-12-22,4205,中華食,tpex,38.75,38.80,38.75,38.75,15000,581600,0.00,,72704362,8,
2015-12-22_4207,2015-12-22,4207,環泰,tpex,9.12,9.14,9.11,9.14,43000,392560,0.02,,173617169,12,
2015-12-22_4303,2015-12-22,4303,信立,tpex,12.55,12.55,12.55,12.55,11000,138050,0.05,up,70700000,2,
2015-12-22_4304,2015-12-22,4304,勝昱,tpex,12.60,13.45,12.60,13.45,2000,26050,,,51333500,2,
2015-12-22_4305,2015-12-22,4305,世坤,tpex,27.25,27.25,26.40,26.40,2000,53650,,,55014000,2,
2015-12-22_4401,2015-12-22,4401,東隆興,tpex,92.00,92.90,91.50,92.00,58000,5340500,0.00,,120286286,55,
2015-12-22_4402,2015-12-22,4402,福大,tpex,5.30,5.43,5.28,5.28,19000,100730,,,45991830,6,
2015-12-22_4406,2015-12-22,4406,新昕纖,tpex,10.85,10.85,10.75,10.80,10000,108100,,,51912000,8,
2015-12-22_4415,2015-12-22,4415,台原藥,tpex,19.30,19.50,18.00,18.00,14000,262100,,,75923891,10,
2015-12-22_4417,2015-12-22,4417,金洲,tpex,36.50,36.50,35.60,35.60,202000,7256800,,,82334764,136,
2015-12-22_4419,2015-12-22,4419,松懋,tpex,6.66,6.99,6.66,6.66,5000,34290,,,23578917,3,
2015-12-22_4420,2015-12-22,4420,光明,tpex,42.80,43.35,42.75,42.75,111000,4750850,,,29455000,44,
2015-12-22_4429,2015-12-22,4429,聚紡,tpex,23.00,23.80,23.00,23.80,14000,329650,1.10,,34350000,8,
2015-12-22_4430,2015-12-22,4430,耀億,tpex,28.15,28.15,28.15,28.15,2000,56300,0.00,down,56273609,2,
2015-12-22_4432,2015-12-22,4432,銘旺實,tpex,75.40,75.70,74.00,74.00,146000,10955100,,,50589000,111,
2015-12-22_4433,2015-12-22,4433,興采,tpex,34.95,34.95,34.50,34.50,8000,277400,,,30072432,8,
2015-12-22_4502,2015-12-22,4502,健信,tpex,30.00,30.50,29.00,30.00,62000,1861250,0.50,,42395848,34,
2015-12-22_4503,2015-12-22,4503,金雨,tpex,12.60,12.80,12.50,12.80,56000,709900,0.40,,40763326,17,
2015-12-22_4506,2015-12-22,4506,崇友,tpex,24.95,25.05,24.70,24.75,298000,7410300,,,196680000,188,
2015-12-22_4510,2015-12-22,4510,高鋒,tpex,15.40,15.50,15.20,15.40,119000,1822550,0.10,,108010689,64,
2015-12-22_4513,2015-12-22,4513,福裕,tpex,10.05,10.15,9.98,10.10,91000,911970,,,76880300,48,
2015-12-22_4523,2015-12-22,4523,永彰,tpex,17.60,17.60,17.25,17.45,60000,1047050,,,64000000,42,
2015-12-22_4527,2015-12-22,4527,方土霖,tpex,23.15,23.15,23.05,23.05,9000,207650,,,76152370,7,
2015-12-22_4528,2015-12-22,4528,江興鍛,tpex,58.80,59.90,58.50,58.70,429000,25352100,0.20,,76514268,317,
2015-12-22_4529,2015-12-22,4529,昶洧,tpex,47.40,48.00,46.10,46.30,1395000,65343850,,,78969796,932,
2015-12-22_4530,2015-12-22,4530,宏易,tpex,4.90,4.90,4.90,4.90,2000,9800,0.09,up,46172276,2,
2015-12-22_4533,2015-12-22,4533,協易機,tpex,11.50,11.75,11.45,11.55,446000,5175850,0.10,,160434110,112,
2015-12-22_4534,2015-12-22,4534,慶騰,tpex,10.05,10.05,9.95,10.05,124000,1242650,0.00,,80103659,27,
2015-12-22_4535,2015-12-22,4535,至興,tpex,43.00,43.00,42.00,42.80,65000,2766950,0.35,,75661740,57,
2015-12-22_4541,2015-12-22,4541,晟田,tpex,35.00,35.40,34.10,34.10,163000,5672200,,,54143426,112,
2015-12-22_4542,2015-12-22,4542,科嶠,tpex,19.50,20.40,19.45,19.80,38000,744100,0.25,,28285400,9,
2015-12-22_4549,2015-12-22,4549,桓達,tpex,75.80,75.90,74.30,74.30,3000,226000,,,37711695,3,
2015-12-22_4550,2015-12-22,4550,長佳,tpex,20.95,20.95,20.20,20.20,14000,286750,,,32935240,14,
2015-12-22_4556,2015-12-22,4556,旭然,tpex,46.50,46.50,38.00,41.60,2133000,90371600,9.60,,35196000,1697,
2015-12-22_4609,2015-12-22,4609,唐鋒,tpex,7.80,8.04,7.80,7.86,24000,190980,,,47946820,8,
2015-12-22_4702,2015-12-22,4702,中美實,tpex,11.50,11.55,11.35,11.35,94000,1079500,,,225000000,37,
2015-12-22_4706,2015-12-22,4706,大恭,tpex,15.40,15.40,15.00,15.00,95000,1430200,0.00,,79030093,18,
2015-12-22_4707,2015-12-22,4707,磐亞,tpex,8.56,8.62,8.54,8.56,126000,1078690,0.01,,214975492,51,
2015-12-22_4711,2015-12-22,4711,永純,tpex,11.95,12.10,11.95,12.10,3000,36000,0.15,,61056000,2,
2015-12-22_4712,2015-12-22,4712,南璋,tpex,7.99,8.00,7.70,7.77,272000,2130280,,,96280605,103,
2015-12-22_4714,2015-12-22,4714,永捷,tpex,8.12,8.12,8.05,8.10,50000,403390,0.00,,65523246,15,
2015-12-22_4716,2015-12-22,4716,大立,tpex,9.20,9.21,9.10,9.14,18000,164610,,,73213904,8,
2015-12-22_4721,2015-12-22,4721,美琪瑪,tpex,25.20,25.30,24.80,24.80,190000,4734500,,,74986304,123,
2015-12-22_4726,2015-12-22,4726,永昕,tpex,49.70,50.40,48.50,49.10,368000,18271800,,,111623000,291,
2015-12-22_4728,2015-12-22,4728,雙美,tpex,33.10,33.25,32.80,33.00,286000,9429550,,,54463000,124,
2015-12-22_4729,2015-12-22,4729,熒茂,tpex,12.80,13.00,12.70,12.80,63000,809600,,,101902000,24,
2015-12-22_4735,2015-12-22,4735,豪展,tpex,36.35,37.20,35.00,35.10,1005000,36144250,,,31888571,647,
2015-12-22_4736,2015-12-22,4736,泰博,tpex,108.50,109.00,106.50,106.50,234000,25169500,,,69969062,170,
2015-12-22_4739,2015-12-22,4739,康普,tpex,39.75,40.20,38.80,38.95,462000,18118250,,,70264574,310,
2015-12-22_4743,2015-12-22,4743,合一,tpex,39.50,39.80,39.00,39.05,539000,21191750,0.05,,194542229,404,
2015-12-22_4745,2015-12-22,4745,F-合富,tpex,59.50,59.50,58.10,58.40,81000,4749800,,,57507085,66,
2015-12-22_4747,2015-12-22,4747,強生,tpex,44.10,44.60,44.00,44.10,63000,2796800,0.60,,30018750,54,
2015-12-22_4803,2015-12-22,4803,F-VHQ,tpex,164.00,166.00,156.50,163.00,1153000,186934500,1.00,,32277001,910,
2015-12-22_4804,2015-12-22,4804,F-大略,tpex,147.50,147.50,142.00,142.00,211000,30509000,,,27498400,180,
2015-12-22_4903,2015-12-22,4903,聯光通,tpex,11.35,11.35,11.10,11.20,39000,438350,,,89816077,24,
2015-12-22_4905,2015-12-22,4905,台聯電,tpex,48.80,49.90,48.00,48.30,320000,15630600,,,51222516,203,
2015-12-22_4907,2015-12-22,4907,富宇,tpex,10.55,10.55,10.00,10.00,12000,123300,,,118145778,7,
2015-12-22_4908,2015-12-22,4908,前鼎,tpex,18.50,18.50,18.25,18.45,70000,1283850,0.15,,77798657,27,
2015-12-22_4909,2015-12-22,4909,新復興,tpex,23.15,23.35,22.75,22.75,74000,1696800,,,93356864,46,
2015-12-22_4911,2015-12-22,4911,德英,tpex,84.00,85.00,83.40,84.50,45000,3780300,0.10,,55660000,40,
2015-12-22_4924,2015-12-22,4924,F-欣厚,tpex,8.74,9.55,8.74,9.48,795000,7408090,0.79,,37164409,325,
2015-12-22_4933,2015-12-22,4933,友輝,tpex,23.95,24.10,23.65,23.65,45000,1076250,,,78105675,23,
2015-12-22_4939,2015-12-22,4939,亞電,tpex,8.00,8.00,7.87,7.88,24000,189740,,,98200868,10,
2015-12-22_4944,2015-12-22,4944,兆遠,tpex,12.80,13.10,12.45,12.75,1284000,16427650,0.00,,210131563,624,
2015-12-22_4946,2015-12-22,4946,辣椒,tpex,39.70,40.60,38.35,38.60,250000,9788150,,,27320796,181,
2015-12-22_4947,2015-12-22,4947,F-昂寶,tpex,217.00,219.50,210.00,217.00,456000,98060000,0.00,,44721325,404,
2015-12-22_4950,2015-12-22,4950,牧東,tpex,18.15,18.25,18.15,18.25,5000,91100,0.00,,55043000,3,
2015-12-22_4953,2015-12-22,4953,緯軟,tpex,21.45,21.70,21.30,21.30,52000,1115850,,,43878322,32,
2015-12-22_4965,2015-12-22,4965,商店街,tpex,120.00,121.00,119.00,121.00,20000,2396000,,,21602249,19,
2015-12-22_4966,2015-12-22,4966,F-譜瑞,tpex,238.00,238.00,230.50,230.50,650000,151786500,,,76055610,534,
2015-12-22_4971,2015-12-22,4971,F-IET,tpex,125.50,128.00,121.50,121.50,2655000,333184500,,,34272174,1782,
2015-12-22_4972,2015-12-22,4972,湯石,tpex,35.50,35.70,35.30,35.70,34000,1209450,0.20,,38137767,25,
2015-12-22_4973,2015-12-22,4973,廣穎,tpex,16.60,16.80,16.50,16.80,44000,734150,0.00,,65146930,33,
2015-12-22_4974,2015-12-22,4974,亞泰,tpex,37.25,37.35,37.00,37.10,74000,2751500,0.00,,61957664,57,
2015-12-22_4979,2015-12-22,4979,華星光,tpex,80.20,80.90,78.30,78.40,2961000,235368000,,,74371851,2047,
2015-12-22_4987,2015-12-22,4987,科誠,tpex,70.50,70.50,70.50,70.50,11000,775500,0.00,down,25200000,9,
2015-12-22_4991,2015-12-22,4991,F-環宇,tpex,76.60,77.30,74.60,74.60,1501000,114323800,,,57574137,1081,
2015-12-22_4995,2015-12-22,4995,晶達,tpex,39.80,40.00,38.75,38.95,36000,1419650,,,34131100,30,
2015-12-22_5009,2015-12-22,5009,榮剛,tpex,17.25,17.25,17.00,17.20,1108000,18935450,0.10,,450615607,393,
2015-12-22_5011,2015-12-22,5011,久陽,tpex,24.85,24.85,23.95,23.95,2000,48800,,,33635869,2,
2015-12-22_5013,2015-12-22,5013,強新,tpex,16.40,16.60,16.40,16.60,19000,313450,0.10,,111180000,9,
2015-12-22_5014,2015-12-22,5014,建錩,tpex,7.09,7.10,7.03,7.03,6000,42430,0.03,,165333054,5,
2015-12-22_5015,2015-12-22,5015,華祺,tpex,16.40,16.80,16.40,16.80,5000,82650,0.15,,60639189,3,
2015-12-22_5016,2015-12-22,5016,松和,tpex,23.35,23.35,23.35,23.35,1000,23350,,flat,49622076,1,
2015-12-22_5102,2015-12-22,5102,富強,tpex,14.30,14.35,14.30,14.35,15000,215000,0.05,,64085067,6,
2015-12-22_5201,2015-12-22,5201,凱衛,tpex,12.80,12.80,12.80,12.80,2000,25600,,flat,30674600,1,
2015-12-22_5202,2015-12-22,5202,力新,tpex,14.60,14.70,14.55,14.70,8000,116950,,,59094000,8,
2015-12-22_5205,2015-12-22,5205,漢康,tpex,9.45,9.45,9.45,9.45,1000,9450,0.00,down,17005200,1,
2015-12-22_5206,2015-12-22,5206,坤悅,tpex,10.70,10.80,10.65,10.80,10000,106900,0.00,,150000000,7,
2015-12-22_5209,2015-12-22,5209,新鼎,tpex,41.50,41.95,41.50,41.95,3000,124950,0.45,,23469500,3,
2015-12-22_5210,2015-12-22,5210,寶碩,tpex,6.87,6.92,6.77,6.77,309000,2106140,,,69026779,118,
2015-12-22_5211,2015-12-22,5211,蒙恬,tpex,22.00,22.55,22.00,22.55,23000,516000,0.55,,32024727,18,
2015-12-22_5212,2015-12-22,5212,凌網,tpex,19.15,19.50,19.00,19.45,29000,555150,,,34633000,13,
2015-12-22_5213,2015-12-22,5213,亞昕,tpex,14.85,14.90,14.70,14.75,58000,858400,,,381978374,19,
2015-12-22_5227,2015-12-22,5227,F-立凱,tpex,30.20,30.75,29.85,30.20,428000,12928200,,,164573654,197,
2015-12-22_5230,2015-12-22,5230,雷笛克,tpex,51.90,51.90,50.70,51.40,115000,5871200,0.20,,47125465,87,
2015-12-22_5245,2015-12-22,5245,智晶,tpex,106.50,107.00,98.50,99.50,908000,93364600,,,40460000,733,
2015-12-22_5251,2015-12-22,5251,天鉞電,tpex,30.85,31.25,30.75,30.75,22000,679100,,,30759977,16,
2015-12-22_5255,2015-12-22,5255,美桀,tpex,14.70,14.70,14.60,14.60,8000,117250,,,38075800,7,
2015-12-22_5263,2015-12-22,5263,智崴,tpex,355.50,368.00,355.50,358.00,666000,240828000,4.50,,44677977,607,
2015-12-22_5266,2015-12-22,5266,F*AS,tpex,87.90,88.30,87.90,88.00,1026000,90241800,6.60,,31823000,276,
2015-12-22_5272,2015-12-22,5272,笙科,tpex,40.50,40.50,39.30,39.30,263000,10415950,,,52045118,192,
2015-12-22_5274,2015-12-22,5274,信驊,tpex,333.50,334.50,325.00,326.50,73000,24033000,,,31672049,71,
2015-12-22_5276,2015-12-22,5276,F-達輝,tpex,22.30,22.60,22.30,22.50,8000,179600,0.20,,39500000,7,
2015-12-22_5278,2015-12-22,5278,尚凡,tpex,26.30,27.00,26.05,26.05,55000,1445300,0.15,,13218000,38,
2015-12-22_5284,2015-12-22,5284,F-jpp,tpex,73.20,73.30,71.00,71.00,419000,30050300,,,36050000,332,
2015-12-22_5287,2015-12-22,5287,數字,tpex,275.00,275.00,268.00,268.00,26000,7026000,,,40950000,26,
2015-12-22_5289,2015-12-22,5289,宜鼎,tpex,91.60,91.60,90.70,90.70,167000,15208500,,,62147600,139,
2015-12-22_5291,2015-12-22,5291,邑昇,tpex,17.15,17.15,17.15,17.15,2000,34300,0.70,up,33443308,2,
2015-12-22_5301,2015-12-22,5301,寶得利,tpex,38.80,38.80,38.80,38.80,1000,38800,0.00,down,107250000,1,
2015-12-22_5302,2015-12-22,5302,太欣,tpex,5.70,5.70,5.55,5.65,37000,206490,0.07,,162377000,16,
2015-12-22_5304,2015-12-22,5304,鼎創達,tpex,3.03,3.03,2.93,2.93,7000,20810,,,185962436,4,
2015-12-22_5306,2015-12-22,5306,桂盟,tpex,131.50,131.50,129.50,130.50,160000,20822000,,,120000000,117,
2015-12-22_5309,2015-12-22,5309,系統電,tpex,18.20,18.20,17.85,17.85,1860000,33378650,,,192378864,751,
2015-12-22_5310,2015-12-22,5310,天剛,tpex,27.40,27.40,26.45,26.70,26000,697100,,,49601237,24,
2015-12-22_5312,2015-12-22,5312,寶島科,tpex,81.20,81.20,80.00,80.20,30000,2412200,,,60059898,23,
2015-12-22_5314,2015-12-22,5314,世紀,tpex,5.81,5.91,5.80,5.90,35000,205540,,,60000000,12,
2015-12-22_5315,2015-12-22,5315,光聯,tpex,22.00,22.25,21.90,21.90,315000,6943250,0.15,,106351832,169,
2015-12-22_5317,2015-12-22,5317,凱美,tpex,17.20,17.20,15.50,16.00,675000,11107800,,,136389469,205,
2015-12-22_5321,2015-12-22,5321,友銓,tpex,24.55,26.50,24.55,25.00,15000,381350,0.45,,28800000,12,
2015-12-22_5324,2015-12-22,5324,士開,tpex,10.05,10.05,9.95,10.00,33000,330250,0.10,,106379090,10,
2015-12-22_5328,2015-12-22,5328,華容,tpex,5.35,5.44,5.30,5.32,335000,1795210,0.02,,178310724,98,
2015-12-22_5340,2015-12-22,5340,建榮,tpex,3.64,3.64,3.45,3.60,16000,55920,0.02,,165893964,10,
2015-12-22_5344,2015-12-22,5344,立衛,tpex,6.00,6.00,5.71,5.84,21000,122060,,,79447460,18,
2015-12-22_5345,2015-12-22,5345,天揚,tpex,10.00,10.00,9.95,9.95,10000,99750,,,50000000,4,
2015-12-22_5347,2015-12-22,5347,世界,tpex,43.25,43.55,42.70,42.70,1576000,67663500,,,1638982267,1081,
2015-12-22_5348,2015-12-22,5348,系通,tpex,7.37,8.18,7.37,8.18,3000,23730,0.00,,25950310,3,
2015-12-22_5349,2015-12-22,5349,先豐,tpex,32.60,33.40,32.50,32.85,3148000,103853750,0.65,,224096373,1799,
2015-12-22_5351,2015-12-22,5351,鈺創,tpex,13.30,13.80,13.25,13.65,11226000,151982250,0.40,,437078837,2899,
2015-12-22_5353,2015-12-22,5353,台林,tpex,9.16,9.25,9.08,9.14,13000,118850,,,91191085,9,
2015-12-22_5355,2015-12-22,5355,佳總,tpex,6.65,7.09,6.65,7.01,463000,3180450,0.43,,173722792,186,
2015-12-22_5356,2015-12-22,5356,協益,tpex,37.65,37.90,37.65,37.80,111000,4194400,0.20,,129441000,71,
2015-12-22_5364,2015-12-22,5364,力麗店,tpex,53.90,53.90,53.90,53.90,1000,53900,0.90,up,5099940,1,
2015-12-22_5371,2015-12-22,5371,中光電,tpex,29.00,29.45,28.00,28.00,3243000,92518650,,,543028888,1400,
2015-12-22_5381,2015-12-22,5381,合正,tpex,1.60,1.60,1.60,1.60,6000,9600,0.03,up,187054388,2,
2015-12-22_5383,2015-12-22,5383,金利,tpex,10.15,10.15,10.00,10.10,31000,311350,0.10,,71414234,6,
2015-12-22_5384,2015-12-22,5384,捷元,tpex,13.10,13.10,12.55,12.65,19000,241250,,,79569450,13,
2015-12-22_5386,2015-12-22,5386,青雲,tpex,26.40,26.40,26.40,26.40,1000,26400,1.05,up,12287316,1,
2015-12-22_5392,2015-12-22,5392,應華,tpex,51.70,52.00,51.20,51.60,162000,8370700,,,99583485,106,
2015-12-22_5395,2015-12-22,5395,圓方,tpex,30.55,31.75,30.00,31.75,3000,92300,,,73578895,3,
2015-12-22_5398,2015-12-22,5398,力瑋,tpex,20.50,20.70,20.30,20.50,203000,4148050,,,41750541,85,
2015-12-22_5403,2015-12-22,5403,中菲,tpex,22.30,22.30,22.30,22.30,5000,111500,0.10,up,62630041,4,
2015-12-22_5410,2015-12-22,5410,國眾,tpex,11.20,11.60,11.15,11.50,2498000,28592200,0.30,,89740123,382,
2015-12-22_5425,2015-12-22,5425,台半,tpex,33.85,33.85,33.00,33.00,1263000,42207700,,,239636827,591,
2015-12-22_5426,2015-12-22,5426,振發,tpex,10.80,10.90,10.80,10.85,103000,1115550,0.10,,143800000,41,
2015-12-22_5438,2015-12-22,5438,東友,tpex,13.30,13.30,13.10,13.10,77000,1013800,,,112536565,37,
2015-12-22_5439,2015-12-22,5439,高技,tpex,19.30,19.30,19.00,19.05,58000,1110050,,,77975752,39,
2015-12-22_5443,2015-12-22,5443,均豪,tpex,17.50,18.35,17.15,17.15,11626000,206485300,0.15,,165136144,4468,
2015-12-22_5450,2015-12-22,5450,寶聯通,tpex,10.80,10.80,10.70,10.70,34000,366500,,,50392250,13,
2015-12-22_5452,2015-12-22,5452,佶優,tpex,9.18,9.44,9.18,9.44,144000,1344440,0.26,,153297669,68,
2015-12-22_5455,2015-12-22,5455,訊利電,tpex,5.90,6.40,5.90,5.91,11000,68350,,,35501813,8,
2015-12-22_5457,2015-12-22,5457,宣德,tpex,28.20,28.25,27.65,27.70,433000,12103050,,,167800000,198,
2015-12-22_5460,2015-12-22,5460,同協,tpex,11.35,11.40,11.20,11.25,107000,1204650,,,72032030,45,
2015-12-22_5464,2015-12-22,5464,霖宏,tpex,17.15,17.15,16.90,16.90,29000,492750,,,71071490,12,
2015-12-22_5465,2015-12-22,5465,富驊,tpex,10.00,10.00,10.00,10.00,10000,100000,0.00,down,144091811,3,
2015-12-22_5468,2015-12-22,5468,凱鈺,tpex,7.18,7.18,7.18,7.18,1000,7180,0.28,up,52987909,1,
2015-12-22_5474,2015-12-22,5474,聰泰,tpex,68.30,68.90,66.90,67.00,240000,16258900,,,33729787,189,
2015-12-22_5475,2015-12-22,5475,德宏,tpex,3.54,3.55,3.50,3.54,170000,596450,0.00,,220654743,45,
2015-12-22_5478,2015-12-22,5478,智冠,tpex,65.30,67.90,63.50,63.50,5138000,338565500,,,127474332,3474,
2015-12-22_5480,2015-12-22,5480,統盟,tpex,11.05,11.05,10.75,10.85,160000,1736900,,,199097830,65,
2015-12-22_5481,2015-12-22,5481,華韡,tpex,16.45,16.50,16.30,16.45,365000,5991950,0.00,,97281891,96,
2015-12-22_5483,2015-12-22,5483,中美晶,tpex,48.20,48.20,46.00,46.20,6029000,282160150,,,580031151,3667,
2015-12-22_5487,2015-12-22,5487,通泰,tpex,20.75,20.85,20.65,20.65,13000,269850,,,22134516,10,
2015-12-22_5488,2015-12-22,5488,松普,tpex,5.31,5.37,5.31,5.31,28000,149270,0.02,,91586124,18,
2015-12-22_5489,2015-12-22,5489,彩富,tpex,53.10,53.50,52.30,52.50,64000,3385200,0.00,,104175441,53,
2015-12-22_5490,2015-12-22,5490,同亨,tpex,82.40,83.40,80.20,80.20,4590000,374007300,,,94396601,3128,
2015-12-22_5491,2015-12-22,5491,連展,tpex,8.00,8.01,7.68,7.73,1735000,13617560,,,207290721,532,
2015-12-22_5493,2015-12-22,5493,三聯,tpex,32.70,33.05,32.30,32.35,75000,2441550,,,44264695,59,
2015-12-22_5498,2015-12-22,5498,凱崴,tpex,10.60,10.60,10.10,10.10,531000,5459700,,,161895880,130,
2015-12-22_5508,2015-12-22,5508,永信建,tpex,28.50,28.85,28.40,28.45,78000,2223700,0.00,,217428133,63,
2015-12-22_5511,2015-12-22,5511,德昌,tpex,24.00,24.25,24.00,24.25,119000,2871250,0.15,,151660761,45,
2015-12-22_5512,2015-12-22,5512,力麒,tpex,9.10,9.10,9.00,9.07,209000,1892560,0.09,,753992712,154,
2015-12-22_5514,2015-12-22,5514,三豐,tpex,9.13,9.37,9.10,9.28,58000,531800,0.23,,176643300,31,
2015-12-22_5516,2015-12-22,5516,雙喜,tpex,9.50,9.50,9.21,9.49,19000,179910,,,38295000,8,
2015-12-22_5520,2015-12-22,5520,力泰,tpex,25.80,26.00,25.45,25.45,10000,258650,,,70959112,6,
2015-12-22_5523,2015-12-22,5523,豐謙,tpex,7.50,8.05,7.50,7.99,48000,380300,0.14,,112851835,23,
2015-12-22_5529,2015-12-22,5529,志嘉,tpex,8.13,8.13,8.03,8.03,9000,72460,,,104270202,8,
2015-12-22_5530,2015-12-22,5530,龍巖,tpex,55.00,55.10,54.90,55.00,390000,21448800,0.00,,399084199,185,
2015-12-22_5536,2015-12-22,5536,聖暉,tpex,90.00,90.00,88.50,88.50,100000,8906400,,,46615819,82,
2015-12-22_5601,2015-12-22,5601,台聯櫃,tpex,25.90,25.90,25.90,25.90,10000,259000,0.00,down,64800000,2,
2015-12-22_5603,2015-12-22,5603,陸海,tpex,14.55,14.60,14.35,14.60,24000,348600,0.00,,78324575,16,
2015-12-22_5609,2015-12-22,5609,中菲行,tpex,16.30,16.40,15.95,16.20,220000,3567550,0.05,,129000000,109,
2015-12-22_5701,2015-12-22,5701,劍湖山,tpex,3.40,3.42,3.32,3.32,252000,849510,,,253756957,58,
2015-12-22_5704,2015-12-22,5704,老爺知,tpex,25.25,26.05,25.20,25.60,22000,563550,0.05,,38861658,12,
2015-12-22_5820,2015-12-22,5820,日盛金,tpex,7.20,7.21,7.11,7.17,784000,5595690,,,3396302860,207,
2015-12-22_5878,2015-12-22,5878,台名,tpex,41.50,41.50,41.20,41.25,6000,247950,,,23688000,5,
2015-12-22_5903,2015-12-22,5903,全家,tpex,201.50,201.50,200.00,201.50,28000,5616000,1.00,,223220000,28,
2015-12-22_5904,2015-12-22,5904,寶雅,tpex,318.00,318.00,315.00,315.00,39000,12331000,2.00,,95277388,39,
2015-12-22_5905,2015-12-22,5905,南仁湖,tpex,8.11,8.18,8.06,8.09,315000,2553400,,,203916957,114,
2015-12-22_6015,2015-12-22,6015,宏遠證,tpex,6.23,6.28,6.20,6.20,132000,821860,,,426838775,51,
2015-12-22_6016,2015-12-22,6016,康和證,tpex,6.78,6.86,6.76,6.85,1665000,11345180,0.08,,688336792,205,
2015-12-22_6020,2015-12-22,6020,大展證,tpex,13.20,13.25,13.20,13.25,12000,158500,0.05,,252353154,6,
2015-12-22_6021,2015-12-22,6021,大慶證,tpex,10.65,10.65,10.30,10.30,108000,1122850,,,306755974,42,
2015-12-22_6022,2015-12-22,6022,大眾證,tpex,9.46,9.69,9.46,9.57,219000,2086780,,,377761822,74,
2015-12-22_6023,2015-12-22,6023,元大期,tpex,36.40,36.40,36.10,36.20,65000,2355950,,,232276288,48,
2015-12-22_6024,2015-12-22,6024,群益期,tpex,29.95,30.20,29.80,29.95,242000,7258600,0.00,,122397804,99,
2015-12-22_6101,2015-12-22,6101,弘捷,tpex,15.35,16.10,15.10,15.80,65000,1010250,0.80,,59826850,43,
2015-12-22_6103,2015-12-22,6103,合邦,tpex,5.80,5.80,5.80,5.80,3000,17400,,flat,57084974,3,
2015-12-22_6104,2015-12-22,6104,創惟,tpex,46.50,46.90,44.60,44.90,3161000,144450950,,,89669184,1923,
2015-12-22_6105,2015-12-22,6105,瑞傳,tpex,41.30,42.40,41.30,41.70,137000,5758400,,,106083717,65,
2015-12-22_6107,2015-12-22,6107,華美,tpex,74.00,74.80,73.00,74.10,787000,58300500,0.10,,73724875,278,
2015-12-22_6109,2015-12-22,6109,亞元,tpex,13.40,13.40,13.20,13.35,75000,999750,0.00,,72686518,23,
2015-12-22_6111,2015-12-22,6111,大宇資,tpex,133.50,134.00,122.00,123.50,1348000,173402500,,,46207830,1105,
2015-12-22_6113,2015-12-22,6113,亞矽,tpex,8.15,8.22,8.06,8.09,33000,268330,,,50047100,21,
2015-12-22_6114,2015-12-22,6114,久威,tpex,54.20,54.30,54.00,54.00,11000,595900,0.00,,36160793,7,
2015-12-22_6118,2015-12-22,6118,建達,tpex,7.60,7.70,7.60,7.69,98000,750290,0.09,,90889573,32,
2015-12-22_6121,2015-12-22,6121,新普,tpex,109.00,109.50,108.00,108.50,580000,62926500,0.00,,308284198,432,
2015-12-22_6122,2015-12-22,6122,擎邦,tpex,6.70,6.77,6.50,6.62,34000,223530,,,68729089,21,
2015-12-22_6123,2015-12-22,6123,上奇,tpex,29.05,29.45,28.85,28.90,749000,21779550,,,55143312,360,
2015-12-22_6124,2015-12-22,6124,業強,tpex,25.15,28.00,25.15,26.10,194000,5249350,0.30,,182479945,48,
2015-12-22_6125,2015-12-22,6125,廣運,tpex,12.55,12.70,12.25,12.40,353000,4391850,,,254011150,211,
2015-12-22_6126,2015-12-22,6126,信音,tpex,7.98,8.15,7.90,8.15,147000,1178170,0.18,,113693175,60,
2015-12-22_6127,2015-12-22,6127,九豪,tpex,9.31,9.31,9.16,9.28,71000,654870,,,85041546,29,
2015-12-22_6129,2015-12-22,6129,普誠,tpex,7.14,7.35,7.02,7.20,1169000,8452220,0.02,,180943675,215,
2015-12-22_6130,2015-12-22,6130,基因,tpex,28.30,28.30,27.65,28.00,24000,670150,,,26700000,18,
2015-12-22_6134,2015-12-22,6134,萬旭,tpex,6.99,6.99,6.55,6.55,94000,621720,,,89800000,16,
2015-12-22_6138,2015-12-22,6138,茂達,tpex,22.45,23.80,21.85,23.00,3169000,73050300,1.30,,100394572,1612,
2015-12-22_6140,2015-12-22,6140,訊達,tpex,10.50,10.70,10.45,10.65,14000,147200,,,38367906,13,
2015-12-22_6143,2015-12-22,6143,振曜,tpex,55.10,56.40,55.00,55.50,642000,35852900,0.90,,83280897,468,
2015-12-22_6146,2015-12-22,6146,耕興,tpex,210.00,225.00,208.00,218.50,702000,152634000,12.50,,89005780,623,
2015-12-22_6147,2015-12-22,6147,頎邦,tpex,47.70,48.00,47.20,47.40,5009000,237844000,,,649186998,3007,
2015-12-22_6148,2015-12-22,6148,驊宏資,tpex,8.20,8.31,8.18,8.19,129000,1061070,,,90002000,53,
2015-12-22_6150,2015-12-22,6150,撼訊,tpex,6.65,6.65,6.64,6.64,15000,99740,,,50440091,9,
2015-12-22_6151,2015-12-22,6151,晉倫,tpex,23.05,23.30,22.80,22.90,333000,7669050,,,55257300,140,
2015-12-22_6154,2015-12-22,6154,順發,tpex,16.40,16.90,16.40,16.40,29000,476200,0.00,,80080000,12,
2015-12-22_6156,2015-12-22,6156,松上,tpex,13.10,13.45,12.50,12.95,70000,908200,,,77381355,49,
2015-12-22_6158,2015-12-22,6158,禾昌,tpex,16.35,17.60,16.35,17.60,5694000,99599450,1.60,,113468975,1562,
2015-12-22_6160,2015-12-22,6160,欣技,tpex,17.25,17.35,16.80,17.00,1278000,22013950,1.20,,68489120,537,
2015-12-22_6161,2015-12-22,6161,捷波,tpex,7.07,7.09,7.06,7.07,49000,346350,0.01,,120833290,20,
2015-12-22_6163,2015-12-22,6163,華電網,tpex,11.10,11.10,10.75,10.80,156000,1706000,,,103481692,74,
2015-12-22_6167,2015-12-22,6167,久正,tpex,4.39,4.60,4.39,4.59,708000,3220650,0.20,,162173221,182,
2015-12-22_6169,2015-12-22,6169,昱泉,tpex,32.50,33.10,31.00,31.05,878000,27981300,,,28379000,482,
2015-12-22_6170,2015-12-22,6170,統振,tpex,10.05,10.15,10.05,10.05,105000,1058800,0.00,,93670038,29,
2015-12-22_6171,2015-12-22,6171,亞銳士,tpex,13.60,13.85,13.60,13.85,22000,300500,,,75351921,15,
2015-12-22_6173,2015-12-22,6173,信昌電,tpex,10.10,10.60,10.10,10.30,790000,8154300,0.20,,185116308,274,
2015-12-22_6174,2015-12-22,6174,安碁,tpex,13.85,14.00,13.70,13.90,19000,264400,0.00,,50000000,9,
2015-12-22_6175,2015-12-22,6175,立敦,tpex,13.45,13.70,13.20,13.25,186000,2501450,,,137870516,60,
2015-12-22_6179,2015-12-22,6179,亞通,tpex,35.80,35.80,35.20,35.30,13000,460500,,,50156326,13,
2015-12-22_6180,2015-12-22,6180,橘子,tpex,43.90,44.35,42.90,43.10,1843000,80421350,,,157593615,1143,
2015-12-22_6182,2015-12-22,6182,合晶,tpex,13.65,13.80,13.35,13.35,6450000,87107150,,,383173325,2030,
2015-12-22_6185,2015-12-22,6185,幃翔,tpex,24.25,24.85,24.25,24.40,300000,7365900,0.20,,114286913,179,
2015-12-22_6186,2015-12-22,6186,新潤,tpex,21.75,21.90,21.75,21.90,50000,1089800,,,68355437,29,
2015-12-22_6187,2015-12-22,6187,萬潤,tpex,42.05,42.90,42.05,42.70,292000,12438850,0.75,,86367902,193,
2015-12-22_6188,2015-12-22,6188,廣明,tpex,20.95,21.20,20.65,20.70,617000,12853050,,,278358910,274,
2015-12-22_6190,2015-12-22,6190,萬泰科,tpex,5.90,5.90,5.78,5.84,47000,274510,,,123260823,22,
2015-12-22_6194,2015-12-22,6194,育富,tpex,19.40,19.45,19.35,19.45,20000,387300,0.00,,80000000,7,
2015-12-22_6195,2015-12-22,6195,詩肯,tpex,48.00,48.00,47.70,47.70,5000,239200,,,42982940,5,
2015-12-22_6203,2015-12-22,6203,海韻電,tpex,30.80,31.00,30.80,30.80,14000,432100,0.00,,79953277,10,
2015-12-22_6204,2015-12-22,6204,艾華,tpex,21.70,22.15,21.60,21.60,12000,260700,,,36097000,12,
2015-12-22_6207,2015-12-22,6207,雷科,tpex,26.50,27.05,26.50,26.65,487000,13028850,0.15,,83954589,276,
2015-12-22_6208,2015-12-22,6208,日揚,tpex,11.10,11.15,10.95,10.95,209000,2305050,,,115108797,70,
2015-12-22_6210,2015-12-22,6210,慶生,tpex,45.10,45.30,45.05,45.05,56000,2527050,,,35048000,44,
2015-12-22_6211,2015-12-22,6211,福登,tpex,21.15,21.25,21.15,21.20,96000,2035600,0.05,,41637763,49,
2015-12-22_6212,2015-12-22,6212,理銘,tpex,24.50,25.00,24.50,25.00,7000,173500,,,102000000,3,
2015-12-22_6217,2015-12-22,6217,中探針,tpex,46.70,46.90,45.60,45.60,643000,29760350,,,58911246,422,
2015-12-22_6218,2015-12-22,6218,豪勉,tpex,16.35,16.50,16.35,16.50,10000,164450,0.00,,64262000,6,
2015-12-22_6219,2015-12-22,6219,富旺,tpex,11.90,11.95,11.75,11.90,50000,595200,0.00,,175871276,14,
2015-12-22_6220,2015-12-22,6220,岳豐,tpex,16.00,16.00,15.55,15.55,678000,10649900,,,132139731,188,
2015-12-22_6221,2015-12-22,6221,晉泰,tpex,22.75,22.95,22.75,22.80,122000,2787050,0.00,,37338699,19,
2015-12-22_6222,2015-12-22,6222,上揚,tpex,7.40,7.40,7.40,7.40,2000,14800,0.24,up,57545883,2,
2015-12-22_6223,2015-12-22,6223,旺矽,tpex,64.50,64.70,62.10,62.20,411000,25968600,,,79605392,328,
2015-12-22_6227,2015-12-22,6227,茂綸,tpex,17.15,17.20,16.90,17.10,59000,1006500,,,76111786,33,
2015-12-22_6228,2015-12-22,6228,全譜,tpex,10.65,10.85,10.40,10.40,99000,1040750,,,41114627,52,
2015-12-22_6229,2015-12-22,6229,研通,tpex,11.10,11.10,11.00,11.00,5000,55300,,,36087700,4,
2015-12-22_6231,2015-12-22,6231,系微,tpex,25.20,25.50,25.20,25.20,51000,1288150,,,38043488,28,
2015-12-22_6233,2015-12-22,6233,旺玖,tpex,14.00,14.55,13.65,14.10,1139000,16130000,0.55,,84574896,547,
2015-12-22_6234,2015-12-22,6234,高僑,tpex,19.30,19.30,19.05,19.15,50000,958600,,,71434141,25,
2015-12-22_6236,2015-12-22,6236,康呈,tpex,32.25,32.25,31.00,32.25,16000,508000,0.05,,31654039,13,
2015-12-22_6237,2015-12-22,6237,驊訊,tpex,36.40,37.20,35.35,36.15,2313000,83891250,0.15,,77650371,1237,
2015-12-22_6238,2015-12-22,6238,勝麗,tpex,173.00,177.00,171.00,175.00,1356000,235691000,,,42530961,1077,
2015-12-22_6241,2015-12-22,6241,易通展,tpex,13.70,13.70,13.50,13.50,5000,67900,,,23717288,4,
2015-12-22_6244,2015-12-22,6244,茂迪,tpex,49.15,49.40,47.05,47.60,8629000,414640200,,,486875408,4442,
2015-12-22_6245,2015-12-22,6245,立端,tpex,41.70,42.75,41.70,42.70,884000,37310000,1.00,,97500814,584,
2015-12-22_6246,2015-12-22,6246,臺龍,tpex,3.00,3.49,2.98,2.98,103000,310670,,,135937563,29,
2015-12-22_6247,2015-12-22,6247,淇譽電,tpex,14.45,14.65,14.40,14.65,168000,2444250,0.15,,60321000,62,
2015-12-22_6259,2015-12-22,6259,百徽,tpex,9.60,9.60,9.13,9.13,415000,3872750,,,72936430,172,
2015-12-22_6261,2015-12-22,6261,久元,tpex,47.45,47.50,46.25,46.25,447000,20816550,,,128497989,297,
2015-12-22_6263,2015-12-22,6263,普萊德,tpex,44.00,44.10,43.50,43.50,130000,5686050,,,62500964,80,
2015-12-22_6264,2015-12-22,6264,富裔,tpex,6.10,6.18,5.81,5.81,13000,76910,,,137568544,9,
2015-12-22_6265,2015-12-22,6265,方土昶,tpex,6.62,6.69,6.62,6.62,75000,497840,0.00,,118172151,16,
2015-12-22_6266,2015-12-22,6266,泰詠,tpex,13.20,13.55,13.10,13.25,1286000,17179600,0.05,,84996280,433,
2015-12-22_6270,2015-12-22,6270,倍微,tpex,10.30,10.30,10.15,10.30,22000,224650,0.15,,73690759,16,
2015-12-22_6274,2015-12-22,6274,台燿,tpex,28.55,28.90,27.95,28.30,3034000,86313950,,,241610558,1407,
2015-12-22_6275,2015-12-22,6275,元山,tpex,11.75,11.85,11.75,11.80,39000,459650,0.10,,53097131,17,
2015-12-22_6276,2015-12-22,6276,安鈦克,tpex,7.01,7.18,7.01,7.18,3000,21370,,,43789000,2,
2015-12-22_6279,2015-12-22,6279,胡連,tpex,135.00,135.00,131.50,133.00,436000,58004000,,,97153205,375,
2015-12-22_6284,2015-12-22,6284,佳邦,tpex,22.75,22.80,22.40,22.40,120000,2698050,,,102558254,56,
2015-12-22_6287,2015-12-22,6287,元隆,tpex,2.87,3.07,2.87,2.89,31000,90090,,,182568845,10,
2015-12-22_6290,2015-12-22,6290,良維,tpex,31.20,31.50,30.15,30.20,1727000,52966900,,,130191466,922,
2015-12-22_6291,2015-12-22,6291,沛亨,tpex,2.56,2.56,2.22,2.22,16000,40220,,,26111515,6,
2015-12-22_6292,2015-12-22,6292,迅德,tpex,27.70,27.80,27.60,27.80,11000,304700,0.20,,46900712,9,
2015-12-22_6294,2015-12-22,6294,智基,tpex,82.20,82.80,81.30,82.50,40000,3284900,0.20,,16885000,36,
2015-12-22_6298,2015-12-22,6298,崴強,tpex,16.70,16.70,16.45,16.60,118000,1956750,0.00,,168951974,50,
2015-12-22_6404,2015-12-22,6404,F-通訊,tpex,48.70,49.70,47.00,47.05,506000,24236000,,,37904000,339,
2015-12-22_6411,2015-12-22,6411,晶焱,tpex,35.30,35.80,34.25,34.25,1300000,45761600,,,66045000,821,
2015-12-22_6417,2015-12-22,6417,韋僑,tpex,46.30,46.85,45.15,45.30,212000,9721250,,,35614000,159,
2015-12-22_6419,2015-12-22,6419,京晨科,tpex,20.35,20.65,20.20,20.50,7000,143550,0.20,,22045170,7,
2015-12-22_6426,2015-12-22,6426,統新,tpex,37.90,38.50,37.50,38.40,126000,4802650,0.40,,32290000,100,
2015-12-22_6432,2015-12-22,6432,今展科,tpex,33.30,33.70,33.15,33.20,174000,5805300,,,19548440,120,
2015-12-22_6457,2015-12-22,6457,紘康,tpex,40.60,41.00,40.00,40.15,162000,6547800,,,27398102,127,
2015-12-22_6465,2015-12-22,6465,威潤,tpex,80.10,80.10,78.60,79.50,31000,2452800,,,22035180,25,
2015-12-22_6470,2015-12-22,6470,宇智,tpex,52.70,52.90,51.60,51.60,127000,6608500,,,31324100,110,
2015-12-22_6485,2015-12-22,6485,點序,tpex,55.90,57.80,55.90,56.70,88000,5022200,0.80,,23746000,70,
2015-12-22_6488,2015-12-22,6488,環球晶,tpex,81.20,83.50,80.20,80.20,1381000,113108100,,,369250000,1063,
2015-12-22_6506,2015-12-22,6506,雙邦,tpex,19.70,19.70,19.10,19.10,459000,8863700,,,75349968,196,
2015-12-22_6508,2015-12-22,6508,惠光,tpex,26.50,26.95,26.50,26.50,41000,1091100,0.00,,79569567,27,
2015-12-22_6509,2015-12-22,6509,聚和,tpex,19.05,19.20,18.90,18.95,784000,14888900,0.00,,164538566,417,
2015-12-22_6514,2015-12-22,6514,F-芮特,tpex,75.80,78.80,74.20,75.10,545000,41629700,,,19417000,447,
2015-12-22_6603,2015-12-22,6603,富強鑫,tpex,10.30,10.35,10.20,10.30,52000,534300,0.00,,119510015,16,
2015-12-22_6609,2015-12-22,6609,瀧澤科,tpex,26.30,26.40,26.15,26.40,78000,2046500,0.05,,71035535,51,
2015-12-22_6803,2015-12-22,6803,崑鼎,tpex,160.00,160.50,159.50,159.50,40000,6391500,0.00,,65809768,35,
2015-12-22_8024,2015-12-22,8024,佑華,tpex,10.70,10.70,10.60,10.60,3000,31900,,,46392100,3,
2015-12-22_8027,2015-12-22,8027,鈦昇,tpex,20.20,20.35,20.10,20.20,50000,1009650,,,56360037,32,
2015-12-22_8032,2015-12-22,8032,光菱,tpex,27.60,27.60,27.60,27.60,1000,27600,0.40,up,51810300,1,
2015-12-22_8034,2015-12-22,8034,榮群,tpex,5.40,5.66,5.40,5.46,154000,865690,,,62873725,17,
2015-12-22_8038,2015-12-22,8038,長園科,tpex,48.20,48.20,45.05,45.30,432000,20048100,,,54709000,319,
2015-12-22_8040,2015-12-22,8040,九暘,tpex,7.67,7.68,7.44,7.57,41000,308180,0.05,,85125258,25,
2015-12-22_8042,2015-12-22,8042,金山電,tpex,36.45,36.45,36.25,36.25,75000,2726450,,,105484092,46,
2015-12-22_8043,2015-12-22,8043,蜜望實,tpex,14.90,15.00,14.85,14.95,37000,552750,0.05,,79907170,15,
2015-12-22_8044,2015-12-22,8044,網家,tpex,347.00,351.50,340.50,340.50,573000,197356000,,,99854871,534,
2015-12-22_8047,2015-12-22,8047,星雲,tpex,10.55,10.70,10.50,10.70,10000,105450,0.05,,41473843,6,
2015-12-22_8048,2015-12-22,8048,德勝,tpex,44.55,44.55,43.05,43.25,227000,9882200,,,51932532,177,
2015-12-22_8049,2015-12-22,8049,晶采,tpex,10.70,10.80,10.50,10.50,1445000,15353650,,,121534308,434,
2015-12-22_8050,2015-12-22,8050,廣積,tpex,51.30,51.60,50.70,50.70,367000,18741900,,,113848840,294,
2015-12-22_8053,2015-12-22,8053,巨擘,tpex,1.80,1.80,1.70,1.70,30000,52000,,,411817636,3,
2015-12-22_8054,2015-12-22,8054,安國,tpex,21.15,21.15,20.85,21.10,61000,1275700,0.10,,82061828,43,
2015-12-22_8059,2015-12-22,8059,凱碩,tpex,11.95,11.95,11.85,11.90,39000,464100,,,91118000,19,
2015-12-22_8064,2015-12-22,8064,東捷,tpex,12.00,12.30,11.95,12.20,408000,4943300,0.20,,133693836,127,
2015-12-22_8066,2015-12-22,8066,來思達,tpex,102.50,103.50,101.00,101.00,77000,7859500,,,25126920,67,
2015-12-22_8067,2015-12-22,8067,志旭,tpex,4.65,4.76,4.59,4.59,20000,92500,,,44755439,15,
2015-12-22_8068,2015-12-22,8068,全達,tpex,14.65,14.75,14.65,14.75,26000,383150,1.30,,30660000,13,
2015-12-22_8069,2015-12-22,8069,元太,tpex,15.25,15.30,15.05,15.10,2684000,40600250,0.05,,1140467715,985,
2015-12-22_8071,2015-12-22,8071,能率豐,tpex,12.10,12.10,11.80,11.95,24000,287850,,,51854283,16,
2015-12-22_8074,2015-12-22,8074,鉅橡,tpex,24.15,24.25,23.90,24.05,46000,1105150,,,65608875,32,
2015-12-22_8076,2015-12-22,8076,伍豐,tpex,83.50,85.90,82.80,84.30,2249000,190257900,1.20,,236340497,1528,
2015-12-22_8079,2015-12-22,8079,誠遠,tpex,14.05,14.30,13.95,14.00,579000,8136850,,,80200031,157,
2015-12-22_8080,2015-12-22,8080,奧斯特,tpex,11.70,12.10,11.70,11.95,185000,2199050,0.25,,63991604,118,
2015-12-22_8082,2015-12-22,8082,漢承泰,tpex,1.89,1.89,1.89,1.89,7000,13230,,flat,106608873,1,
2015-12-22_8083,2015-12-22,8083,瑞穎,tpex,132.00,133.00,132.00,132.50,33000,4370000,0.50,,35133193,27,
2015-12-22_8084,2015-12-22,8084,巨虹,tpex,23.40,23.40,23.40,23.40,2000,46800,,flat,53936544,2,
2015-12-22_8085,2015-12-22,8085,福華,tpex,4.01,4.09,3.99,3.99,86000,344530,,,157257242,30,
2015-12-22_8086,2015-12-22,8086,宏捷科,tpex,94.90,96.50,93.20,93.20,13355000,1270292000,0.20,,140319123,7855,
2015-12-22_8087,2015-12-22,8087,華鎂鑫,tpex,7.74,7.74,7.47,7.47,2000,15210,0.17,,29868965,2,
2015-12-22_8088,2015-12-22,8088,品安,tpex,17.05,17.30,17.00,17.00,80000,1365850,,,57859468,41,
2015-12-22_8091,2015-12-22,8091,翔名,tpex,67.30,67.80,66.90,67.00,550000,36989500,0.00,,60680163,405,
2015-12-22_8092,2015-12-22,8092,建暐,tpex,7.36,7.37,7.25,7.30,97000,712600,,,38850616,15,
2015-12-22_8093,2015-12-22,8093,保銳,tpex,5.51,5.65,5.41,5.65,50000,273830,0.00,,64208493,18,
2015-12-22_8096,2015-12-22,8096,擎亞,tpex,19.40,20.20,19.30,19.70,5002000,99184300,0.50,,122262652,2192,
2015-12-22_8099,2015-12-22,8099,大世科,tpex,18.55,18.60,18.55,18.60,14000,259950,0.15,,67200000,10,
2015-12-22_8107,2015-12-22,8107,大億科,tpex,17.90,18.25,17.90,18.00,38000,683350,0.10,,114429024,13,
2015-12-22_8109,2015-12-22,8109,博大,tpex,60.00,60.50,59.30,59.50,124000,7386500,,,60044135,52,
2015-12-22_8111,2015-12-22,8111,立碁,tpex,4.03,4.09,4.02,4.03,80000,323700,0.00,,117102223,28,
2015-12-22_8121,2015-12-22,8121,越峰,tpex,17.00,17.75,16.80,17.20,4034000,70041750,0.35,,182422743,1583,
2015-12-22_8147,2015-12-22,8147,正淩,tpex,44.80,45.00,44.20,44.20,38000,1693350,,,24457652,37,
2015-12-22_8155,2015-12-22,8155,博智,tpex,17.40,17.40,17.00,17.00,60000,1032100,,,51485000,39,
2015-12-22_8171,2015-12-22,8171,天宇,tpex,11.70,12.35,11.50,11.80,457000,5471850,0.10,,52849230,177,
2015-12-22_8176,2015-12-22,8176,智捷,tpex,8.80,8.80,8.70,8.70,19000,166800,,,79100000,8,
2015-12-22_8182,2015-12-22,8182,加高,tpex,12.40,12.40,12.25,12.35,81000,997050,0.00,,107041215,16,
2015-12-22_8183,2015-12-22,8183,精星,tpex,5.15,5.18,5.10,5.15,69000,353400,,,116091068,27,
2015-12-22_8234,2015-12-22,8234,新漢,tpex,30.60,30.65,29.70,29.75,515000,15554900,,,140236472,329,
2015-12-22_8240,2015-12-22,8240,華宏,tpex,20.20,20.50,19.60,19.65,93000,1872550,,,100004414,46,
2015-12-22_8255,2015-12-22,8255,朋程,tpex,122.50,122.50,117.50,119.00,1573000,187544000,,,74865000,1030,
2015-12-22_8266,2015-12-22,8266,中日新,tpex,27.80,28.40,27.80,28.40,3000,84600,0.60,,100393250,2,
2015-12-22_8277,2015-12-22,8277,商丞,tpex,7.49,7.70,7.40,7.50,673000,5131640,0.01,,91628833,189,
2015-12-22_8287,2015-12-22,8287,英格爾,tpex,20.00,20.05,19.40,19.80,2605000,51386400,,,134635122,1140,
2015-12-22_8289,2015-12-22,8289,泰藝,tpex,11.05,11.15,11.00,11.15,17000,188200,0.05,,77534405,8,
2015-12-22_8291,2015-12-22,8291,尚茂,tpex,4.40,4.66,4.40,4.46,97000,432550,,,76024000,25,
2015-12-22_8299,2015-12-22,8299,群聯,tpex,252.00,253.00,247.00,247.00,1219000,303661000,,,197373993,968,
2015-12-22_8349,2015-12-22,8349,恒耀,tpex,84.00,84.40,83.40,84.30,39000,3271500,,,91525426,29,
2015-12-22_8354,2015-12-22,8354,冠好,tpex,15.05,15.10,14.90,15.10,85000,1269700,0.00,,63743720,16,
2015-12-22_8358,2015-12-22,8358,金居,tpex,8.60,8.63,8.52,8.62,21000,180230,,,210588000,9,
2015-12-22_8383,2015-12-22,8383,千附,tpex,52.20,52.50,51.90,51.90,578000,30149300,0.00,,118192482,480,
2015-12-22_8390,2015-12-22,8390,金益鼎,tpex,14.30,14.30,13.85,13.90,35000,490850,,,76126987,24,
2015-12-22_8401,2015-12-22,8401,白紗科,tpex,12.05,12.05,11.85,11.90,11000,131150,0.05,,60111680,7,
2015-12-22_8403,2015-12-22,8403,盛弘,tpex,47.00,47.90,46.40,46.40,1313000,62037100,,,67130486,841,
2015-12-22_8406,2015-12-22,8406,F-金可,tpex,450.00,456.00,437.00,437.00,477000,212198500,,,92697472,462,
2015-12-22_8409,2015-12-22,8409,商之器,tpex,31.70,32.20,31.70,31.70,97000,3093850,0.00,,28000000,66,
2015-12-22_8410,2015-12-22,8410,森田,tpex,18.50,18.50,17.90,17.90,66000,1193050,,,36589200,32,
2015-12-22_8416,2015-12-22,8416,實威,tpex,97.10,97.10,96.00,96.00,14000,1345400,0.00,,25646100,8,
2015-12-22_8418,2015-12-22,8418,F-必勝,tpex,15.45,15.65,14.55,15.45,31000,472000,0.00,,67995000,19,
2015-12-22_8420,2015-12-22,8420,明揚,tpex,21.60,21.65,21.05,21.10,64000,1356300,,,50990000,46,
2015-12-22_8421,2015-12-22,8421,旭源,tpex,11.90,12.10,11.80,11.90,36000,427900,0.00,,44502465,26,
2015-12-22_8424,2015-12-22,8424,惠普,tpex,39.60,39.60,39.00,39.00,9000,355800,,,36054368,3,
2015-12-22_8426,2015-12-22,8426,F-紅木,tpex,25.35,25.35,24.65,24.85,63000,1560750,,,48300000,16,
2015-12-22_8431,2015-12-22,8431,匯鑽科,tpex,86.90,87.60,85.20,85.30,612000,52730200,,,42462000,481,
2015-12-22_8432,2015-12-22,8432,東生華,tpex,72.50,73.40,71.10,71.20,134000,9640600,,,38398140,92,
2015-12-22_8433,2015-12-22,8433,弘帆,tpex,130.50,132.00,127.50,132.00,297000,38715000,1.50,,52577600,252,
2015-12-22_8435,2015-12-22,8435,鉅邁,tpex,46.25,46.25,46.20,46.20,7000,323500,,,31700450,4,
2015-12-22_8436,2015-12-22,8436,大江,tpex,126.00,128.50,124.50,125.00,2555000,322905000,0.50,,61350880,1855,
2015-12-22_8437,2015-12-22,8437,F-大地,tpex,145.00,147.00,138.00,138.00,1034000,148826500,,,32572640,821,
2015-12-22_8444,2015-12-22,8444,F-綠河,tpex,75.10,75.80,75.00,75.40,147000,11050300,0.40,,74030000,105,
2015-12-22_8446,2015-12-22,8446,華研,tpex,122.00,123.00,117.00,117.00,865000,102868000,,,42480000,688,
2015-12-22_8450,2015-12-22,8450,霹靂,tpex,80.00,80.20,79.10,80.00,63000,5019600,0.70,,43914883,49,
2015-12-22_8905,2015-12-22,8905,裕國,tpex,13.45,13.50,13.25,13.45,55000,738550,0.10,,119440000,16,
2015-12-22_8906,2015-12-22,8906,花王,tpex,7.00,7.00,7.00,7.00,7000,49000,,flat,51321600,3,
2015-12-22_8913,2015-12-22,8913,全銓,tpex,15.00,15.05,15.00,15.05,27000,405050,0.05,,54649204,7,
2015-12-22_8916,2015-12-22,8916,光隆,tpex,62.00,62.80,60.60,62.30,848000,52596000,0.50,,106386500,600,
2015-12-22_8921,2015-12-22,8921,沈氏,tpex,15.40,16.00,15.00,16.00,6000,91400,0.20,,46592159,6,
2015-12-22_8924,2015-12-22,8924,大田,tpex,18.10,18.25,18.10,18.20,76000,1380650,0.00,,121263282,37,
2015-12-22_8927,2015-12-22,8927,北基,tpex,9.90,10.00,9.90,10.00,208000,2078730,0.13,,161833166,24,
2015-12-22_8928,2015-12-22,8928,鉅明,tpex,39.80,40.30,39.75,39.80,47000,1874250,0.00,,50854015,36,
2015-12-22_8929,2015-12-22,8929,富堡,tpex,22.95,22.95,22.95,22.95,1000,22950,0.80,up,35059350,1,
2015-12-22_8930,2015-12-22,8930,青鋼,tpex,8.74,8.91,8.74,8.91,18000,159360,0.00,,70013226,8,
2015-12-22_8931,2015-12-22,8931,大汽電,tpex,21.40,21.50,21.10,21.50,30000,638100,0.00,,111955002,13,
2015-12-22_8932,2015-12-22,8932,宏大,tpex,9.50,9.50,9.50,9.50,8000,76000,,flat,48800000,3,
2015-12-22_8933,2015-12-22,8933,愛地雅,tpex,15.20,15.40,14.90,15.10,1016000,15507150,,,148682732,352,
2015-12-22_8935,2015-12-22,8935,邦泰,tpex,6.05,6.10,6.03,6.10,70000,424110,,,120306391,19,
2015-12-22_8936,2015-12-22,8936,國統,tpex,35.85,37.80,35.65,37.55,5625000,209585700,2.05,,215082483,2766,
2015-12-22_8937,2015-12-22,8937,合騏,tpex,12.50,12.50,12.10,12.10,30000,367950,0.00,,72478800,15,
2015-12-22_8938,2015-12-22,8938,明安,tpex,19.00,19.00,18.80,19.00,31000,586500,0.00,,134342722,20,
2015-12-22_8941,2015-12-22,8941,關中,tpex,86.00,88.50,86.00,88.50,5000,436400,1.00,,21409834,5,
2015-12-22_8942,2015-12-22,8942,森鉅,tpex,87.70,88.40,86.50,86.60,425000,36942000,,,155350134,273,
2015-12-22_9949,2015-12-22,9949,琉園,tpex,13.05,13.05,12.70,12.70,42000,540150,,,47033360,30,
2015-12-22_9950,2015-12-22,9950,萬國通,tpex,19.40,19.55,19.40,19.45,5000,97400,0.05,,65059000,5,
2015-12-22_9951,2015-12-22,9951,皇田,tpex,168.00,169.50,163.50,165.00,292000,48321000,,,74900000,234,
2015-12-22_9960,2015-12-22,9960,邁達康,tpex,18.90,18.95,18.70,18.70,14000,263800,,,33592500,11,
2015-12-22_9962,2015-12-22,9962,有益,tpex,6.77,7.07,6.74,6.95,83000,570230,,,90220260,51,
