stock_id,name,period,market,產業別,當月營收,上月營收,去年當月營收,上月比較增減(%),去年同月增減(%),當月累計營收,去年累計營收,前期比較增減(%)
1264,德麥,2022-04,tpex,食品工業,448442,425770,409622,5.32,9.47,1664370,1601559,3.92
1294,漢田生技,2022-04,tpex,食品工業,20306,17972,19180,12.98,5.87,65727,83061,-20.86
1780,立弘,2022-04,tpex,食品工業,59934,60810,58258,-1.44,2.87,220709,236179,-6.55
1796,金穎生技,2022-04,tpex,食品工業,49112,50586,40278,-2.91,21.93,193023,154143,25.22
4205,中華食,2022-04,tpex,食品工業,130881,143987,132842,-9.10,-1.47,563765,544032,3.62
4207,環泰,2022-04,tpex,食品工業,434804,424697,327774,2.37,32.65,1609010,1406573,14.39
6846,綠茵,2022-04,tpex,食品工業,58855,78541,56405,-25.06,4.34,233719,221605,5.46
4303,信立,2022-04,tpex,塑膠工業,32023,37170,37820,-13.84,-15.32,125417,137320,-8.66
4304,勝昱,2022-04,tpex,塑膠工業,28633,35836,31284,-20.09,-8.47,108692,136302,-20.25
4305,世坤,2022-04,tpex,塑膠工業,98551,112798,125100,-12.63,-21.22,357538,395752,-9.65
9950,萬國通,2022-04,tpex,塑膠工業,175371,173183,82128,1.26,113.53,738589,284866,159.27
4401,東隆興,2022-04,tpex,紡織纖維,420231,458698,452554,-8.38,-7.14,1585296,1540637,2.89
4402,郡都開發,2022-04,tpex,紡織纖維,15851,22787,14310,-30.43,10.76,62947,41614,51.26
4406,新昕纖,2022-04,tpex,紡織纖維,52421,52028,36987,0.75,41.72,182589,143697,27.06
4413,飛寶企業,2022-04,tpex,紡織纖維,84144,74469,75910,12.99,10.84,290351,260346,11.52
4417,金洲,2022-04,tpex,紡織纖維,169686,189848,228106,-10.62,-25.61,776282,916266,-15.27
4420,光明,2022-04,tpex,紡織纖維,73851,94254,84825,-21.64,-12.93,319196,321165,-0.61
4432,銘旺實,2022-04,tpex,紡織纖維,93717,81631,121044,14.80,-22.57,473470,399314,18.57
4433,興采,2022-04,tpex,紡織纖維,304357,389085,257176,-21.77,18.34,1213466,781526,55.26
6506,雙邦,2022-04,tpex,紡織纖維,243065,251472,192605,-3.34,26.19,848659,696199,21.89
1570,力肯,2022-04,tpex,電機機械,43253,75637,39647,-42.81,9.09,201783,202510,-0.35
1580,新麥,2022-04,tpex,電機機械,295592,314443,387548,-5.99,-23.72,1097491,1176125,-6.68
1586,和勤,2022-04,tpex,電機機械,172468,259666,205459,-33.58,-16.05,893767,831918,7.43
1599,宏佳騰,2022-04,tpex,電機機械,259565,416297,227624,-37.64,14.03,1153507,985916,16.99
2066,世德,2022-04,tpex,電機機械,230314,228284,197488,0.88,16.62,894916,789807,13.30
2067,嘉鋼,2022-04,tpex,電機機械,95596,92182,79457,3.70,20.31,364347,320279,13.75
2070,精湛,2022-04,tpex,電機機械,46918,48961,62317,-4.17,-24.71,163026,206606,-21.09
2235,謚源,2022-04,tpex,電機機械,66083,78647,52107,-15.97,26.82,252197,190230,32.57
3162,精確,2022-04,tpex,電機機械,139795,132828,106184,5.24,31.65,489965,394676,24.14
3226,龍鋒,2022-04,tpex,電機機械,261512,250439,263755,4.42,-0.85,939700,917123,2.46
3379,彬台,2022-04,tpex,電機機械,12562,17546,34076,-28.40,-63.13,106380,252867,-57.93
3685,元創精密,2022-04,tpex,電機機械,72248,131251,97106,-44.95,-25.59,442904,397623,11.38
4502,健信,2022-04,tpex,電機機械,139241,119427,104153,16.59,33.68,475602,487540,-2.44
4503,金雨,2022-04,tpex,電機機械,11416,8296,6241,37.60,82.91,40463,42503,-4.79
4506,崇友,2022-04,tpex,電機機械,350463,388221,321116,-9.72,9.13,1437608,1355908,6.02
4510,高鋒,2022-04,tpex,電機機械,176387,194362,165906,-9.24,6.31,702369,469053,49.74
4513,福裕,2022-04,tpex,電機機械,139723,163507,114542,-14.54,21.98,553945,464553,19.24
4523,永彰,2022-04,tpex,電機機械,40942,58202,50096,-29.65,-18.27,189036,251942,-24.96
4527,方方土霖,2022-04,tpex,電機機械,135826,246915,170603,-44.99,-20.38,686320,694669,-1.20
4528,江興鍛,2022-04,tpex,電機機械,208191,189311,247435,9.97,-15.86,836718,869479,-3.76
4533,協易機,2022-04,tpex,電機機械,86592,333463,280692,-74.03,-69.15,862732,1034079,-16.57
4534,慶騰,2022-04,tpex,電機機械,80738,98008,108472,-17.62,-25.56,313339,424715,-26.22
4535,至興,2022-04,tpex,電機機械,252667,251438,219048,0.48,15.34,1032357,971078,6.31
4538,大詠城,2022-04,tpex,電機機械,56220,55978,33456,0.43,68.04,196573,136041,44.49
4543,萬在,2022-04,tpex,電機機械,76074,92864,82506,-18.08,-7.79,297717,286503,3.91
4549,桓達,2022-04,tpex,電機機械,71468,97972,114851,-27.05,-37.77,366956,372998,-1.61
4550,長佳,2022-04,tpex,電機機械,115628,105491,130965,9.60,-11.71,387756,395109,-1.86
4558,寶緯,2022-04,tpex,電機機械,187811,202625,162870,-7.31,15.31,706992,629964,12.22
4561,健椿,2022-04,tpex,電機機械,81280,121294,110307,-32.98,-26.31,399446,418721,-4.60
4563,百德,2022-04,tpex,電機機械,164776,266579,134898,-38.18,22.14,781068,507870,53.79
4568,科際精密,2022-04,tpex,電機機械,132308,106897,107454,23.77,23.12,461546,364453,26.64
4580,捷流閥業,2022-04,tpex,電機機械,234066,222768,205842,5.07,13.71,853251,715808,19.20
4584,君帆,2022-04,tpex,電機機械,91142,101419,100209,-10.13,-9.04,374536,371241,0.88
5381,光譜,2022-04,tpex,電機機械,31483,29418,29764,7.01,5.77,112405,135634,-17.12
6122,擎邦,2022-04,tpex,電機機械,211163,159511,130577,32.38,61.71,716173,432206,65.70
6125,廣運,2022-04,tpex,電機機械,410475,395099,379467,3.89,8.17,1592066,1433599,11.05
6425,易發,2022-04,tpex,電機機械,111588,249061,127028,-55.19,-12.15,517953,542495,-4.52
6603,富強鑫,2022-04,tpex,電機機械,458207,439809,373415,4.18,22.70,1513459,1340106,12.93
6609,瀧澤科,2022-04,tpex,電機機械,343724,269376,214209,27.60,60.46,1113310,727166,53.10
6843,進典,2022-04,tpex,電機機械,56807,82312,94392,-30.98,-39.81,256247,261299,-1.93
8027,鈦昇,2022-04,tpex,電機機械,448800,442877,147108,1.33,205.08,1319955,799929,65.00
8083,瑞穎,2022-04,tpex,電機機械,151484,194579,217572,-22.14,-30.37,681518,791340,-13.87
8107,大億金茂,2022-04,tpex,電機機械,57708,72728,80347,-20.65,-28.17,233694,373256,-37.39
8255,朋程,2022-04,tpex,電機機械,278683,358345,302588,-22.23,-7.90,1271086,1304035,-2.52
9951,皇田,2022-04,tpex,電機機械,302262,374229,426474,-19.23,-29.12,1444507,1733434,-16.66
2061,風青,2022-04,tpex,電器電纜,87241,86676,97990,0.65,-10.96,299022,312896,-4.43
1742,台蠟,2022-04,tpex,化學工業,32909,64788,18137,-49.20,81.44,169110,122172,38.41
3430,奇鈦科,2022-04,tpex,化學工業,150589,154269,114584,-2.38,31.42,573558,466445,22.96
4706,大恭,2022-04,tpex,化學工業,75357,139836,123618,-46.11,-39.04,421733,512437,-17.70
4707,磐亞,2022-04,tpex,化學工業,212733,89389,116757,137.98,82.20,640442,539911,18.61
4711,永純,2022-04,tpex,化學工業,131978,145529,135632,-9.31,-2.69,464676,437463,6.22
4714,永捷,2022-04,tpex,化學工業,91035,99760,65119,-8.74,39.79,348827,181417,92.27
4716,大立,2022-04,tpex,化學工業,69201,69791,69205,-0.84,-0.00,227753,301114,-24.36
4721,美琪瑪,2022-04,tpex,化學工業,513494,503222,290275,2.04,76.89,1795306,938353,91.32
4741,泓瀚,2022-04,tpex,化學工業,57885,61860,54580,-6.42,6.05,241857,196209,23.26
4754,國碳科,2022-04,tpex,化學工業,24964,40651,31068,-38.58,-19.64,139061,126774,9.69
4767,誠泰科技,2022-04,tpex,化學工業,116305,125735,109766,-7.49,5.95,481913,407692,18.20
4768,晶呈科技,2022-04,tpex,化學工業,51064,72670,52551,-29.73,-2.82,237488,190433,24.70
4772,台特化,2022-04,tpex,化學工業,39894,51067,39446,-21.87,1.13,168813,177849,-5.08
6509,聚和,2022-04,tpex,化學工業,353395,565098,378066,-37.46,-6.52,1782280,1549784,15.00
1565,精華,2022-04,tpex,生技醫療業,371717,509145,400742,-26.99,-7.24,1717479,1706824,0.62
1777,生泰,2022-04,tpex,生技醫療業,75449,63886,71120,18.09,6.08,271406,306703,-11.50
1781,合世,2022-04,tpex,生技醫療業,44675,52053,81691,-14.17,-45.31,191296,293108,-34.73
1784,訊聯,2022-04,tpex,生技醫療業,82096,88811,84125,-7.56,-2.41,311832,313655,-0.58
1788,杏昌,2022-04,tpex,生技醫療業,316201,341537,295989,-7.41,6.82,1298083,1177825,10.21
1799,易威,2022-04,tpex,生技醫療業,5222,16704,12589,-68.73,-58.51,40292,84228,-52.16
1813,寶利徠,2022-04,tpex,生技醫療業,29161,28769,46468,1.36,-37.24,120052,179354,-33.06
3118,進階,2022-04,tpex,生技醫療業,44900,53653,52384,-16.31,-14.28,161540,214408,-24.65
3176,基亞,2022-04,tpex,生技醫療業,54081,161596,64173,-66.53,-15.72,538791,249827,115.66
3205,佰研,2022-04,tpex,生技醫療業,43505,42182,51207,3.13,-15.04,177853,198681,-10.48
3218,大學光,2022-04,tpex,生技醫療業,285146,275630,230168,3.45,23.88,1120741,840443,33.35
4102,永日,2022-04,tpex,生技醫療業,48680,33143,47437,46.87,2.62,156825,154803,1.30
4105,東洋,2022-04,tpex,生技醫療業,372304,367243,353723,1.37,5.25,1409421,1317779,6.95
4107,邦特,2022-04,tpex,生技醫療業,157286,155497,133446,1.15,17.86,624339,590443,5.74
4109,加捷生醫,2022-04,tpex,生技醫療業,21115,26284,17234,-19.66,22.51,97364,71642,35.90
4111,濟生,2022-04,tpex,生技醫療業,93272,100837,85904,-7.50,8.57,375408,325383,15.37
4114,健喬,2022-04,tpex,生技醫療業,334644,339478,250212,-1.42,33.74,1301972,1014117,28.38
4116,明基醫,2022-04,tpex,生技醫療業,238005,225785,95311,5.41,149.71,853026,426878,99.82
4120,友華,2022-04,tpex,生技醫療業,357004,415193,340498,-14.01,4.84,1500517,1555431,-3.53
4121,優盛,2022-04,tpex,生技醫療業,426382,282259,281977,51.06,51.21,1337156,1232220,8.51
4123,晟德,2022-04,tpex,生技醫療業,64348,55468,50046,16.00,28.57,216832,208423,4.03
4126,太醫,2022-04,tpex,生技醫療業,144600,186415,163524,-22.43,-11.57,640094,741491,-13.67
4127,天良,2022-04,tpex,生技醫療業,43631,46746,39439,-6.66,10.62,195210,151329,28.99
4128,中天,2022-04,tpex,生技醫療業,197972,132714,122641,49.17,61.42,599975,515272,16.43
4129,聯合,2022-04,tpex,生技醫療業,238887,291897,234689,-18.16,1.78,978638,861164,13.64
4131,浩泰,2022-04,tpex,生技醫療業,3981,8141,7078,-51.09,-43.75,32799,32067,2.28
4138,曜亞,2022-04,tpex,生技醫療業,97231,93042,96343,4.50,0.92,406616,383977,5.89
4147,中裕,2022-04,tpex,生技醫療業,40578,12886,56912,214.89,-28.70,81249,148172,-45.16
4153,鈺緯,2022-04,tpex,生技醫療業,61985,72426,51070,-14.41,21.37,254899,201808,26.30
4160,訊聯基因,2022-04,tpex,生技醫療業,51531,58327,43908,-11.65,17.36,191217,164280,16.39
4161,聿新科,2022-04,tpex,生技醫療業,36235,53080,58420,-31.73,-37.97,185048,229279,-19.29
4162,智擎,2022-04,tpex,生技醫療業,19378,132502,19801,-85.37,-2.13,193507,135446,42.86
4163,鐿鈦,2022-04,tpex,生技醫療業,167161,198802,181483,-15.91,-7.89,679587,635817,6.88
4166,友霖,2022-04,tpex,生技醫療業,47613,45531,28413,4.57,67.57,163325,115459,41.45
4167,松瑞藥,2022-04,tpex,生技醫療業,131376,145299,147188,-9.58,-10.74,438715,653135,-32.82
4168,醣聯,2022-04,tpex,生技醫療業,9781,13380,0,-26.89,,23161,517,4379.88
4173,久裕,2022-04,tpex,生技醫療業,73608,89913,70212,-18.13,4.83,328084,311825,5.21
4174,浩鼎,2022-04,tpex,生技醫療業,84,555,530,-84.86,-84.15,1345,4990,-73.04
4175,杏一,2022-04,tpex,生技醫療業,665009,580116,510081,14.63,30.37,2272517,2003636,13.41
4183,福永生技,2022-04,tpex,生技醫療業,28397,20100,28384,41.27,0.04,141058,116864,20.70
4188,安克,2022-04,tpex,生技醫療業,6490,5897,5657,10.05,14.72,23720,17382,36.46
4192,杏國,2022-04,tpex,生技醫療業,1017,1408,463,-27.76,119.65,4378,1775,146.64
4198,欣大健康,2022-04,tpex,生技醫療業,14079,21173,7149,-33.50,96.93,70144,37918,84.98
4726,永昕,2022-04,tpex,生技醫療業,53306,150581,33077,-64.59,61.15,278855,325294,-14.27
4728,雙美,2022-04,tpex,生技醫療業,102505,102816,92229,-0.30,11.14,425480,359742,18.27
4735,豪展,2022-04,tpex,生技醫療業,90954,95018,314605,-4.27,-71.08,378022,1284521,-70.57
4743,合一,2022-04,tpex,生技醫療業,7028,8843,1721,-20.52,308.36,27111,12702,113.43
4744,皇將,2022-04,tpex,生技醫療業,29093,89868,60217,-67.62,-51.68,200191,269830,-25.80
4747,強生*,2022-04,tpex,生技醫療業,36819,36129,32295,1.90,14.00,147221,138080,6.62
4905,台聯電,2022-04,tpex,生技醫療業,4903,11180,4122,-56.14,18.94,21961,18153,20.97
4911,德英,2022-04,tpex,生技醫療業,1686,3395,1733,-50.33,-2.71,8935,9959,-10.28
5312,寶島科,2022-04,tpex,生技醫療業,265847,287703,254599,-7.59,4.41,1085537,1039737,4.40
6130,上亞科技,2022-04,tpex,生技醫療業,3789,5653,9331,-32.97,-59.39,20995,31377,-33.08
6242,立康,2022-04,tpex,生技醫療業,46828,44829,50889,4.45,-7.98,148159,144505,2.52
6461,益得,2022-04,tpex,生技醫療業,1021,3047,1930,-66.49,-47.09,12194,9262,31.65
6469,大樹,2022-04,tpex,生技醫療業,1297002,1075922,808680,20.54,60.38,4494728,3294946,36.41
6492,生華科,2022-04,tpex,生技醫療業,83,83,50,0.00,66.00,333,200,66.50
6496,科懋,2022-04,tpex,生技醫療業,52986,67698,114725,-21.73,-53.81,226639,460083,-50.73
6499,益安,2022-04,tpex,生技醫療業,8159,5202,4561,56.84,78.88,198702,15434,1187.43
6523,達爾膚,2022-04,tpex,生技醫療業,40507,74149,85237,-45.37,-52.47,297932,322797,-7.70
6527,明達醫,2022-04,tpex,生技醫療業,74467,51913,61898,43.44,20.30,212100,239462,-11.42
6535,順藥,2022-04,tpex,生技醫療業,2483,140,2164,1673.57,14.74,5281,4479,17.90
6547,高端疫苗,2022-04,tpex,生技醫療業,8428,87817,0,-90.40,,335062,3143,10560.57
6569,醫揚,2022-04,tpex,生技醫療業,131917,177447,75896,-25.65,73.81,551125,349173,57.83
6574,霈方,2022-04,tpex,生技醫療業,78546,71338,84922,10.10,-7.50,270731,274404,-1.33
6576,逸達,2022-04,tpex,生技醫療業,162319,66634,92,143.59,176333.69,229297,72116,217.95
6612,奈米醫材,2022-04,tpex,生技醫療業,37882,44945,32879,-15.71,15.21,157006,116836,34.38
6615,慧智,2022-04,tpex,生技醫療業,43244,47368,40284,-8.70,7.34,168946,164872,2.47
6620,漢達,2022-04,tpex,生技醫療業,2097,30721,2387,-93.17,-12.14,36142,9129,295.90
6637,醫影,2022-04,tpex,生技醫療業,48428,52957,43681,-8.55,10.86,161721,163635,-1.16
6649,台生材,2022-04,tpex,生技醫療業,5645,7112,2737,-20.62,106.24,22011,6898,219.09
6661,威健生技,2022-04,tpex,生技醫療業,42038,33104,26213,26.98,60.37,113993,74523,52.96
6662,樂斯科,2022-04,tpex,生技醫療業,15731,21891,24982,-28.13,-37.03,66184,73874,-10.40
6703,軒郁,2022-04,tpex,生技醫療業,128991,126154,102283,2.24,26.11,449887,420952,6.87
6712,長聖,2022-04,tpex,生技醫療業,44128,38538,24002,14.50,83.85,167783,72994,129.85
6730,常廣,2022-04,tpex,生技醫療業,36896,55314,34143,-33.29,8.06,173694,129949,33.66
6733,博晟生醫,2022-04,tpex,生技醫療業,1753,1425,692,23.01,153.32,6816,1780,282.92
6762,達亞,2022-04,tpex,生技醫療業,33696,28157,42709,19.67,-21.10,129541,190727,-32.08
6767,台微醫,2022-04,tpex,生技醫療業,13834,17117,12236,-19.17,13.05,56973,39216,45.27
6785,昱展新藥,2022-04,tpex,生技醫療業,0,0,0,,,0,0,
6841,長佳智能,2022-04,tpex,生技醫療業,2259,4496,340,-49.75,564.41,11090,27726,-60.00
6844,諾貝兒,2022-04,tpex,生技醫療業,413164,314164,282084,31.51,46.46,1383219,1189796,16.25
6872,浩宇生醫,2022-04,tpex,生技醫療業,0,12884,0,-100.00,,12884,0,
6875,國邑*,2022-04,tpex,生技醫療業,0,0,0,,,0,0,
8279,生展,2022-04,tpex,生技醫療業,132051,135761,123970,-2.73,6.51,510734,429375,18.94
8403,盛弘,2022-04,tpex,生技醫療業,357162,403420,291045,-11.46,22.71,1396545,1190169,17.34
8409,商之器,2022-04,tpex,生技醫療業,11901,191774,9684,-93.79,22.89,223956,37500,497.21
8432,東生華,2022-04,tpex,生技醫療業,37103,42339,35077,-12.36,5.77,157552,136824,15.14
8436,大江,2022-04,tpex,生技醫療業,570736,549459,800797,3.87,-28.72,2228721,2746727,-18.85
2035,唐榮公司,2022-04,tpex,鋼鐵工業,1443303,1598152,1175614,-9.68,22.77,5477720,4240086,29.18
2063,世鎧精密,2022-04,tpex,鋼鐵工業,137231,120284,99524,14.08,37.88,456394,401011,13.81
2064,晉椿,2022-04,tpex,鋼鐵工業,208387,277678,206310,-24.95,1.00,850118,781803,8.73
2065,世豐,2022-04,tpex,鋼鐵工業,212710,221142,233964,-3.81,-9.08,863836,976126,-11.50
2073,雄順,2022-04,tpex,鋼鐵工業,54036,57804,54560,-6.51,-0.96,200120,188653,6.07
4950,金耘國際,2022-04,tpex,鋼鐵工業,8848,23634,8233,-62.56,7.46,66694,47822,39.46
5009,榮剛,2022-04,tpex,鋼鐵工業,1027397,1040199,605890,-1.23,69.56,3670483,2372537,54.70
5011,久陽,2022-04,tpex,鋼鐵工業,368383,492758,267796,-25.24,37.56,1520501,975710,55.83
5013,強新,2022-04,tpex,鋼鐵工業,645595,922510,744995,-30.01,-13.34,2975913,2610612,13.99
5014,建錩,2022-04,tpex,鋼鐵工業,1678234,1894780,1595293,-11.42,5.19,6002637,5156078,16.41
5015,華祺,2022-04,tpex,鋼鐵工業,223098,222141,202986,0.43,9.90,869680,719099,20.94
5016,松和,2022-04,tpex,鋼鐵工業,270916,274442,230423,-1.28,17.57,973524,873654,11.43
6248,沛波,2022-04,tpex,鋼鐵工業,547281,556281,398957,-1.61,37.17,2103615,1268927,65.77
8349,恒耀國際,2022-04,tpex,鋼鐵工業,738594,965989,826631,-23.54,-10.65,3613838,3319618,8.86
8415,大國鋼,2022-04,tpex,鋼鐵工業,2248928,2455153,1659696,-8.39,35.50,8487435,6074092,39.73
8930,青鋼,2022-04,tpex,鋼鐵工業,127476,151557,100729,-15.88,26.55,452855,367709,23.15
9962,有益,2022-04,tpex,鋼鐵工業,248958,366892,159499,-32.14,56.08,1082860,569454,90.15
1595,川寶,2022-04,tpex,半導體業,192211,164265,179037,17.01,7.35,692162,651453,6.24
3105,穩懋,2022-04,tpex,半導體業,1800841,1848079,2024120,-2.55,-11.03,7363713,8025337,-8.24
3122,笙泉,2022-04,tpex,半導體業,48217,60226,56456,-19.93,-14.59,223010,192604,15.78
3131,弘塑,2022-04,tpex,半導體業,274061,288625,270941,-5.04,1.15,1195634,1020960,17.10
3141,晶宏,2022-04,tpex,半導體業,250985,249256,186991,0.69,34.22,983728,688575,42.86
3169,亞信,2022-04,tpex,半導體業,133168,133065,87136,0.07,52.82,494378,324182,52.50
3178,公準,2022-04,tpex,半導體業,127695,130583,127464,-2.21,0.18,472023,419016,12.65
3227,原相,2022-04,tpex,半導體業,552799,496179,858687,11.41,-35.62,1946170,3103683,-37.29
3228,金麗科,2022-04,tpex,半導體業,23141,27772,73076,-16.67,-68.33,201169,259493,-22.47
3259,鑫創,2022-04,tpex,半導體業,30706,37596,50036,-18.32,-38.63,146821,233940,-37.23
3260,威剛,2022-04,tpex,半導體業,2906524,3254509,3602398,-10.69,-19.31,12667711,12698577,-0.24
3264,欣銓,2022-04,tpex,半導體業,1119775,1106979,941468,1.15,18.93,4224941,3564405,18.53
3265,台星科,2022-04,tpex,半導體業,344742,360880,235186,-4.47,46.58,1316114,912473,44.23
3268,海德威,2022-04,tpex,半導體業,136778,172585,113515,-20.74,20.49,488243,420832,16.01
3317,尼克森,2022-04,tpex,半導體業,254418,250020,243898,1.75,4.31,1021724,990462,3.15
3372,典範,2022-04,tpex,半導體業,135380,134159,161003,0.91,-15.91,520615,572186,-9.01
3374,精材,2022-04,tpex,半導體業,686634,664964,444890,3.25,54.33,2357895,2556609,-7.77
3438,類比科,2022-04,tpex,半導體業,123338,138775,142069,-11.12,-13.18,478139,519346,-7.93
3527,聚積,2022-04,tpex,半導體業,338456,291415,262095,16.14,29.13,1073655,838385,28.06
3529,力旺,2022-04,tpex,半導體業,474179,57154,324995,729.65,45.90,1201286,921729,30.32
3555,博士旺,2022-04,tpex,半導體業,1531,4501,748,-65.98,104.67,10860,3473,212.69
3556,禾瑞亞,2022-04,tpex,半導體業,140051,173194,129511,-19.13,8.13,618543,465248,32.94
3567,逸昌,2022-04,tpex,半導體業,36758,37508,35573,-1.99,3.33,145307,133318,8.99
3581,博磊,2022-04,tpex,半導體業,121953,121940,123732,0.01,-1.43,475191,394389,20.48
3675,德微,2022-04,tpex,半導體業,188003,187179,170263,0.44,10.41,716482,619141,15.72
3680,家登,2022-04,tpex,半導體業,366345,409967,166098,-10.64,120.55,1390281,804313,72.85
3707,漢磊,2022-04,tpex,半導體業,737506,734300,568283,0.43,29.77,2844793,2191920,29.78
4749,新應材,2022-04,tpex,半導體業,142487,153868,122180,-7.39,16.62,583030,461228,26.40
4923,力士,2022-04,tpex,半導體業,110299,108282,95208,1.86,15.85,426933,342854,24.52
4951,精拓科,2022-04,tpex,半導體業,51624,51953,46799,-0.63,10.31,213288,166456,28.13
4973,廣穎電通,2022-04,tpex,半導體業,299797,368018,285674,-18.53,4.94,1384858,1285373,7.73
5272,笙科,2022-04,tpex,半導體業,62939,59090,50404,6.51,24.86,239244,178643,33.92
5274,信驊,2022-04,tpex,半導體業,454221,432969,282572,4.90,60.74,1605730,1033087,55.43
5299,杰力,2022-04,tpex,半導體業,255312,252398,222811,1.15,14.58,990905,802037,23.54
5302,太欣,2022-04,tpex,半導體業,1123,1435,4297,-21.74,-73.86,3848,16985,-77.34
5344,立衛,2022-04,tpex,半導體業,23538,28484,32120,-17.36,-26.71,103218,133224,-22.52
5347,世界,2022-04,tpex,半導體業,4485603,5068035,3170821,-11.49,41.46,17977694,12350952,45.55
5351,鈺創,2022-04,tpex,半導體業,486048,557648,401137,-12.83,21.16,2116769,1450742,45.90
5425,台半,2022-04,tpex,半導體業,1253674,1363703,1096440,-8.06,14.34,5000929,3991950,25.27
5443,均豪,2022-04,tpex,半導體業,352353,497979,489197,-29.24,-27.97,1447088,1554510,-6.91
5468,凱鈺,2022-04,tpex,半導體業,20205,20148,12034,0.28,67.89,70892,41858,69.36
5483,中美晶,2022-04,tpex,半導體業,6101054,6687393,5561509,-8.76,9.70,24870474,21613587,15.06
5487,通泰,2022-04,tpex,半導體業,32999,22622,35993,45.87,-8.31,107207,141475,-24.22
6103,合邦,2022-04,tpex,半導體業,4089,3458,1764,18.24,131.80,17846,5670,214.74
6104,創惟,2022-04,tpex,半導體業,333121,421196,257489,-20.91,29.37,1572636,838526,87.54
6129,普誠,2022-04,tpex,半導體業,171778,158368,120859,8.46,42.13,595178,465675,27.80
6138,茂達,2022-04,tpex,半導體業,690169,677477,535509,1.87,28.88,2629754,2046422,28.50
6147,頎邦,2022-04,tpex,半導體業,2257468,2389388,2272739,-5.52,-0.67,9002152,8691646,3.57
6182,合晶,2022-04,tpex,半導體業,987547,1037730,821871,-4.83,20.15,4036003,3113737,29.61
6187,萬潤,2022-04,tpex,半導體業,248400,267096,250955,-6.99,-1.01,877991,825075,6.41
6208,日揚,2022-04,tpex,半導體業,312954,339524,270043,-7.82,15.89,1207215,1053231,14.62
6223,旺矽,2022-04,tpex,半導體業,638738,615047,487697,3.85,30.97,2358894,1911862,23.38
6229,研通,2022-04,tpex,半導體業,145158,154638,182898,-6.13,-20.63,547331,553951,-1.19
6233,旺玖,2022-04,tpex,半導體業,38759,35689,36909,8.60,5.01,140944,150187,-6.15
6237,驊訊,2022-04,tpex,半導體業,83602,78801,146429,6.09,-42.90,278785,471988,-40.93
6261,久元,2022-04,tpex,半導體業,435338,496190,508500,-12.26,-14.38,1733420,1652623,4.88
6291,沛亨,2022-04,tpex,半導體業,113128,128633,86452,-12.05,30.85,458492,323428,41.76
6411,晶焱,2022-04,tpex,半導體業,381584,299155,304253,27.55,25.41,1269398,1307136,-2.88
6423,億而得,2022-04,tpex,半導體業,21141,6280,26683,236.64,-20.76,66317,62847,5.52
6435,大中,2022-04,tpex,半導體業,320454,335724,246238,-4.54,30.13,1289724,973177,32.52
6462,神盾,2022-04,tpex,半導體業,355305,405110,340390,-12.29,4.38,1272424,1424006,-10.64
6485,點序,2022-04,tpex,半導體業,188534,187080,140181,0.77,34.49,732579,496747,47.47
6488,環球晶,2022-04,tpex,半導體業,5257838,5734020,4996406,-8.30,5.23,21564364,19802237,8.89
6494,九齊,2022-04,tpex,半導體業,185550,190533,192811,-2.61,-3.76,744344,584201,27.41
6510,精測,2022-04,tpex,半導體業,357703,323778,353624,10.47,1.15,1186804,1165003,1.87
6532,瑞耘,2022-04,tpex,半導體業,48372,53231,36493,-9.12,32.55,180236,139136,29.53
6548,長科*,2022-04,tpex,半導體業,1214796,1268324,977240,-4.22,24.30,4846206,3697551,31.06
6568,宏觀,2022-04,tpex,半導體業,112153,103515,96282,8.34,16.48,355277,356956,-0.47
6640,均華,2022-04,tpex,半導體業,125098,188991,153191,-33.80,-18.33,519368,402474,29.04
6643,M31,2022-04,tpex,半導體業,94758,85568,70347,10.73,34.70,342480,283482,20.81
6651,全宇昕,2022-04,tpex,半導體業,136931,159450,137547,-14.12,-0.44,555753,502899,10.50
6679,鈺太,2022-04,tpex,半導體業,240807,222246,224746,8.35,7.14,918750,844554,8.78
6683,雍智科技,2022-04,tpex,半導體業,129428,137557,128242,-5.90,0.92,497128,478626,3.86
6684,安格,2022-04,tpex,半導體業,50150,59274,51740,-15.39,-3.07,209966,188394,11.45
6693,廣閎科,2022-04,tpex,半導體業,126172,125828,93639,0.27,34.74,483342,353570,36.70
6708,天擎,2022-04,tpex,半導體業,32171,35416,32052,-9.16,0.37,105910,113283,-6.50
6716,應廣,2022-04,tpex,半導體業,101457,110618,62633,-8.28,61.98,370955,270996,36.88
6720,久昌,2022-04,tpex,半導體業,21188,22765,36401,-6.92,-41.79,88183,128770,-31.51
6732,昇佳電子,2022-04,tpex,半導體業,435867,494971,547085,-11.94,-20.32,1784640,1815626,-1.70
6788,華景電,2022-04,tpex,半導體業,90414,99547,81562,-9.17,10.85,395209,301305,31.16
6823,濾能,2022-04,tpex,半導體業,80701,87278,61824,-7.53,30.53,329005,215367,52.76
6829,千附精密,2022-04,tpex,半導體業,154130,171070,124626,-9.90,23.67,652669,459326,42.09
6895,宏碩系統,2022-04,tpex,半導體業,25084,0,30795,,-18.54,103752,90880,14.16
6996,力領科技,2022-04,tpex,半導體業,207596,221581,274580,-6.31,-24.39,1020674,823749,23.90
7556,意德士科技,2022-04,tpex,半導體業,49068,45112,37372,8.76,31.29,179466,142818,25.66
8024,佑華,2022-04,tpex,半導體業,38170,34130,62979,11.83,-39.39,145701,166525,-12.50
8040,九暘,2022-04,tpex,半導體業,84091,79666,89076,5.55,-5.59,367949,275388,33.61
8054,安國,2022-04,tpex,半導體業,131243,131893,148632,-0.49,-11.69,491259,587976,-16.44
8086,宏捷科,2022-04,tpex,半導體業,187133,182271,374485,2.66,-50.02,798172,1440222,-44.57
8088,品安,2022-04,tpex,半導體業,138378,154507,145156,-10.43,-4.66,556094,653650,-14.92
8091,翔名,2022-04,tpex,半導體業,168025,159717,108519,5.20,54.83,643156,447460,43.73
8227,巨有科技,2022-04,tpex,半導體業,177363,65200,59250,172.02,199.34,331138,190202,74.09
8277,商丞,2022-04,tpex,半導體業,20807,25009,34891,-16.80,-40.36,111031,149744,-25.85
8299,群聯,2022-04,tpex,半導體業,5901725,6379633,5090578,-7.49,15.93,23007584,17978528,27.97
8383,千附,2022-04,tpex,半導體業,288974,346155,258470,-16.51,11.80,1205791,969715,24.34
1569,濱川,2022-04,tpex,電腦及週邊設備業,436259,629328,279510,-30.67,56.07,1931077,1405635,37.38
3071,協禧,2022-04,tpex,電腦及週邊設備業,178302,221243,217454,-19.40,-18.00,817228,762815,7.13
3088,艾訊,2022-04,tpex,電腦及週邊設備業,494909,597400,351539,-17.15,40.78,1979731,1320245,49.95
3211,順達,2022-04,tpex,電腦及週邊設備業,1015398,1697826,1808087,-40.19,-43.84,5393205,6967941,-22.59
3213,茂訊,2022-04,tpex,電腦及週邊設備業,228296,186795,248885,22.21,-8.27,774959,869144,-10.83
3272,東碩,2022-04,tpex,電腦及週邊設備業,223459,535037,368554,-58.23,-39.36,1406047,1476426,-4.76
3287,廣寰科,2022-04,tpex,電腦及週邊設備業,47830,33433,66229,43.06,-27.78,164242,267665,-38.63
3323,加百裕,2022-04,tpex,電腦及週邊設備業,545573,1290844,1082219,-57.73,-49.58,3613859,4519294,-20.03
3325,旭品,2022-04,tpex,電腦及週邊設備業,89886,69757,154729,28.85,-41.90,345840,566461,-38.94
3349,寶德,2022-04,tpex,電腦及週邊設備業,38137,63403,111502,-39.84,-65.79,211618,411869,-48.62
3479,安勤,2022-04,tpex,電腦及週邊設備業,524786,678441,373474,-22.64,40.51,2179351,1438075,51.54
3483,力致,2022-04,tpex,電腦及週邊設備業,526853,801966,559643,-34.30,-5.85,2510731,2137779,17.44
3540,曜越,2022-04,tpex,電腦及週邊設備業,202806,220119,417494,-7.86,-51.42,911012,1824980,-50.08
3577,泓格,2022-04,tpex,電腦及週邊設備業,109147,87810,93267,24.29,17.02,365731,314682,16.22
3594,磐儀,2022-04,tpex,電腦及週邊設備業,135691,120543,134937,12.56,0.55,463441,433237,6.97
3611,鼎翰,2022-04,tpex,電腦及週邊設備業,649771,682221,603712,-4.75,7.62,2411862,2129143,13.27
3625,西勝,2022-04,tpex,電腦及週邊設備業,197263,207403,197155,-4.88,0.05,734153,756459,-2.94
3693,營邦,2022-04,tpex,電腦及週邊設備業,290374,314318,263398,-7.61,10.24,1028351,1003441,2.48
3709,鑫聯大投控,2022-04,tpex,電腦及週邊設備業,1399005,1842960,1603081,-24.08,-12.73,6329858,5881526,7.62
4931,新盛力,2022-04,tpex,電腦及週邊設備業,196848,242340,103394,-18.77,90.38,865859,427685,102.45
5289,宜鼎,2022-04,tpex,電腦及週邊設備業,1005918,933370,857087,7.77,17.36,3595655,2797007,28.55
5356,協益,2022-04,tpex,電腦及週邊設備業,318385,333042,326132,-4.40,-2.37,1258875,1193685,5.46
5386,青雲,2022-04,tpex,電腦及週邊設備業,312025,406398,187826,-23.22,66.12,1420892,959482,48.08
5426,振發,2022-04,tpex,電腦及週邊設備業,147929,160346,135679,-7.74,9.02,567966,501364,13.28
5438,東友,2022-04,tpex,電腦及週邊設備業,154140,117636,197278,31.03,-21.86,498093,650048,-23.37
5465,富驊,2022-04,tpex,電腦及週邊設備業,389586,363861,508158,7.07,-23.33,1475183,2081864,-29.14
5474,聰泰,2022-04,tpex,電腦及週邊設備業,135223,162660,198704,-16.86,-31.94,536791,622093,-13.71
5490,同亨,2022-04,tpex,電腦及週邊設備業,81633,140551,82852,-41.91,-1.47,430685,356536,20.79
6121,新普,2022-04,tpex,電腦及週邊設備業,7853820,8153059,7943637,-3.67,-1.13,30291877,30362378,-0.23
6150,撼訊,2022-04,tpex,電腦及週邊設備業,367641,637568,707244,-42.33,-48.01,2569434,2085902,23.18
6160,欣技,2022-04,tpex,電腦及週邊設備業,84834,110240,87069,-23.04,-2.56,356168,407869,-12.67
6161,捷波,2022-04,tpex,電腦及週邊設備業,154986,174977,127424,-11.42,21.63,693343,489372,41.68
6188,廣明,2022-04,tpex,電腦及週邊設備業,583193,989937,881907,-41.08,-33.87,3499648,3553428,-1.51
6228,全譜,2022-04,tpex,電腦及週邊設備業,4151,2747,4099,51.11,1.26,12698,35394,-64.12
6276,安鈦克,2022-04,tpex,電腦及週邊設備業,101005,112094,116913,-9.89,-13.60,433819,603360,-28.09
6441,廣錠,2022-04,tpex,電腦及週邊設備業,33968,48533,321343,-30.01,-89.42,157370,567209,-72.25
6570,維田,2022-04,tpex,電腦及週邊設備業,73433,76566,70533,-4.09,4.11,301003,226892,32.66
6577,勁豐,2022-04,tpex,電腦及週邊設備業,133052,161573,109013,-17.65,22.05,648990,434380,49.40
6680,鑫創電子,2022-04,tpex,電腦及週邊設備業,40040,32887,29052,21.75,37.82,127524,100922,26.35
6922,宸曜,2022-04,tpex,電腦及週邊設備業,89479,99134,74541,-9.73,20.03,364047,267601,36.04
8050,廣積,2022-04,tpex,電腦及週邊設備業,381438,683126,700367,-44.16,-45.53,1865564,1744391,6.94
8076,伍豐,2022-04,tpex,電腦及週邊設備業,211645,179970,177757,17.60,19.06,825747,699981,17.96
8234,新漢,2022-04,tpex,電腦及週邊設備業,662936,741905,444858,-10.64,49.02,2388198,1778085,34.31
8410,森田,2022-04,tpex,電腦及週邊設備業,89411,117918,111006,-24.17,-19.45,386554,423740,-8.77
3066,李洲,2022-04,tpex,光電業,22476,31219,40344,-28.00,-44.28,98250,131270,-25.15
3128,昇銳,2022-04,tpex,光電業,86270,104760,64457,-17.64,33.84,333599,279781,19.23
3230,錦明,2022-04,tpex,光電業,81855,97040,139387,-15.64,-41.27,370276,476779,-22.33
3297,杭特,2022-04,tpex,光電業,23937,20592,19589,16.24,22.19,82611,67048,23.21
3339,泰谷,2022-04,tpex,光電業,61581,70333,90274,-12.44,-31.78,268322,304296,-11.82
3362,先進光,2022-04,tpex,光電業,361539,358826,341543,0.75,5.85,1345117,1234807,8.93
3434,哲固,2022-04,tpex,光電業,63034,113242,61214,-44.33,2.97,277843,234188,18.64
3441,聯一光電,2022-04,tpex,光電業,50314,50840,36412,-1.03,38.17,167566,129785,29.11
3455,由田,2022-04,tpex,光電業,198738,148508,189353,33.82,4.95,633550,625449,1.29
3490,單井,2022-04,tpex,光電業,34413,59104,42795,-41.77,-19.58,187284,133355,40.44
3516,亞帝歐,2022-04,tpex,光電業,70366,73061,64469,-3.68,9.14,301913,226967,33.02
3523,迎輝,2022-04,tpex,光電業,6827,13581,19305,-49.73,-64.63,57461,85658,-32.91
3531,先益,2022-04,tpex,光電業,184192,188215,169592,-2.13,8.60,715745,622647,14.95
3615,安可,2022-04,tpex,光電業,115861,124830,117016,-7.18,-0.98,408863,389761,4.90
3623,富晶通,2022-04,tpex,光電業,39048,38615,26766,1.12,45.88,140685,100035,40.63
3630,新鉅科,2022-04,tpex,光電業,196940,221407,257284,-11.05,-23.45,752673,1023867,-26.48
3666,光耀,2022-04,tpex,光電業,90413,124693,168865,-27.49,-46.45,486002,666032,-27.03
3691,碩禾,2022-04,tpex,光電業,516415,501211,662185,3.03,-22.01,2061538,2757419,-25.23
4729,熒茂,2022-04,tpex,光電業,115680,113550,113834,1.87,1.62,462174,358256,29.00
4933,友輝,2022-04,tpex,光電業,261854,273821,262548,-4.37,-0.26,954054,955493,-0.15
4972,湯石照明,2022-04,tpex,光電業,86670,85611,68897,1.23,25.79,339323,288268,17.71
4995,晶達,2022-04,tpex,光電業,153783,157466,85859,-2.33,79.11,529749,315142,68.09
5220,萬達光電,2022-04,tpex,光電業,83052,102502,71449,-18.97,16.23,356950,323487,10.34
5230,雷笛克光學,2022-04,tpex,光電業,101334,105592,101964,-4.03,-0.61,373900,363189,2.94
5245,智晶,2022-04,tpex,光電業,126744,129152,121926,-1.86,3.95,476977,475365,0.33
5251,天鉞電,2022-04,tpex,光電業,24528,13973,11273,75.53,117.58,62273,71380,-12.75
5315,光聯,2022-04,tpex,光電業,168400,155268,182363,8.45,-7.65,616907,694382,-11.15
5392,能率,2022-04,tpex,光電業,844745,981951,951157,-13.97,-11.18,3603560,3751508,-3.94
6167,久正,2022-04,tpex,光電業,166796,187333,133596,-10.96,24.85,698381,496167,40.75
6222,立軒,2022-04,tpex,光電業,974,1726,46151,-43.56,-97.88,5229,151490,-96.54
6234,高僑,2022-04,tpex,光電業,50982,624416,75072,-91.83,-32.08,778738,247865,214.17
6244,茂迪,2022-04,tpex,光電業,400985,378196,481837,6.02,-16.77,1500328,1590644,-5.67
6246,臺龍,2022-04,tpex,光電業,170765,163192,153428,4.64,11.29,655327,623015,5.18
6419,京晨科,2022-04,tpex,光電業,18365,21709,27259,-15.40,-32.62,62215,93787,-33.66
6498,久禾光,2022-04,tpex,光電業,50909,82444,86235,-38.25,-40.96,257099,288679,-10.93
6517,保勝光學,2022-04,tpex,光電業,50521,46946,25121,7.61,101.11,165603,108465,52.67
6556,勝品,2022-04,tpex,光電業,175467,218779,149342,-19.79,17.49,741966,601174,23.41
6560,欣普羅,2022-04,tpex,光電業,41954,43556,93373,-3.67,-55.06,200385,372659,-46.22
6859,伯特光,2022-04,tpex,光電業,87148,88117,92579,-1.09,-5.86,281567,304587,-7.55
6899,創為精密,2022-04,tpex,光電業,122481,0,81671,,49.96,431491,320913,34.45
7402,邑錡,2022-04,tpex,光電業,70380,54689,46945,28.69,49.92,220224,158377,39.05
8049,晶采,2022-04,tpex,光電業,163212,194411,151643,-16.04,7.62,647867,587949,10.19
8064,東捷,2022-04,tpex,光電業,301452,317363,454402,-5.01,-33.65,1083653,1310353,-17.30
8069,元太,2022-04,tpex,光電業,2377160,2330849,1428276,1.98,66.43,8338021,5864040,42.18
8111,立碁,2022-04,tpex,光電業,74175,72845,110674,1.82,-32.97,298323,387060,-22.92
8240,華宏,2022-04,tpex,光電業,839834,966792,883049,-13.13,-4.89,3511219,3583428,-2.01
3081,聯亞,2022-04,tpex,通信網路業,185553,170318,200489,8.94,-7.44,636104,804484,-20.93
3095,及成,2022-04,tpex,通信網路業,43031,48388,44189,-11.07,-2.62,164729,156914,4.98
3152,璟德,2022-04,tpex,通信網路業,134064,140089,280227,-4.30,-52.15,538684,1025686,-47.48
3163,波若威,2022-04,tpex,通信網路業,317500,293801,203513,8.06,56.00,1026752,719430,42.71
3221,台嘉碩,2022-04,tpex,通信網路業,256136,248863,229712,2.92,11.50,973725,869239,12.02
3234,光環,2022-04,tpex,通信網路業,90781,100537,122171,-9.70,-25.69,383057,477627,-19.79
3306,鼎天,2022-04,tpex,通信網路業,54162,110392,104667,-50.93,-48.25,341936,395775,-13.60
3363,上詮,2022-04,tpex,通信網路業,128936,150750,147164,-14.47,-12.38,567223,513369,10.49
3466,德晉,2022-04,tpex,通信網路業,51139,18611,55247,174.77,-7.43,166770,357336,-53.32
3491,昇達科,2022-04,tpex,通信網路業,93286,180438,132684,-48.30,-29.69,534222,498765,7.10
3499,環天科,2022-04,tpex,通信網路業,41690,36383,39079,14.58,6.68,128385,135707,-5.39
3558,神準,2022-04,tpex,通信網路業,889301,1178937,707360,-24.56,25.72,3751451,2689130,39.50
3564,其陽,2022-04,tpex,通信網路業,236718,179273,113125,32.04,109.25,648994,436180,48.79
3632,研勤,2022-04,tpex,通信網路業,27539,22992,33919,19.77,-18.80,91143,142667,-36.11
3672,康聯訊,2022-04,tpex,通信網路業,70868,72400,60666,-2.11,16.81,262676,225871,16.29
3684,榮昌,2022-04,tpex,通信網路業,85647,79410,57621,7.85,48.63,329124,211582,55.55
4903,聯光通,2022-04,tpex,通信網路業,33104,44593,51813,-25.76,-36.10,184576,273870,-32.60
4908,前鼎,2022-04,tpex,通信網路業,68341,88029,64180,-22.36,6.48,319418,215743,48.05
4909,新復興,2022-04,tpex,通信網路業,37840,50488,74725,-25.05,-49.36,163139,271886,-39.99
4979,華星光,2022-04,tpex,通信網路業,93264,90219,94754,3.37,-1.57,296023,278360,6.34
5353,台林,2022-04,tpex,通信網路業,136604,139392,91458,-2.00,49.36,533920,368331,44.95
6109,亞元,2022-04,tpex,通信網路業,97757,128964,106940,-24.19,-8.58,411305,375635,9.49
6143,振曜,2022-04,tpex,通信網路業,356972,412425,449371,-13.44,-20.56,1581941,1835415,-13.81
6170,統振,2022-04,tpex,通信網路業,184014,259245,257382,-29.01,-28.50,958677,976971,-1.87
6190,萬泰科,2022-04,tpex,通信網路業,916262,850538,611405,7.72,49.86,3223345,2286846,40.95
6218,豪勉,2022-04,tpex,通信網路業,45664,74108,54824,-38.38,-16.70,303466,245026,23.85
6241,鑫永洋,2022-04,tpex,通信網路業,116277,118425,13487,-1.81,762.14,371541,45099,723.83
6245,立端,2022-04,tpex,通信網路業,589015,710516,533028,-17.10,10.50,2391722,2262217,5.72
6263,普萊德,2022-04,tpex,通信網路業,132837,131191,120896,1.25,9.87,494446,432326,14.36
6417,韋僑,2022-04,tpex,通信網路業,102484,91375,83740,12.15,22.38,365592,324513,12.65
6465,威潤,2022-04,tpex,通信網路業,20194,14418,15153,40.06,33.26,78289,55116,42.04
6470,宇智,2022-04,tpex,通信網路業,242301,195620,123228,23.86,96.62,697522,509279,36.96
6486,互動,2022-04,tpex,通信網路業,81278,110702,101815,-26.57,-20.17,423997,458733,-7.57
6530,創威,2022-04,tpex,通信網路業,22159,27005,22432,-17.94,-1.21,89096,84113,5.92
6546,正基,2022-04,tpex,通信網路業,321160,341963,267183,-6.08,20.20,1377300,849169,62.19
6561,是方,2022-04,tpex,通信網路業,245119,262674,229898,-6.68,6.62,994871,919589,8.18
6588,東典光電,2022-04,tpex,通信網路業,21832,23773,16947,-8.16,28.82,76652,65915,16.28
8034,榮群,2022-04,tpex,通信網路業,67525,13880,22605,386.49,198.71,125180,109749,14.06
8048,德勝,2022-04,tpex,通信網路業,76879,80452,72417,-4.44,6.16,298040,266206,11.95
8059,凱碩,2022-04,tpex,通信網路業,91805,99215,88680,-7.46,3.52,398906,380291,4.89
8089,康全電訊,2022-04,tpex,通信網路業,130706,152017,135307,-14.01,-3.40,605142,482377,25.45
8097,常珵,2022-04,tpex,通信網路業,242318,91900,34533,163.67,601.69,403143,82530,388.48
8176,智捷,2022-04,tpex,通信網路業,18088,18828,41441,-3.93,-56.35,60508,115824,-47.75
1336,台翰,2022-04,tpex,電子零組件業,200544,195442,187035,2.61,7.22,725882,564026,28.69
1815,富喬,2022-04,tpex,電子零組件業,503762,322005,440264,56.44,14.42,1615613,1647727,-1.94
3078,僑威,2022-04,tpex,電子零組件業,625277,537768,922199,16.27,-32.19,2289276,3645203,-37.19
3114,好德,2022-04,tpex,電子零組件業,426369,269114,294398,58.43,44.82,1181513,1119298,5.55
3115,富榮綱,2022-04,tpex,電子零組件業,0,16926,41028,-100.00,-100.00,57074,137217,-58.40
3191,雲嘉南,2022-04,tpex,電子零組件業,30411,21529,24864,41.25,22.30,86760,83771,3.56
3206,志豐,2022-04,tpex,電子零組件業,352474,348666,433191,1.09,-18.63,1341759,1363022,-1.55
3207,耀勝,2022-04,tpex,電子零組件業,111259,96426,81398,15.38,36.68,369511,277659,33.08
3217,優群,2022-04,tpex,電子零組件業,171672,276049,242997,-37.81,-29.35,908228,920251,-1.30
3236,千如,2022-04,tpex,電子零組件業,235016,275251,194996,-14.61,20.52,942924,749483,25.80
3276,宇環,2022-04,tpex,電子零組件業,167938,169588,115009,-0.97,46.02,629114,440512,42.81
3288,點晶,2022-04,tpex,電子零組件業,9111,10853,7893,-16.05,15.43,31288,36545,-14.38
3290,東浦,2022-04,tpex,電子零組件業,115250,95785,108531,20.32,6.19,400118,387885,3.15
3294,英濟,2022-04,tpex,電子零組件業,135422,515581,410942,-73.73,-67.04,1371353,1718901,-20.21
3310,佳穎,2022-04,tpex,電子零組件業,119318,142289,117775,-16.14,1.31,526117,428282,22.84
3322,建舜電,2022-04,tpex,電子零組件業,175592,271352,330292,-35.28,-46.83,943448,1231443,-23.38
3332,幸康,2022-04,tpex,電子零組件業,130126,113945,84027,14.20,54.86,457070,345788,32.18
3354,律勝,2022-04,tpex,電子零組件業,10640,22289,10606,-52.26,0.32,60721,63982,-5.09
3357,臺慶科,2022-04,tpex,電子零組件業,438281,540449,504144,-18.90,-13.06,1911949,1878258,1.79
3388,崇越電,2022-04,tpex,電子零組件業,723812,936774,730784,-22.73,-0.95,3101799,2941898,5.43
3390,旭軟,2022-04,tpex,電子零組件業,93054,81281,61778,14.48,50.62,316267,240010,31.77
3484,崧騰,2022-04,tpex,電子零組件業,506180,599709,549819,-15.59,-7.93,2188012,2187101,0.04
3485,敘豐,2022-04,tpex,電子零組件業,49711,44954,47718,10.58,4.17,172622,200594,-13.94
3492,長盛,2022-04,tpex,電子零組件業,69541,59189,73732,17.48,-5.68,231245,275740,-16.13
3511,矽瑪,2022-04,tpex,電子零組件業,317740,345932,269995,-8.14,17.68,1285009,523227,145.59
3520,華盈,2022-04,tpex,電子零組件業,61218,89165,52080,-31.34,17.54,303236,166769,81.82
3526,凡甲,2022-04,tpex,電子零組件業,108310,209962,250946,-48.41,-56.83,726706,783075,-7.19
3537,堡達,2022-04,tpex,電子零組件業,145376,304619,287089,-52.27,-49.36,1113673,1032629,7.84
3548,兆利,2022-04,tpex,電子零組件業,380019,669182,541648,-43.21,-29.84,2612368,2069774,26.21
3597,映興,2022-04,tpex,電子零組件業,63411,88223,89029,-28.12,-28.77,297394,333826,-10.91
3609,三一東林,2022-04,tpex,電子零組件業,79721,79422,53306,0.37,49.55,317184,167630,89.21
3624,光頡,2022-04,tpex,電子零組件業,260193,304176,252517,-14.45,3.03,1135334,882061,28.71
3631,晟楠,2022-04,tpex,電子零組件業,21281,13606,17519,56.40,21.47,57472,54709,5.05
3646,艾恩特,2022-04,tpex,電子零組件業,76207,65004,74823,17.23,1.84,257614,251470,2.44
3689,湧德,2022-04,tpex,電子零組件業,573500,632861,535176,-9.37,7.16,2225033,1893143,17.53
3710,連展投控,2022-04,tpex,電子零組件業,534934,610014,614460,-12.30,-12.94,2212355,2465570,-10.27
4542,科嶠,2022-04,tpex,電子零組件業,61678,67132,45947,-8.12,34.23,188695,136551,38.18
4939,亞電,2022-04,tpex,電子零組件業,132936,164674,155391,-19.27,-14.45,565434,603368,-6.28
4974,亞泰,2022-04,tpex,電子零組件業,294599,485992,337493,-39.38,-12.70,1307028,1357706,-3.73
5228,鈺鎧,2022-04,tpex,電子零組件業,57696,74337,62079,-22.38,-7.06,247435,237718,4.08
5291,邑昇,2022-04,tpex,電子零組件業,146954,136387,130289,7.74,12.79,538101,458287,17.41
5309,系統電,2022-04,tpex,電子零組件業,268563,310139,176206,-13.40,52.41,1028802,666566,54.34
5328,華容,2022-04,tpex,電子零組件業,79755,91490,96169,-12.82,-17.06,336483,352695,-4.59
5340,建榮,2022-04,tpex,電子零組件業,131333,118451,125281,10.87,4.83,469401,496176,-5.39
5355,佳總,2022-04,tpex,電子零組件業,55409,42729,52276,29.67,5.99,180197,216084,-16.60
5439,高技,2022-04,tpex,電子零組件業,251033,274505,275678,-8.55,-8.93,1073005,1056417,1.57
5457,宣德,2022-04,tpex,電子零組件業,1604609,1665286,1203109,-3.64,33.37,5874947,4724474,24.35
5460,同協,2022-04,tpex,電子零組件業,21219,38704,42106,-45.17,-49.60,132421,173950,-23.87
5464,霖宏,2022-04,tpex,電子零組件業,114750,100384,134044,14.31,-14.39,379909,520042,-26.94
5475,德宏,2022-04,tpex,電子零組件業,35224,61356,173894,-42.59,-79.74,233565,589656,-60.38
5488,松普,2022-04,tpex,電子零組件業,107014,88807,101602,20.50,5.32,326941,353919,-7.62
5498,凱崴,2022-04,tpex,電子零組件業,93671,131848,130936,-28.95,-28.46,477005,491780,-3.00
6114,久威,2022-04,tpex,電子零組件業,111761,183567,179140,-39.11,-37.61,614731,705196,-12.82
6124,業強,2022-04,tpex,電子零組件業,159866,256086,258821,-37.57,-38.23,798381,876749,-8.93
6126,信音,2022-04,tpex,電子零組件業,295145,369965,346867,-20.22,-14.91,1296297,1389510,-6.70
6127,九豪,2022-04,tpex,電子零組件業,66130,93667,83911,-29.39,-21.19,319293,325037,-1.76
6134,萬旭,2022-04,tpex,電子零組件業,81898,128526,151561,-36.27,-45.96,434536,637850,-31.87
6156,松上,2022-04,tpex,電子零組件業,388981,328120,400389,18.54,-2.84,1379398,1383368,-0.28
6158,禾昌,2022-04,tpex,電子零組件業,193503,210291,200322,-7.98,-3.40,752273,747144,0.68
6173,信昌電,2022-04,tpex,電子零組件業,429717,449126,528309,-4.32,-18.66,1705165,1983958,-14.05
6174,安碁,2022-04,tpex,電子零組件業,60580,80564,46475,-24.80,30.34,246443,163531,50.70
6175,立敦,2022-04,tpex,電子零組件業,352391,374820,331156,-5.98,6.41,1460851,1285734,13.62
6185,幃翔,2022-04,tpex,電子零組件業,37036,48416,48905,-23.50,-24.26,175545,169145,3.78
6194,育富,2022-04,tpex,電子零組件業,129042,91924,141889,40.37,-9.05,413424,478126,-13.53
6203,海韻電,2022-04,tpex,電子零組件業,228206,190817,432640,19.59,-47.25,866730,1751845,-50.52
6204,艾華,2022-04,tpex,電子零組件業,40867,29977,54641,36.32,-25.20,148086,167377,-11.52
6207,雷科,2022-04,tpex,電子零組件業,67839,108640,124652,-37.55,-45.57,392394,470473,-16.59
6210,慶生,2022-04,tpex,電子零組件業,66196,68321,49920,-3.11,32.60,234826,210881,11.35
6217,中探針,2022-04,tpex,電子零組件業,245467,284717,200399,-13.78,22.48,1069399,876464,22.01
6220,岳豐,2022-04,tpex,電子零組件業,984358,1087181,988506,-9.45,-0.41,3872330,3646913,6.18
6259,百徽,2022-04,tpex,電子零組件業,61080,58823,18979,3.83,221.82,200901,72720,176.26
6266,泰詠,2022-04,tpex,電子零組件業,199990,265621,202732,-24.70,-1.35,896256,767317,16.80
6274,台燿,2022-04,tpex,電子零組件業,1641441,1736445,1770181,-5.47,-7.27,6665264,6463575,3.12
6275,元山,2022-04,tpex,電子零組件業,333553,344111,349956,-3.06,-4.68,1275789,1302772,-2.07
6279,胡連,2022-04,tpex,電子零組件業,452472,450564,400481,0.42,12.98,1782449,1557146,14.46
6284,佳邦,2022-04,tpex,電子零組件業,514904,577838,577335,-10.89,-10.81,2060816,2100646,-1.89
6290,良維,2022-04,tpex,電子零組件業,683327,679150,722821,0.61,-5.46,2521921,2514806,0.28
6292,迅德,2022-04,tpex,電子零組件業,118634,144504,89751,-17.90,32.18,474508,379491,25.03
6418,詠昇,2022-04,tpex,電子零組件業,92763,76960,81094,20.53,14.38,285082,231335,23.23
6432,今展科,2022-04,tpex,電子零組件業,108938,116991,138012,-6.88,-21.06,467116,443874,5.23
6538,倉和,2022-04,tpex,電子零組件業,138915,128161,105104,8.39,32.16,491103,466143,5.35
6584,南俊國際,2022-04,tpex,電子零組件業,178810,192693,130567,-7.20,36.94,703166,521353,34.87
6597,立誠,2022-04,tpex,電子零組件業,50177,31049,43457,61.60,15.46,135956,166097,-18.14
6642,富致,2022-04,tpex,電子零組件業,42017,50776,45886,-17.25,-8.43,189196,182651,3.58
6664,群翊,2022-04,tpex,電子零組件業,223157,200226,152168,11.45,46.65,729612,586217,24.46
6727,亞泰金屬,2022-04,tpex,電子零組件業,101030,102587,53270,-1.51,89.65,448765,262707,70.82
6761,穩得,2022-04,tpex,電子零組件業,167432,164904,169775,1.53,-1.38,645248,608525,6.03
6821,聯寶,2022-04,tpex,電子零組件業,50122,45826,42061,9.37,19.16,191313,165232,15.78
8038,長園科,2022-04,tpex,電子零組件業,1932,10476,3111,-81.55,-37.89,18928,15198,24.54
8042,金山電,2022-04,tpex,電子零組件業,327050,323004,333969,1.25,-2.07,1365826,1313775,3.96
8043,蜜望實,2022-04,tpex,電子零組件業,336874,566365,457175,-40.51,-26.31,2103423,1666278,26.23
8071,能率網通,2022-04,tpex,電子零組件業,243283,219524,322936,10.82,-24.66,883013,1257527,-29.78
8074,鉅橡,2022-04,tpex,電子零組件業,99412,136957,118229,-27.41,-15.91,450066,459400,-2.03
8093,保銳,2022-04,tpex,電子零組件業,24298,26293,48391,-7.58,-49.78,92687,203920,-54.54
8109,博大,2022-04,tpex,電子零組件業,129234,144793,123371,-10.74,4.75,496237,447749,10.82
8121,越峰,2022-04,tpex,電子零組件業,230753,299559,262727,-22.96,-12.17,963256,943366,2.10
8147,正淩,2022-04,tpex,電子零組件業,125833,104967,94057,19.87,33.78,394971,293092,34.76
8155,博智,2022-04,tpex,電子零組件業,307651,304397,224402,1.06,37.09,1244345,872887,42.55
8182,加高,2022-04,tpex,電子零組件業,248616,255000,297239,-2.50,-16.35,1026264,1107838,-7.36
8289,泰藝,2022-04,tpex,電子零組件業,213898,229541,187074,-6.81,14.33,802374,627077,27.95
8291,尚茂,2022-04,tpex,電子零組件業,9651,12320,18770,-21.66,-48.58,48535,74169,-34.56
8358,金居,2022-04,tpex,電子零組件業,660750,660404,722135,0.05,-8.50,2760557,2554725,8.05
3224,三顧,2022-04,tpex,電子通路業,175348,231649,128644,-24.30,36.30,754909,532430,41.78
3232,昱捷,2022-04,tpex,電子通路業,111656,124964,90075,-10.64,23.95,439998,250295,75.79
3360,尚立,2022-04,tpex,電子通路業,815170,1166469,909418,-30.11,-10.36,3997510,3643411,9.71
3444,利機,2022-04,tpex,電子通路業,117261,114460,103884,2.44,12.87,412323,392806,4.96
6113,亞矽,2022-04,tpex,電子通路業,281344,227059,159760,23.90,76.10,914603,701640,30.35
6118,建達,2022-04,tpex,電子通路業,656935,793906,629383,-17.25,4.37,2980561,2710030,9.98
6154,順發,2022-04,tpex,電子通路業,380053,376714,340644,0.88,11.56,1574494,1374250,14.57
6227,茂綸,2022-04,tpex,電子通路業,1098536,1082807,1280838,1.45,-14.23,4695654,4791113,-1.99
6265,方土昶,2022-04,tpex,電子通路業,90652,139054,105817,-34.80,-14.33,465948,428504,8.73
6270,倍微,2022-04,tpex,電子通路業,385152,515607,367033,-25.30,4.93,1599211,1343799,19.00
6474,華豫寧,2022-04,tpex,電子通路業,320371,270864,363322,18.27,-11.82,1158855,1465391,-20.91
8032,光菱,2022-04,tpex,電子通路業,236426,376735,312569,-37.24,-24.36,1222004,1196598,2.12
8067,志旭,2022-04,tpex,電子通路業,10554,27080,16032,-61.02,-34.16,63171,78758,-19.79
8068,全達,2022-04,tpex,電子通路業,78931,137445,17533,-42.57,350.18,406047,167205,142.84
8084,巨虹,2022-04,tpex,電子通路業,71602,89343,65615,-19.85,9.12,321083,271395,18.30
8096,擎亞,2022-04,tpex,電子通路業,2408093,3214948,2503965,-25.09,-3.82,10590416,9412673,12.51
3147,大綜,2022-04,tpex,資訊服務業,315162,287622,384650,9.57,-18.06,1097520,1299949,-15.57
3158,嘉實,2022-04,tpex,資訊服務業,62933,61713,61445,1.97,2.42,253560,231880,9.34
3570,大塚,2022-04,tpex,資訊服務業,122388,153673,117455,-20.35,4.19,455029,420954,8.09
4953,緯致,2022-04,tpex,資訊服務業,647275,654271,484436,-1.06,33.61,2475782,1853400,33.58
5201,凱衛,2022-04,tpex,資訊服務業,16530,25308,14314,-34.68,15.48,67361,67336,0.03
5202,力新,2022-04,tpex,資訊服務業,17496,19599,14279,-10.73,22.52,65689,56409,16.45
5210,寶碩,2022-04,tpex,資訊服務業,20554,32082,15828,-35.93,29.85,95277,61892,53.94
5211,蒙恬,2022-04,tpex,資訊服務業,11889,14343,11096,-17.10,7.14,45581,42520,7.19
5212,凌網,2022-04,tpex,資訊服務業,52226,70152,68538,-25.55,-23.79,216693,275136,-21.24
5310,天剛,2022-04,tpex,資訊服務業,1019,4579,557,-77.74,82.94,8285,3571,132.00
5403,中菲,2022-04,tpex,資訊服務業,326159,372546,294633,-12.45,10.70,1280022,1159851,10.36
5410,國眾,2022-04,tpex,資訊服務業,216286,225156,221614,-3.93,-2.40,940917,1099041,-14.38
6123,上奇,2022-04,tpex,資訊服務業,416249,373920,505532,11.32,-17.66,1580177,2001509,-21.05
6140,訊達電腦,2022-04,tpex,資訊服務業,123636,139683,182467,-11.48,-32.24,564531,682524,-17.28
6148,驊宏資,2022-04,tpex,資訊服務業,39952,35253,25368,13.32,57.48,140336,197646,-28.99
6163,華電網,2022-04,tpex,資訊服務業,220115,541138,518347,-59.32,-57.53,1278991,1484427,-13.83
6221,晉泰,2022-04,tpex,資訊服務業,360733,364327,222397,-0.98,62.20,1379162,1406282,-1.92
6231,系微,2022-04,tpex,資訊服務業,103722,132142,103341,-21.50,0.36,460711,371637,23.96
6240,松崗,2022-04,tpex,資訊服務業,1057,1061,1099,-0.37,-3.82,4257,4425,-3.79
6516,勤崴國際,2022-04,tpex,資訊服務業,39784,26219,22875,51.73,73.91,148904,116119,28.23
6590,普鴻,2022-04,tpex,資訊服務業,36640,42483,35846,-13.75,2.21,152535,137112,11.24
6593,台灣銘板,2022-04,tpex,資訊服務業,47926,51092,47195,-6.19,1.54,198661,207503,-4.26
6697,東捷資訊,2022-04,tpex,資訊服務業,83247,91775,65077,-9.29,27.92,520969,563179,-7.49
6751,智聯服務,2022-04,tpex,資訊服務業,131825,130779,94251,0.79,39.86,446254,404205,10.40
6752,叡揚,2022-04,tpex,資訊服務業,99403,107685,90857,-7.69,9.40,394147,327876,20.21
6791,虎門科技,2022-04,tpex,資訊服務業,41505,37636,28580,10.28,45.22,152740,114402,33.51
6874,倍力,2022-04,tpex,資訊服務業,56036,342252,44048,-83.62,27.21,610546,365922,66.85
6884,海柏特,2022-04,tpex,資訊服務業,45303,64279,45139,-29.52,0.36,208708,180162,15.84
8099,大世科,2022-04,tpex,資訊服務業,317881,472812,363660,-32.76,-12.58,1435845,1346706,6.61
8284,三竹,2022-04,tpex,資訊服務業,194526,212520,171745,-8.46,13.26,780522,657896,18.63
8416,實威,2022-04,tpex,資訊服務業,104653,141644,104078,-26.11,0.55,425419,378946,12.26
1785,光洋科,2022-04,tpex,其他電子業,1704757,3144578,2510354,-45.78,-32.09,9340002,9877497,-5.44
3093,港建*,2022-04,tpex,其他電子業,318627,230969,162214,37.95,96.42,911649,565410,61.23
3219,倚強科,2022-04,tpex,其他電子業,82325,68535,162096,20.12,-49.21,381859,175659,117.38
3285,微端,2022-04,tpex,其他電子業,76208,49070,88858,55.30,-14.23,233882,259649,-9.92
3289,宜特,2022-04,tpex,其他電子業,284771,304443,267197,-6.46,6.57,1159542,1016339,14.09
3303,岱稜,2022-04,tpex,其他電子業,223334,269812,211328,-17.22,5.68,977859,850079,15.03
3324,雙鴻,2022-04,tpex,其他電子業,962736,1333063,1026807,-27.78,-6.23,4746478,4457277,6.48
3373,熱映,2022-04,tpex,其他電子業,3988,50426,100512,-92.09,-96.03,150984,482081,-68.68
3402,漢科,2022-04,tpex,其他電子業,375903,361485,293346,3.98,28.14,1399862,1005888,39.16
3465,進泰電子,2022-04,tpex,其他電子業,118001,161104,217623,-26.75,-45.77,538404,818155,-34.19
3498,陽程,2022-04,tpex,其他電子業,61094,43088,208296,41.78,-70.66,346637,614403,-43.58
3508,位速,2022-04,tpex,其他電子業,107159,137136,96536,-21.85,11.00,437012,356182,22.69
3541,西柏,2022-04,tpex,其他電子業,176148,193777,129193,-9.09,36.34,670652,498755,34.46
3552,同致,2022-04,tpex,其他電子業,631624,790396,654369,-20.08,-3.47,2968364,2806953,5.75
3580,友威科,2022-04,tpex,其他電子業,45569,57241,54488,-20.39,-16.36,191331,209965,-8.87
3587,閎康,2022-04,tpex,其他電子業,290794,330034,257165,-11.88,13.07,1184832,988625,19.84
3628,盈正,2022-04,tpex,其他電子業,164635,209051,234800,-21.24,-29.88,826543,865424,-4.49
3663,鑫科,2022-04,tpex,其他電子業,212542,238169,235269,-10.76,-9.66,875292,998265,-12.31
4554,橙的,2022-04,tpex,其他電子業,37779,44659,34540,-15.40,9.37,152913,121138,26.23
4577,達航科技,2022-04,tpex,其他電子業,163947,170420,81010,-3.79,102.37,574911,395434,45.38
4760,勤凱科技,2022-04,tpex,其他電子業,103193,102422,154568,0.75,-33.23,386464,576007,-32.90
5452,佶優,2022-04,tpex,其他電子業,612456,694593,580235,-11.82,5.55,2532607,2272138,11.46
5489,彩富,2022-04,tpex,其他電子業,142239,151347,141351,-6.01,0.62,644967,443488,45.43
5493,三聯,2022-04,tpex,其他電子業,290097,329556,246711,-11.97,17.58,1167401,950454,22.82
5536,聖暉*,2022-04,tpex,其他電子業,1868542,2414052,1934219,-22.59,-3.39,7223739,5509800,31.10
6146,耕興,2022-04,tpex,其他電子業,415268,410386,345315,1.18,20.25,1650618,1354573,21.85
6151,晉倫,2022-04,tpex,其他電子業,146618,177024,258494,-17.17,-43.27,618019,889842,-30.54
6512,啟發電,2022-04,tpex,其他電子業,32780,25888,13033,26.62,151.51,117238,61768,89.80
6613,朋億*,2022-04,tpex,其他電子業,488289,813584,488100,-39.98,0.03,2166623,1273929,70.07
6654,天正國際,2022-04,tpex,其他電子業,55284,40594,92741,36.18,-40.38,197486,279817,-29.42
6667,信紘科,2022-04,tpex,其他電子業,159249,195020,108216,-18.34,47.15,695819,486307,43.08
6725,矽科宏晟,2022-04,tpex,其他電子業,40171,97197,72377,-58.67,-44.49,304247,282773,7.59
6735,美達科技,2022-04,tpex,其他電子業,55015,60627,50512,-9.25,8.91,179447,160749,11.63
6739,竹陞科技,2022-04,tpex,其他電子業,6135,10553,17909,-41.86,-65.74,32275,74422,-56.63
6840,東研信超,2022-04,tpex,其他電子業,74183,71326,66054,4.00,12.30,283277,253038,11.95
6855,數泓科,2022-04,tpex,其他電子業,31253,38901,29469,-19.66,6.05,122093,109722,11.27
6877,鏵友益,2022-04,tpex,其他電子業,36104,60775,14888,-40.59,142.50,114739,73778,55.51
8047,星雲,2022-04,tpex,其他電子業,46425,54224,47635,-14.38,-2.54,210534,166394,26.52
8085,福華,2022-04,tpex,其他電子業,54348,83308,84794,-34.76,-35.90,269893,317916,-15.10
8092,建暐,2022-04,tpex,其他電子業,28532,25660,28085,11.19,1.59,131653,89260,47.49
8183,精星,2022-04,tpex,其他電子業,404088,625060,341512,-35.35,18.32,2000584,1451274,37.85
8431,匯鑽科,2022-04,tpex,其他電子業,107778,91048,90067,18.37,19.66,410658,427650,-3.97
8908,欣雄,2022-04,tpex,油電燃氣業,630477,668182,530753,-5.64,18.78,2351736,2036497,15.47
8917,欣泰,2022-04,tpex,油電燃氣業,243450,247549,214211,-1.65,13.64,921429,819827,12.39
8927,北基,2022-04,tpex,油電燃氣業,557019,584817,454316,-4.75,22.60,2160967,1736596,24.43
8931,大汽電,2022-04,tpex,油電燃氣業,170576,176673,136145,-3.45,25.28,628395,539104,16.56
2596,綠意,2022-04,tpex,建材營造,5268,19,15482,27626.31,-65.97,270495,17941,1407.69
2718,全心投控,2022-04,tpex,建材營造,9934,4709,5167,110.95,92.25,31984,18217,75.57
3188,鑫龍騰,2022-04,tpex,建材營造,15853,16263,191949,-2.52,-91.74,66004,712377,-90.73
3313,斐成,2022-04,tpex,建材營造,584,664,4054,-12.04,-85.59,2361,5500,-57.07
3489,森寶,2022-04,tpex,建材營造,52249,83598,240047,-37.49,-78.23,306093,1092073,-71.97
3512,皇龍,2022-04,tpex,建材營造,174680,237448,119634,-26.43,46.01,863752,778046,11.01
3521,台鋼建設,2022-04,tpex,建材營造,18026,16363,23366,10.16,-22.85,80143,131639,-39.11
4113,聯上,2022-04,tpex,建材營造,75,21276,26009,-99.64,-99.71,85742,136180,-37.03
4416,三圓,2022-04,tpex,建材營造,7856,7899,7949,-0.54,-1.16,31297,31694,-1.25
4907,富宇,2022-04,tpex,建材營造,26667,159723,17328,-83.30,53.89,194871,381525,-48.92
5206,坤悅,2022-04,tpex,建材營造,1492,0,13446,,-88.90,1492,193784,-99.23
5213,亞昕,2022-04,tpex,建材營造,1624904,18897,107615,8498.74,1409.92,1681378,2331165,-27.87
5324,士開,2022-04,tpex,建材營造,31183,27373,35697,13.91,-12.64,135123,150675,-10.32
5455,昇益,2022-04,tpex,建材營造,38164,11346,171,236.36,22218.12,464596,686,67625.36
5508,永信建,2022-04,tpex,建材營造,180955,601435,558305,-69.91,-67.58,1327021,1455216,-8.80
5511,德昌,2022-04,tpex,建材營造,548822,638314,429391,-14.02,27.81,2480133,1538878,61.16
5512,力麒,2022-04,tpex,建材營造,379140,503741,372847,-24.73,1.68,1793856,1809004,-0.83
5514,三豐,2022-04,tpex,建材營造,545,501,480,8.78,13.54,1985,1951,1.74
5516,雙喜,2022-04,tpex,建材營造,180977,186351,126343,-2.88,43.24,555631,459208,20.99
5520,力泰,2022-04,tpex,建材營造,287127,323594,223333,-11.26,28.56,1108872,832887,33.13
5523,豐謙,2022-04,tpex,建材營造,11001,26924,575950,-59.14,-98.08,55222,1091718,-94.94
5529,鉅陞,2022-04,tpex,建材營造,5940,5507,6962,7.86,-14.67,22832,31730,-28.04
5547,久舜,2022-04,tpex,建材營造,228878,163629,138148,39.87,65.67,583316,453117,28.73
6171,大城地產,2022-04,tpex,建材營造,154,5690,37947,-97.29,-99.59,331306,1073289,-69.13
6186,新潤,2022-04,tpex,建材營造,1269,0,736807,,-99.82,2775,2687402,-99.89
6198,瑞築,2022-04,tpex,建材營造,1502,581,94,158.51,1497.87,2584,9845,-73.75
6212,理銘,2022-04,tpex,建材營造,237,13146,237,-98.19,0.00,867323,539625,60.72
6219,富旺,2022-04,tpex,建材營造,92744,5300,87076,1649.88,6.50,144196,372818,-61.32
6264,富裔,2022-04,tpex,建材營造,21862,17625,42683,24.03,-48.78,106306,296020,-64.08
8080,泰霖,2022-04,tpex,建材營造,50335,29903,15838,68.32,217.81,118110,68420,72.62
8424,惠普,2022-04,tpex,建材營造,94197,106821,78870,-11.81,19.43,343197,291329,17.80
2641,正德,2022-04,tpex,航運業,121980,133315,76943,-8.50,58.53,493432,270945,82.11
2643,捷迅,2022-04,tpex,航運業,492452,417489,355456,17.95,38.54,1774175,1421522,24.80
5601,台聯櫃,2022-04,tpex,航運業,7308,6939,6260,5.31,16.74,28438,24676,15.24
5603,陸海,2022-04,tpex,航運業,152639,213258,150041,-28.42,1.73,689500,573947,20.13
5609,中菲行,2022-04,tpex,航運業,4008188,4228962,2618891,-5.22,53.04,15468058,9513213,62.59
1259,安心,2022-04,tpex,觀光餐旅,457469,474960,433647,-3.68,5.49,1796159,1718811,4.50
1268,漢來美食,2022-04,tpex,觀光餐旅,203488,312061,287397,-34.79,-29.19,1240121,1314376,-5.64
2719,燦星旅,2022-04,tpex,觀光餐旅,4559,1830,4352,149.12,4.75,10296,12899,-20.17
2729,瓦城,2022-04,tpex,觀光餐旅,282172,361251,403688,-21.89,-30.10,1487869,1669560,-10.88
2732,六角,2022-04,tpex,觀光餐旅,319598,345853,349473,-7.59,-8.54,1305196,1440745,-9.40
2734,易飛網,2022-04,tpex,觀光餐旅,35588,16234,27989,119.21,27.14,74632,88581,-15.74
2736,富野,2022-04,tpex,觀光餐旅,36928,49104,50529,-24.79,-26.91,212006,235881,-10.12
2740,華軒,2022-04,tpex,觀光餐旅,4959,7246,13367,-31.56,-62.90,30599,53180,-42.46
2743,山富,2022-04,tpex,觀光餐旅,18988,18215,36158,4.24,-47.48,84187,94609,-11.01
2745,五福,2022-04,tpex,觀光餐旅,13540,9366,21114,44.56,-35.87,41391,60335,-31.39
2751,王座,2022-04,tpex,觀光餐旅,58962,75488,76159,-21.89,-22.58,267071,304701,-12.34
2752,豆府,2022-04,tpex,觀光餐旅,151584,187855,172892,-19.30,-12.32,717439,684152,4.86
2754,亞洲藏壽司,2022-04,tpex,觀光餐旅,280744,311905,244908,-9.99,14.63,1195589,1036948,15.29
2755,揚秦,2022-04,tpex,觀光餐旅,151021,156523,136274,-3.51,10.82,582077,514412,13.15
2756,聯發國際,2022-04,tpex,觀光餐旅,75247,61192,65649,22.96,14.62,243423,233583,4.21
3252,海灣,2022-04,tpex,觀光餐旅,53496,43340,39395,23.43,35.79,211870,139838,51.51
3522,御嵿,2022-04,tpex,觀光餐旅,35646,69555,68176,-48.75,-47.71,236026,353050,-33.14
4419,皇家美食,2022-04,tpex,觀光餐旅,10816,22608,103,-52.15,10400.97,92956,3278,2735.75
4530,天意能創,2022-04,tpex,觀光餐旅,17080,14932,17268,14.38,-1.08,59297,58890,0.69
5301,寶得利,2022-04,tpex,觀光餐旅,2375,4316,6996,-44.97,-66.05,18211,30350,-39.99
5364,力麗店,2022-04,tpex,觀光餐旅,27433,30086,34059,-8.81,-19.45,129865,147795,-12.13
5701,劍湖山,2022-04,tpex,觀光餐旅,24027,50017,41712,-51.96,-42.39,139642,138121,1.10
5703,亞都麗緻,2022-04,tpex,觀光餐旅,12297,17850,20520,-31.10,-40.07,81485,103071,-20.94
5704,老爺知,2022-04,tpex,觀光餐旅,33404,39209,35845,-14.80,-6.80,169713,165000,2.85
5905,南仁湖,2022-04,tpex,觀光餐旅,64655,90350,89685,-28.43,-27.90,324575,342173,-5.14
8077,洛碁,2022-04,tpex,觀光餐旅,42302,39438,36585,7.26,15.62,170431,136562,24.80
5864,致和證,2022-04,tpex,金融業,-132957,107884,496631,-223.24,-126.77,4681,709112,-99.33
5878,台名,2022-04,tpex,金融業,84913,75036,82922,13.16,2.40,266457,284695,-6.40
6015,宏遠證,2022-04,tpex,金融業,63008,94367,569812,-33.23,-88.94,209367,1166858,-82.05
6016,康和證,2022-04,tpex,金融業,87455,235603,463640,-62.88,-81.13,510338,1566759,-67.42
6020,大展證,2022-04,tpex,金融業,-77186,-16578,157335,-365.59,-149.05,-185332,547774,-133.83
6021,美好證,2022-04,tpex,金融業,114614,83412,113969,37.40,0.56,329037,362757,-9.29
6023,元大期貨,2022-04,tpex,金融業,299264,389873,284501,-23.24,5.18,1262298,1315622,-4.05
6026,福邦證,2022-04,tpex,金融業,-158114,49919,210165,-416.74,-175.23,124808,740501,-83.14
6028,公勝保經,2022-04,tpex,金融業,229931,233883,223521,-1.68,2.86,806091,773683,4.18
1584,精剛,2022-04,tpex,其他,132880,132092,74531,0.59,78.28,465466,253215,83.82
2221,大甲,2022-04,tpex,其他,141885,135318,124096,4.85,14.33,567729,382030,48.60
3284,太普高,2022-04,tpex,其他,60028,55077,56220,8.98,6.77,198353,188478,5.23
4430,耀億,2022-04,tpex,其他,192673,233777,223050,-17.58,-13.61,830507,832972,-0.29
4529,淳紳,2022-04,tpex,其他,180,146,108,23.28,66.66,863,654,31.95
4541,晟田,2022-04,tpex,其他,110491,123413,75938,-10.47,45.50,414536,290672,42.61
4556,旭然,2022-04,tpex,其他,46065,61157,50408,-24.67,-8.61,197042,164714,19.62
5209,新鼎,2022-04,tpex,其他,219044,228793,368984,-4.26,-40.63,905860,1277094,-29.06
5314,世紀*,2022-04,tpex,其他,1799,1129,1677,59.34,7.27,3073,9116,-66.29
5345,馥鴻,2022-04,tpex,其他,1048,1039,806,0.86,30.02,3114,5921,-47.40
5398,慕康生醫,2022-04,tpex,其他,24832,19540,33315,27.08,-25.46,82068,123153,-33.36
5450,南良,2022-04,tpex,其他,275230,331985,265227,-17.09,3.77,1096175,1019179,7.55
5481,新華,2022-04,tpex,其他,6992,7719,7701,-9.41,-9.20,29520,33577,-12.08
5530,龍巖,2022-04,tpex,其他,310316,399427,270278,-22.30,14.81,1388449,1270658,9.27
5604,中連,2022-04,tpex,其他,13401,13351,11768,0.37,13.87,53719,46705,15.01
6179,亞通,2022-04,tpex,其他,193717,217291,181204,-10.84,6.90,796790,912568,-12.68
6199,天品,2022-04,tpex,其他,6489,8194,5852,-20.80,10.88,29536,20982,40.76
6721,信實,2022-04,tpex,其他,219572,219037,181089,0.24,21.25,815909,706142,15.54
6881,潤德,2022-04,tpex,其他,64102,65586,97923,-2.26,-34.53,220828,350099,-36.92
8342,益張,2022-04,tpex,其他,166996,198645,107006,-15.93,56.06,664376,477294,39.19
8354,冠好,2022-04,tpex,其他,63688,68692,66576,-7.28,-4.33,235640,261027,-9.72
8401,白紗科,2022-04,tpex,其他,112131,122216,115493,-8.25,-2.91,438791,427118,2.73
8421,旭源,2022-04,tpex,其他,98124,114880,98350,-14.58,-0.22,423005,394437,7.24
8435,鉅邁,2022-04,tpex,其他,59491,69148,62157,-13.96,-4.28,249994,243632,2.61
8489,三貝德,2022-04,tpex,其他,101831,105441,108871,-3.42,-6.46,425833,455300,-6.47
8905,裕國,2022-04,tpex,其他,173705,165040,194349,5.25,-10.62,649274,939283,-30.87
8906,花王,2022-04,tpex,其他,14998,17633,14584,-14.94,2.83,71965,58189,23.67
8916,光隆,2022-04,tpex,其他,830677,878859,697036,-5.48,19.17,2940618,2387356,23.17
8921,沈氏,2022-04,tpex,其他,49675,50657,40655,-1.93,22.18,189392,168009,12.72
8929,富堡,2022-04,tpex,其他,55957,61346,65083,-8.78,-14.02,250415,321761,-22.17
8935,邦泰,2022-04,tpex,其他,108532,84005,104413,29.19,3.94,342423,372248,-8.01
8936,國統,2022-04,tpex,其他,401799,332244,338098,20.93,18.84,1367860,1377956,-0.73
8937,合騏*,2022-04,tpex,其他,22097,17907,8576,23.39,157.66,74420,28428,161.78
8942,森鉅,2022-04,tpex,其他,505375,537061,448411,-5.89,12.70,1949632,1553285,25.51
2926,誠品生活,2022-04,tpex,文化創意業,372473,405746,408922,-8.20,-8.91,1624143,1567232,3.63
3064,泰偉,2022-04,tpex,文化創意業,6635,6167,24984,7.58,-73.44,30969,123556,-74.93
3083,網龍,2022-04,tpex,文化創意業,32118,28013,23716,14.65,35.42,119819,109655,9.26
3086,華義*,2022-04,tpex,文化創意業,11642,13597,21205,-14.37,-45.09,59936,86907,-31.03
3293,鈊象,2022-04,tpex,文化創意業,977253,1012663,922588,-3.49,5.92,3896045,3676142,5.98
3546,宇峻,2022-04,tpex,文化創意業,136483,120817,108722,12.96,25.53,544888,523050,4.17
3629,地心引力,2022-04,tpex,文化創意業,6184,15731,24974,-60.68,-75.23,49381,134926,-63.40
4806,桂田文創,2022-04,tpex,文化創意業,0,0,0,,,0,11,-100.00
4946,辣椒,2022-04,tpex,文化創意業,43462,15736,2799,176.19,1452.76,70000,12540,458.21
5263,智崴,2022-04,tpex,文化創意業,54695,60125,62491,-9.03,-12.47,211367,255619,-17.31
5478,智冠,2022-04,tpex,文化創意業,469689,456184,562202,2.96,-16.45,1964315,2299650,-14.58
6101,寬魚國際,2022-04,tpex,文化創意業,1620,1258,200,28.77,710.00,43789,14392,204.25
6111,光聚晶電,2022-04,tpex,文化創意業,203074,99441,48735,104.21,316.69,607520,166178,265.58
6144,得利影,2022-04,tpex,文化創意業,17558,18921,19989,-7.20,-12.16,78656,81526,-3.52
6169,昱泉,2022-04,tpex,文化創意業,97,115,746,-15.65,-86.99,440,5742,-92.33
6180,橘子,2022-04,tpex,文化創意業,798704,957658,751536,-16.59,6.27,4204398,3862185,8.86
6294,智基,2022-04,tpex,文化創意業,90806,84761,91517,7.13,-0.77,318247,325097,-2.10
6482,弘煜科,2022-04,tpex,文化創意業,32705,25530,20624,28.10,58.57,122595,94923,29.15
6542,隆中,2022-04,tpex,文化創意業,64222,68034,52581,-5.60,22.13,264547,235735,12.22
6596,寬宏藝術,2022-04,tpex,文化創意業,18248,116162,54941,-84.29,-66.78,428712,162054,164.54
6856,鑫傳,2022-04,tpex,文化創意業,31190,33216,29267,-6.09,6.57,129308,118866,8.78
7584,樂意,2022-04,tpex,文化創意業,58148,47542,57886,22.30,0.45,225070,184615,21.91
8446,華研,2022-04,tpex,文化創意業,63628,90736,61797,-29.87,2.96,284378,302462,-5.97
8450,霹靂,2022-04,tpex,文化創意業,32090,29244,37892,9.73,-15.31,137036,145249,-5.65
8923,時報,2022-04,tpex,文化創意業,32265,39434,34020,-18.17,-5.15,146149,142948,2.23
9949,琉園,2022-04,tpex,文化創意業,11549,13528,13276,-14.62,-13.00,59899,62521,-4.19
1240,茂生農經,2022-04,tpex,農業科技,290585,274367,249389,5.91,16.51,1052157,894816,17.58
4171,瑞基,2022-04,tpex,農業科技,87653,74786,62985,17.20,39.16,323334,295535,9.40
6508,惠光,2022-04,tpex,農業科技,238014,272989,190488,-12.81,24.94,870768,716004,21.61
6578,達邦蛋白,2022-04,tpex,農業科技,54343,53986,34426,0.66,57.85,169723,163166,4.01
3073,天方能源,2022-04,tpex,綠能環保,1512,1922,1558,-21.33,-2.95,11928,9881,20.71
3551,世禾,2022-04,tpex,綠能環保,201463,192612,172872,4.59,16.53,777170,703854,10.41
3713,新晶投控,2022-04,tpex,綠能環保,62920,102616,38625,-38.68,62.89,229342,272690,-15.89
5205,中茂,2022-04,tpex,綠能環保,142,786,1438,-81.93,-90.12,2332,4491,-48.07
5432,新門,2022-04,tpex,綠能環保,21426,17110,3242,25.22,560.88,65320,23260,180.82
6624,萬年清,2022-04,tpex,綠能環保,18007,10850,9350,65.96,92.58,50813,53762,-5.48
6692,進能服,2022-04,tpex,綠能環保,97637,267138,148755,-63.45,-34.36,468733,594203,-21.11
6803,崑鼎,2022-04,tpex,綠能環保,500049,519244,426190,-3.69,17.33,2087462,1842522,13.29
6894,衛司特,2022-04,tpex,綠能環保,82622,0,39711,,108.05,273652,189365,44.51
8087,麗升能源,2022-04,tpex,綠能環保,5718,6255,3053,-8.58,87.29,23697,17132,38.32
8171,天宇,2022-04,tpex,綠能環保,135324,195728,70055,-30.86,93.16,444123,138286,221.16
8390,金益鼎,2022-04,tpex,綠能環保,326728,346317,294710,-5.65,10.86,1156458,1179534,-1.95
8440,綠電,2022-04,tpex,綠能環保,75280,83730,67082,-10.09,12.22,285401,255357,11.76
2640,大車隊,2022-04,tpex,數位雲端,196404,212273,183959,-7.47,6.76,822884,704062,16.87
3085,新零售,2022-04,tpex,數位雲端,24265,13033,4125,86.18,488.24,61359,17299,254.69
3687,歐買尬,2022-04,tpex,數位雲端,130142,145734,113097,-10.69,15.07,532061,462709,14.98
5278,尚凡*,2022-04,tpex,數位雲端,141679,142827,116527,-0.80,21.58,573927,458389,25.20
5287,數字,2022-04,tpex,數位雲端,161109,157437,137633,2.33,17.05,607465,528549,14.93
5321,美而快,2022-04,tpex,數位雲端,212073,258002,227780,-17.80,-6.89,945730,857376,10.30
6236,中湛,2022-04,tpex,數位雲端,5201,2245,2385,131.67,118.07,12984,11945,8.69
6690,安碁資訊,2022-04,tpex,數位雲端,119434,142819,54440,-16.37,119.38,478426,234405,104.10
6763,綠界科技*,2022-04,tpex,數位雲端,114517,128323,101113,-10.75,13.25,470959,411333,14.49
6811,宏碁資訊,2022-04,tpex,數位雲端,577031,567782,425680,1.62,35.55,2200006,1795918,22.50
6865,偉康科技,2022-04,tpex,數位雲端,37013,46420,25803,-20.26,43.44,146909,115658,27.02
6870,騰雲,2022-04,tpex,數位雲端,30590,38904,27929,-21.37,9.52,142583,107336,32.83
7547,碩網,2022-04,tpex,數位雲端,13194,10103,12051,30.59,9.48,49658,43825,13.30
8044,網家,2022-04,tpex,數位雲端,3411043,3738022,3410554,-8.74,0.01,15120480,14900904,1.47
8472,納維康,2022-04,tpex,數位雲端,20347,28522,35243,-28.66,-42.26,91774,134616,-31.82
8477,創業家,2022-04,tpex,數位雲端,200460,221737,262801,-9.59,-23.72,888364,1184090,-24.97
8932,智通*,2022-04,tpex,數位雲端,62686,123893,113740,-49.40,-44.88,368960,339733,8.60
1593,祺驊,2022-04,tpex,運動休閒,51202,47663,117827,7.42,-56.54,221918,383604,-42.14
5348,正能量智能,2022-04,tpex,運動休閒,11760,11826,10792,-0.55,8.96,40989,32570,25.84
6804,明係,2022-04,tpex,運動休閒,252832,243621,156323,3.78,61.73,926801,618877,49.75
8924,大田,2022-04,tpex,運動休閒,773787,740826,635842,4.44,21.69,2304008,2057504,11.98
8928,鉅明,2022-04,tpex,運動休閒,371138,294869,253560,25.86,46.37,1229002,970324,26.65
8933,愛地雅,2022-04,tpex,運動休閒,412389,462327,315209,-10.80,30.83,1543628,1230180,25.47
8938,明安,2022-04,tpex,運動休閒,2217859,1703747,1652530,30.17,34.20,7199071,5658860,27.21
9960,邁達康,2022-04,tpex,運動休閒,86754,60275,73996,43.93,17.24,256871,315546,-18.59
2230,泰茂,2022-04,tpex,居家生活,43174,38002,54586,13.60,-20.90,161203,202252,-20.29
2916,滿心,2022-04,tpex,居家生活,97457,114950,124288,-15.21,-21.58,485948,518347,-6.25
2937,集雅社,2022-04,tpex,居家生活,274897,277081,227386,-0.78,20.89,1181010,950137,24.29
2941,米斯特,2022-04,tpex,居家生活,28406,29360,27511,-3.24,3.25,151206,126225,19.79
2947,振宇五金,2022-04,tpex,居家生活,150292,148829,137633,0.98,9.19,586255,552661,6.07
2948,寶陞,2022-04,tpex,居家生活,219869,195005,179871,12.75,22.23,737120,615639,19.73
3067,全域,2022-04,tpex,居家生活,5227,528,4527,889.96,15.46,17062,9939,71.66
3171,炎洲流通,2022-04,tpex,居家生活,151378,151389,157823,-0.00,-4.08,584844,594067,-1.55
4609,唐鋒,2022-04,tpex,居家生活,9365,10406,17782,-10.00,-47.33,35992,74336,-51.58
4702,中美實,2022-04,tpex,居家生活,82822,115700,116580,-28.41,-28.95,512127,532204,-3.77
5902,德記,2022-04,tpex,居家生活,177288,218396,137457,-18.82,28.97,744627,525331,41.74
5903,全家,2022-04,tpex,居家生活,7268331,7367329,7034902,-1.34,3.31,28261860,27876855,1.38
5904,寶雅*,2022-04,tpex,居家生活,1500796,1465272,1449265,2.42,3.55,6214069,6171043,0.69
6195,詩肯,2022-04,tpex,居家生活,207788,181659,184331,14.38,12.72,868426,829764,4.65
6728,上洋,2022-04,tpex,居家生活,346902,221194,218366,56.83,58.86,929837,611839,51.97
8066,來思達,2022-04,tpex,居家生活,491026,506308,612950,-3.01,-19.89,1814904,2120444,-14.40
8433,弘帆,2022-04,tpex,居家生活,269580,226409,194373,19.06,38.69,952497,721348,32.04
8941,關中,2022-04,tpex,居家生活,270641,317068,283370,-14.64,-4.49,1108541,921629,20.28
